video_path,action,species,parent_class
./video/animalkingdom_augmented/AAOYRUDX_aug0.mp4,Walking,Elephant,Mammal
./video/animalkingdom_augmented/AAOYRUDX_aug1.mp4,Walking,Elephant,Mammal
./video/animalkingdom_augmented/AAOYRUDX_aug2.mp4,Walking,Elephant,Mammal
./video/animalkingdom_augmented/AAUQSVYU_aug0.mp4,Walking,Leopard,Mammal
./video/animalkingdom_augmented/AAUQSVYU_aug1.mp4,Walking,Leopard,Mammal
./video/animalkingdom_augmented/AAUQSVYU_aug2.mp4,Walking,Leopard,Mammal
./video/animalkingdom_augmented/ABFLNBQT_aug0.mp4,Attending,Raffles Banded Langur,Mammal
./video/animalkingdom_augmented/ABFLNBQT_aug1.mp4,Attending,Raffles Banded Langur,Mammal
./video/animalkingdom_augmented/ABFLNBQT_aug2.mp4,Attending,Raffles Banded Langur,Mammal
./video/animalkingdom_augmented/ABNMGXGD_aug0.mp4,Eating,Horse,Mammal
./video/animalkingdom_augmented/ABNMGXGD_aug1.mp4,Eating,Horse,Mammal
./video/animalkingdom_augmented/ABNMGXGD_aug2.mp4,Eating,Horse,Mammal
./video/animalkingdom_augmented/ADAACXGD_aug0.mp4,Running,Horse,Mammal
./video/animalkingdom_augmented/ADAACXGD_aug1.mp4,Running,Horse,Mammal
./video/animalkingdom_augmented/ADAACXGD_aug2.mp4,Running,Horse,Mammal
./video/animalkingdom_augmented/ADPMWRAC_aug0.mp4,Sensing,Jaguarundi Cat,Mammal
./video/animalkingdom_augmented/ADPMWRAC_aug1.mp4,Sensing,Jaguarundi Cat,Mammal
./video/animalkingdom_augmented/ADPMWRAC_aug2.mp4,Sensing,Jaguarundi Cat,Mammal
./video/animalkingdom_augmented/AEHRLGCS_aug0.mp4,Walking,Giraffe,Mammal
./video/animalkingdom_augmented/AEHRLGCS_aug1.mp4,Walking,Giraffe,Mammal
./video/animalkingdom_augmented/AEHRLGCS_aug2.mp4,Walking,Giraffe,Mammal
./video/animalkingdom_augmented/AELXQBME_aug0.mp4,Running,Horse,Mammal
./video/animalkingdom_augmented/AELXQBME_aug1.mp4,Running,Horse,Mammal
./video/animalkingdom_augmented/AELXQBME_aug2.mp4,Running,Horse,Mammal
./video/animalkingdom_augmented/AEQVOUDX_aug0.mp4,Walking,Elephant,Mammal
./video/animalkingdom_augmented/AEQVOUDX_aug1.mp4,Walking,Elephant,Mammal
./video/animalkingdom_augmented/AEQVOUDX_aug2.mp4,Walking,Elephant,Mammal
./video/animalkingdom_augmented/AEZTBKEW_aug0.mp4,Keeping still,Rabbit,Mammal
./video/animalkingdom_augmented/AEZTBKEW_aug1.mp4,Keeping still,Rabbit,Mammal
./video/animalkingdom_augmented/AEZTBKEW_aug2.mp4,Keeping still,Rabbit,Mammal
./video/animalkingdom_augmented/AFIQFBQT_aug0.mp4,Keeping still,Bat,Mammal
./video/animalkingdom_augmented/AFIQFBQT_aug1.mp4,Keeping still,Bat,Mammal
./video/animalkingdom_augmented/AFIQFBQT_aug2.mp4,Keeping still,Bat,Mammal
./video/animalkingdom_augmented/AFLPRFGA_aug0.mp4,Running,Wild Dog,Mammal
./video/animalkingdom_augmented/AFLPRFGA_aug1.mp4,Running,Wild Dog,Mammal
./video/animalkingdom_augmented/AFLPRFGA_aug2.mp4,Running,Wild Dog,Mammal
./video/animalkingdom_augmented/AGELRXDO_aug0.mp4,Walking,Tiger,Mammal
./video/animalkingdom_augmented/AGELRXDO_aug1.mp4,Walking,Tiger,Mammal
./video/animalkingdom_augmented/AGELRXDO_aug2.mp4,Walking,Tiger,Mammal
./video/animalkingdom_augmented/AHAEZVYU_aug0.mp4,Walking,Leopard,Mammal
./video/animalkingdom_augmented/AHAEZVYU_aug1.mp4,Walking,Leopard,Mammal
./video/animalkingdom_augmented/AHAEZVYU_aug2.mp4,Walking,Leopard,Mammal
./video/animalkingdom_augmented/AHCNIRAC_aug0.mp4,Running,White Nosed Coati,Mammal
./video/animalkingdom_augmented/AHCNIRAC_aug1.mp4,Running,White Nosed Coati,Mammal
./video/animalkingdom_augmented/AHCNIRAC_aug2.mp4,Running,White Nosed Coati,Mammal
./video/animalkingdom_augmented/AIEPABQT_aug0.mp4,Jumping,Raffles Banded Langur,Mammal
./video/animalkingdom_augmented/AIEPABQT_aug1.mp4,Jumping,Raffles Banded Langur,Mammal
./video/animalkingdom_augmented/AIEPABQT_aug2.mp4,Jumping,Raffles Banded Langur,Mammal
./video/animalkingdom_augmented/AITARXDO_aug0.mp4,Walking,Zebra,Mammal
./video/animalkingdom_augmented/AITARXDO_aug1.mp4,Walking,Zebra,Mammal
./video/animalkingdom_augmented/AITARXDO_aug2.mp4,Walking,Zebra,Mammal
./video/animalkingdom_augmented/AJCINFGA_aug0.mp4,Walking,Caribou,Mammal
./video/animalkingdom_augmented/AJCINFGA_aug1.mp4,Walking,Caribou,Mammal
./video/animalkingdom_augmented/AJCINFGA_aug2.mp4,Walking,Caribou,Mammal
./video/animalkingdom_augmented/AJGHONSU_aug0.mp4,Walking,Hyena,Mammal
./video/animalkingdom_augmented/AJGHONSU_aug1.mp4,Walking,Hyena,Mammal
./video/animalkingdom_augmented/AJGHONSU_aug2.mp4,Walking,Hyena,Mammal
./video/animalkingdom_augmented/AJWSYUDX_aug0.mp4,Running,Cheetah,Mammal
./video/animalkingdom_augmented/AJWSYUDX_aug1.mp4,Running,Cheetah,Mammal
./video/animalkingdom_augmented/AJWSYUDX_aug2.mp4,Running,Cheetah,Mammal
./video/animalkingdom_augmented/AKCLZBQT_aug0.mp4,Eating,Otter,Mammal
./video/animalkingdom_augmented/AKCLZBQT_aug1.mp4,Eating,Otter,Mammal
./video/animalkingdom_augmented/AKCLZBQT_aug2.mp4,Eating,Otter,Mammal
./video/animalkingdom_augmented/AKERJNSU_aug0.mp4,Sensing,Hyena,Mammal
./video/animalkingdom_augmented/AKERJNSU_aug1.mp4,Sensing,Hyena,Mammal
./video/animalkingdom_augmented/AKERJNSU_aug2.mp4,Sensing,Hyena,Mammal
./video/animalkingdom_augmented/AKXVOXGD_aug0.mp4,Eating,Horse,Mammal
./video/animalkingdom_augmented/AKXVOXGD_aug1.mp4,Eating,Horse,Mammal
./video/animalkingdom_augmented/AKXVOXGD_aug2.mp4,Eating,Horse,Mammal
./video/animalkingdom_augmented/AMCTZTHG_aug0.mp4,Jumping,Lesser Spot Nosed Monkey,Mammal
./video/animalkingdom_augmented/AMCTZTHG_aug1.mp4,Jumping,Lesser Spot Nosed Monkey,Mammal
./video/animalkingdom_augmented/AMCTZTHG_aug2.mp4,Jumping,Lesser Spot Nosed Monkey,Mammal
./video/animalkingdom_augmented/AMDKPEQQ_aug0.mp4,Sensing,Sloth,Mammal
./video/animalkingdom_augmented/AMDKPEQQ_aug1.mp4,Sensing,Sloth,Mammal
./video/animalkingdom_augmented/AMDKPEQQ_aug2.mp4,Sensing,Sloth,Mammal
./video/animalkingdom_augmented/AMVCDFGA_aug0.mp4,Walking,Polar Bear,Mammal
./video/animalkingdom_augmented/AMVCDFGA_aug1.mp4,Walking,Polar Bear,Mammal
./video/animalkingdom_augmented/AMVCDFGA_aug2.mp4,Walking,Polar Bear,Mammal
./video/animalkingdom_augmented/AMZSRXGD_aug0.mp4,Running,Horse,Mammal
./video/animalkingdom_augmented/AMZSRXGD_aug1.mp4,Running,Horse,Mammal
./video/animalkingdom_augmented/AMZSRXGD_aug2.mp4,Running,Horse,Mammal
./video/animalkingdom_augmented/ANVGYRAC_aug0.mp4,Running,White Nosed Coati,Mammal
./video/animalkingdom_augmented/ANVGYRAC_aug1.mp4,Running,White Nosed Coati,Mammal
./video/animalkingdom_augmented/ANVGYRAC_aug2.mp4,Running,White Nosed Coati,Mammal
./video/animalkingdom_augmented/ANVSTEUL_aug0.mp4,Keeping still,African Wild Boar,Mammal
./video/animalkingdom_augmented/ANVSTEUL_aug1.mp4,Keeping still,African Wild Boar,Mammal
./video/animalkingdom_augmented/ANVSTEUL_aug2.mp4,Keeping still,African Wild Boar,Mammal
./video/animalkingdom_augmented/AOBXIFGA_aug0.mp4,Walking,Polar Bear,Mammal
./video/animalkingdom_augmented/AOBXIFGA_aug1.mp4,Walking,Polar Bear,Mammal
./video/animalkingdom_augmented/AOBXIFGA_aug2.mp4,Walking,Polar Bear,Mammal
./video/animalkingdom_augmented/AOZWOKEW_aug0.mp4,Running,Pika,Mammal
./video/animalkingdom_augmented/AOZWOKEW_aug1.mp4,Running,Pika,Mammal
./video/animalkingdom_augmented/AOZWOKEW_aug2.mp4,Running,Pika,Mammal
./video/animalkingdom_augmented/APDAFUPH_aug0.mp4,Eating,Chamois Goat Antelope,Mammal
./video/animalkingdom_augmented/APDAFUPH_aug1.mp4,Eating,Chamois Goat Antelope,Mammal
./video/animalkingdom_augmented/APDAFUPH_aug2.mp4,Eating,Chamois Goat Antelope,Mammal
./video/animalkingdom_augmented/AQMNPCEI_aug0.mp4,Eating,Chimpanzee,Mammal
./video/animalkingdom_augmented/AQMNPCEI_aug1.mp4,Eating,Chimpanzee,Mammal
./video/animalkingdom_augmented/AQMNPCEI_aug2.mp4,Eating,Chimpanzee,Mammal
./video/animalkingdom_augmented/AQXRTRAC_aug0.mp4,Walking,White Nosed Coati,Mammal
./video/animalkingdom_augmented/AQXRTRAC_aug1.mp4,Walking,White Nosed Coati,Mammal
./video/animalkingdom_augmented/AQXRTRAC_aug2.mp4,Walking,White Nosed Coati,Mammal
./video/animalkingdom_augmented/ARELNVYU_aug0.mp4,Walking,Leopard,Mammal
./video/animalkingdom_augmented/ARELNVYU_aug1.mp4,Walking,Leopard,Mammal
./video/animalkingdom_augmented/ARELNVYU_aug2.mp4,Walking,Leopard,Mammal
./video/animalkingdom_augmented/ARXXWUDX_aug0.mp4,Walking,Elephant,Mammal
./video/animalkingdom_augmented/ARXXWUDX_aug1.mp4,Walking,Elephant,Mammal
./video/animalkingdom_augmented/ARXXWUDX_aug2.mp4,Walking,Elephant,Mammal
./video/animalkingdom_augmented/ATKVVFFP_aug0.mp4,Running,Otter,Mammal
./video/animalkingdom_augmented/ATKVVFFP_aug1.mp4,Running,Otter,Mammal
./video/animalkingdom_augmented/ATKVVFFP_aug2.mp4,Running,Otter,Mammal
./video/animalkingdom_augmented/ATMATAMC_aug0.mp4,Walking,Lion,Mammal
./video/animalkingdom_augmented/ATMATAMC_aug1.mp4,Walking,Lion,Mammal
./video/animalkingdom_augmented/ATMATAMC_aug2.mp4,Walking,Lion,Mammal
./video/animalkingdom_augmented/ATRFLUDX_aug0.mp4,Walking,Cheetah,Mammal
./video/animalkingdom_augmented/ATRFLUDX_aug1.mp4,Walking,Cheetah,Mammal
./video/animalkingdom_augmented/ATRFLUDX_aug2.mp4,Walking,Cheetah,Mammal
./video/animalkingdom_augmented/AUHJYBQT_aug0.mp4,Walking,Pangolin,Mammal
./video/animalkingdom_augmented/AUHJYBQT_aug1.mp4,Walking,Pangolin,Mammal
./video/animalkingdom_augmented/AUHJYBQT_aug2.mp4,Walking,Pangolin,Mammal
./video/animalkingdom_augmented/AVDZYRAC_aug0.mp4,Jumping,Red-Blacked Squirrel Monkey,Mammal
./video/animalkingdom_augmented/AVDZYRAC_aug1.mp4,Jumping,Red-Blacked Squirrel Monkey,Mammal
./video/animalkingdom_augmented/AVDZYRAC_aug2.mp4,Jumping,Red-Blacked Squirrel Monkey,Mammal
./video/animalkingdom_augmented/AXMSEBQT_aug0.mp4,Eating,Plantain Squirrel,Mammal
./video/animalkingdom_augmented/AXMSEBQT_aug1.mp4,Eating,Plantain Squirrel,Mammal
./video/animalkingdom_augmented/AXMSEBQT_aug2.mp4,Eating,Plantain Squirrel,Mammal
./video/animalkingdom_augmented/AXQNBRAC_aug0.mp4,Walking,Tamandua,Mammal
./video/animalkingdom_augmented/AXQNBRAC_aug1.mp4,Walking,Tamandua,Mammal
./video/animalkingdom_augmented/AXQNBRAC_aug2.mp4,Walking,Tamandua,Mammal
./video/animalkingdom_augmented/AXRCVHGA_aug0.mp4,Attending,Meerkat,Mammal
./video/animalkingdom_augmented/AXRCVHGA_aug1.mp4,Attending,Meerkat,Mammal
./video/animalkingdom_augmented/AXRCVHGA_aug2.mp4,Attending,Meerkat,Mammal
./video/animalkingdom_augmented/AXZDBXGD_aug0.mp4,Running,Horse,Mammal
./video/animalkingdom_augmented/AXZDBXGD_aug1.mp4,Running,Horse,Mammal
./video/animalkingdom_augmented/AXZDBXGD_aug2.mp4,Running,Horse,Mammal
./video/animalkingdom_augmented/AYJBKXGD_aug0.mp4,Running,Horse,Mammal
./video/animalkingdom_augmented/AYJBKXGD_aug1.mp4,Running,Horse,Mammal
./video/animalkingdom_augmented/AYJBKXGD_aug2.mp4,Running,Horse,Mammal
./video/animalkingdom_augmented/AZFKGBQT_aug0.mp4,Keeping still,Raffles Banded Langur,Mammal
./video/animalkingdom_augmented/AZFKGBQT_aug1.mp4,Keeping still,Raffles Banded Langur,Mammal
./video/animalkingdom_augmented/AZFKGBQT_aug2.mp4,Keeping still,Raffles Banded Langur,Mammal
./video/animalkingdom_augmented/AZJDCNBD_aug0.mp4,Keeping still,Sambar Deer,Mammal
./video/animalkingdom_augmented/AZJDCNBD_aug1.mp4,Keeping still,Sambar Deer,Mammal
./video/animalkingdom_augmented/AZJDCNBD_aug2.mp4,Keeping still,Sambar Deer,Mammal
./video/animalkingdom_augmented/AZKGTXGD_aug0.mp4,Eating,Kangaroo,Mammal
./video/animalkingdom_augmented/AZKGTXGD_aug1.mp4,Eating,Kangaroo,Mammal
./video/animalkingdom_augmented/AZKGTXGD_aug2.mp4,Eating,Kangaroo,Mammal
./video/animalkingdom_augmented/AZNCEFGA_aug0.mp4,Walking,Wolf,Mammal
./video/animalkingdom_augmented/AZNCEFGA_aug1.mp4,Walking,Wolf,Mammal
./video/animalkingdom_augmented/AZNCEFGA_aug2.mp4,Walking,Wolf,Mammal
./video/animalkingdom_augmented/BAAOFDFC_aug0.mp4,Walking,Cow,Mammal
./video/animalkingdom_augmented/BAAOFDFC_aug1.mp4,Walking,Cow,Mammal
./video/animalkingdom_augmented/BAAOFDFC_aug2.mp4,Walking,Cow,Mammal
./video/animalkingdom_augmented/BAOEEXDO_aug0.mp4,Walking,Tiger,Mammal
./video/animalkingdom_augmented/BAOEEXDO_aug1.mp4,Walking,Tiger,Mammal
./video/animalkingdom_augmented/BAOEEXDO_aug2.mp4,Walking,Tiger,Mammal
./video/animalkingdom_augmented/BCNECXGD_aug0.mp4,Sensing,Horse,Mammal
./video/animalkingdom_augmented/BCNECXGD_aug1.mp4,Sensing,Horse,Mammal
./video/animalkingdom_augmented/BCNECXGD_aug2.mp4,Sensing,Horse,Mammal
./video/animalkingdom_augmented/BCRMLRAC_aug0.mp4,Walking,Jaguarundi Cat,Mammal
./video/animalkingdom_augmented/BCRMLRAC_aug1.mp4,Walking,Jaguarundi Cat,Mammal
./video/animalkingdom_augmented/BCRMLRAC_aug2.mp4,Walking,Jaguarundi Cat,Mammal
./video/animalkingdom_augmented/BDJKOTCN_aug0.mp4,Eating,Horse Young,Mammal
./video/animalkingdom_augmented/BDJKOTCN_aug1.mp4,Eating,Horse Young,Mammal
./video/animalkingdom_augmented/BDJKOTCN_aug2.mp4,Eating,Horse Young,Mammal
./video/animalkingdom_augmented/BDPCQXGD_aug0.mp4,Eating,Horse,Mammal
./video/animalkingdom_augmented/BDPCQXGD_aug1.mp4,Eating,Horse,Mammal
./video/animalkingdom_augmented/BDPCQXGD_aug2.mp4,Eating,Horse,Mammal
./video/animalkingdom_augmented/BDRBLXGD_aug0.mp4,Sensing,Horse,Mammal
./video/animalkingdom_augmented/BDRBLXGD_aug1.mp4,Sensing,Horse,Mammal
./video/animalkingdom_augmented/BDRBLXGD_aug2.mp4,Sensing,Horse,Mammal
./video/animalkingdom_augmented/BDZOOUDX_aug0.mp4,Running,Cheetah,Mammal
./video/animalkingdom_augmented/BDZOOUDX_aug1.mp4,Running,Cheetah,Mammal
./video/animalkingdom_augmented/BDZOOUDX_aug2.mp4,Running,Cheetah,Mammal
./video/animalkingdom_augmented/BEQEFNPL_aug0.mp4,Jumping,Squirrel,Mammal
./video/animalkingdom_augmented/BEQEFNPL_aug1.mp4,Jumping,Squirrel,Mammal
./video/animalkingdom_augmented/BEQEFNPL_aug2.mp4,Jumping,Squirrel,Mammal
./video/animalkingdom_augmented/BERFBXGD_aug0.mp4,Running,Horse,Mammal
./video/animalkingdom_augmented/BERFBXGD_aug1.mp4,Running,Horse,Mammal
./video/animalkingdom_augmented/BERFBXGD_aug2.mp4,Running,Horse,Mammal
./video/animalkingdom_augmented/BERIIXGD_aug0.mp4,Running,Horse,Mammal
./video/animalkingdom_augmented/BERIIXGD_aug1.mp4,Running,Horse,Mammal
./video/animalkingdom_augmented/BERIIXGD_aug2.mp4,Running,Horse,Mammal
./video/animalkingdom_augmented/BFLIAVMS_aug0.mp4,Eating,Greater Mouse Deer,Mammal
./video/animalkingdom_augmented/BFLIAVMS_aug1.mp4,Eating,Greater Mouse Deer,Mammal
./video/animalkingdom_augmented/BFLIAVMS_aug2.mp4,Eating,Greater Mouse Deer,Mammal
./video/animalkingdom_augmented/BFRBZXGD_aug0.mp4,Running,Horse,Mammal
./video/animalkingdom_augmented/BFRBZXGD_aug1.mp4,Running,Horse,Mammal
./video/animalkingdom_augmented/BFRBZXGD_aug2.mp4,Running,Horse,Mammal
./video/animalkingdom_augmented/BGDXIHGA_aug0.mp4,Attending,Coati,Mammal
./video/animalkingdom_augmented/BGDXIHGA_aug1.mp4,Attending,Coati,Mammal
./video/animalkingdom_augmented/BGDXIHGA_aug2.mp4,Attending,Coati,Mammal
./video/animalkingdom_augmented/BGWLXICI_aug0.mp4,Walking,Cheetah,Mammal
./video/animalkingdom_augmented/BGWLXICI_aug1.mp4,Walking,Cheetah,Mammal
./video/animalkingdom_augmented/BGWLXICI_aug2.mp4,Walking,Cheetah,Mammal
./video/animalkingdom_augmented/BHIXVIMN_aug0.mp4,Walking,Sumatran Hog Badger,Mammal
./video/animalkingdom_augmented/BHIXVIMN_aug1.mp4,Walking,Sumatran Hog Badger,Mammal
./video/animalkingdom_augmented/BHIXVIMN_aug2.mp4,Walking,Sumatran Hog Badger,Mammal
./video/animalkingdom_augmented/BHSJGBQT_aug0.mp4,Eating,Plantain Squirrel,Mammal
./video/animalkingdom_augmented/BHSJGBQT_aug1.mp4,Eating,Plantain Squirrel,Mammal
./video/animalkingdom_augmented/BHSJGBQT_aug2.mp4,Eating,Plantain Squirrel,Mammal
./video/animalkingdom_augmented/BHYFNSMJ_aug0.mp4,Walking,Marshbuck,Mammal
./video/animalkingdom_augmented/BHYFNSMJ_aug1.mp4,Walking,Marshbuck,Mammal
./video/animalkingdom_augmented/BHYFNSMJ_aug2.mp4,Walking,Marshbuck,Mammal
./video/animalkingdom_augmented/BKHMIBQT_aug0.mp4,Eating,Raffles Banded Langur,Mammal
./video/animalkingdom_augmented/BKHMIBQT_aug1.mp4,Eating,Raffles Banded Langur,Mammal
./video/animalkingdom_augmented/BKHMIBQT_aug2.mp4,Eating,Raffles Banded Langur,Mammal
./video/animalkingdom_augmented/BKZSLUDX_aug0.mp4,Walking,African Oryx,Mammal
./video/animalkingdom_augmented/BKZSLUDX_aug1.mp4,Walking,African Oryx,Mammal
./video/animalkingdom_augmented/BKZSLUDX_aug2.mp4,Walking,African Oryx,Mammal
./video/animalkingdom_augmented/BKZWMUDX_aug0.mp4,Walking,Elephant,Mammal
./video/animalkingdom_augmented/BKZWMUDX_aug1.mp4,Walking,Elephant,Mammal
./video/animalkingdom_augmented/BKZWMUDX_aug2.mp4,Walking,Elephant,Mammal
./video/animalkingdom_augmented/BLUEYBQT_aug0.mp4,Jumping,Raffles Banded Langur,Mammal
./video/animalkingdom_augmented/BLUEYBQT_aug1.mp4,Jumping,Raffles Banded Langur,Mammal
./video/animalkingdom_augmented/BLUEYBQT_aug2.mp4,Jumping,Raffles Banded Langur,Mammal
./video/animalkingdom_augmented/BLWNMRAC_aug0.mp4,Walking,Jaguarundi Cat,Mammal
./video/animalkingdom_augmented/BLWNMRAC_aug1.mp4,Walking,Jaguarundi Cat,Mammal
./video/animalkingdom_augmented/BLWNMRAC_aug2.mp4,Walking,Jaguarundi Cat,Mammal
./video/animalkingdom_augmented/BLXHYXGD_aug0.mp4,Running,Horse,Mammal
./video/animalkingdom_augmented/BLXHYXGD_aug1.mp4,Running,Horse,Mammal
./video/animalkingdom_augmented/BLXHYXGD_aug2.mp4,Running,Horse,Mammal
./video/animalkingdom_augmented/BMBRTUDX_aug0.mp4,Running,Cheetah,Mammal
./video/animalkingdom_augmented/BMBRTUDX_aug1.mp4,Running,Cheetah,Mammal
./video/animalkingdom_augmented/BMBRTUDX_aug2.mp4,Running,Cheetah,Mammal
./video/animalkingdom_augmented/BMLXIQCN_aug0.mp4,Jumping,Ibex,Mammal
./video/animalkingdom_augmented/BMLXIQCN_aug1.mp4,Jumping,Ibex,Mammal
./video/animalkingdom_augmented/BMLXIQCN_aug2.mp4,Jumping,Ibex,Mammal
./video/animalkingdom_augmented/BRAOUNSU_aug0.mp4,Sensing,Hyena,Mammal
./video/animalkingdom_augmented/BRAOUNSU_aug1.mp4,Sensing,Hyena,Mammal
./video/animalkingdom_augmented/BRAOUNSU_aug2.mp4,Sensing,Hyena,Mammal
./video/animalkingdom_augmented/BRFICAMC_aug0.mp4,Walking,Lion,Mammal
./video/animalkingdom_augmented/BRFICAMC_aug1.mp4,Walking,Lion,Mammal
./video/animalkingdom_augmented/BRFICAMC_aug2.mp4,Walking,Lion,Mammal
./video/animalkingdom_augmented/BSVBMVMS_aug0.mp4,Eating,Boar,Mammal
./video/animalkingdom_augmented/BSVBMVMS_aug1.mp4,Eating,Boar,Mammal
./video/animalkingdom_augmented/BSVBMVMS_aug2.mp4,Eating,Boar,Mammal
./video/animalkingdom_augmented/BTCQJCNX_aug0.mp4,Eating,Wolf,Mammal
./video/animalkingdom_augmented/BTCQJCNX_aug1.mp4,Eating,Wolf,Mammal
./video/animalkingdom_augmented/BTCQJCNX_aug2.mp4,Eating,Wolf,Mammal
./video/animalkingdom_augmented/BTVKSBQT_aug0.mp4,Eating,Raffles Banded Langur,Mammal
./video/animalkingdom_augmented/BTVKSBQT_aug1.mp4,Eating,Raffles Banded Langur,Mammal
./video/animalkingdom_augmented/BTVKSBQT_aug2.mp4,Eating,Raffles Banded Langur,Mammal
./video/animalkingdom_augmented/BUISCDSN_aug0.mp4,Running,Desert Fox,Mammal
./video/animalkingdom_augmented/BUISCDSN_aug1.mp4,Running,Desert Fox,Mammal
./video/animalkingdom_augmented/BUISCDSN_aug2.mp4,Running,Desert Fox,Mammal
./video/animalkingdom_augmented/BUKNBBQT_aug0.mp4,Eating,Plantain Squirrel,Mammal
./video/animalkingdom_augmented/BUKNBBQT_aug1.mp4,Eating,Plantain Squirrel,Mammal
./video/animalkingdom_augmented/BUKNBBQT_aug2.mp4,Eating,Plantain Squirrel,Mammal
./video/animalkingdom_augmented/BVGMYKEW_aug0.mp4,Jumping,Stoat,Mammal
./video/animalkingdom_augmented/BVGMYKEW_aug1.mp4,Jumping,Stoat,Mammal
./video/animalkingdom_augmented/BVGMYKEW_aug2.mp4,Jumping,Stoat,Mammal
./video/animalkingdom_augmented/BVWLMXGD_aug0.mp4,Walking,Horse,Mammal
./video/animalkingdom_augmented/BVWLMXGD_aug1.mp4,Walking,Horse,Mammal
./video/animalkingdom_augmented/BVWLMXGD_aug2.mp4,Walking,Horse,Mammal
./video/animalkingdom_augmented/BWCJIRAC_aug0.mp4,Walking,Tamandua,Mammal
./video/animalkingdom_augmented/BWCJIRAC_aug1.mp4,Walking,Tamandua,Mammal
./video/animalkingdom_augmented/BWCJIRAC_aug2.mp4,Walking,Tamandua,Mammal
./video/animalkingdom_augmented/BWLFAFGA_aug0.mp4,Walking,Wolf,Mammal
./video/animalkingdom_augmented/BWLFAFGA_aug1.mp4,Walking,Wolf,Mammal
./video/animalkingdom_augmented/BWLFAFGA_aug2.mp4,Walking,Wolf,Mammal
./video/animalkingdom_augmented/BWPFNMYV_aug0.mp4,Keeping still,Mountain Gorilla,Mammal
./video/animalkingdom_augmented/BWPFNMYV_aug1.mp4,Keeping still,Mountain Gorilla,Mammal
./video/animalkingdom_augmented/BWPFNMYV_aug2.mp4,Keeping still,Mountain Gorilla,Mammal
./video/animalkingdom_augmented/BXBRADSN_aug0.mp4,Walking,Cheetah,Mammal
./video/animalkingdom_augmented/BXBRADSN_aug1.mp4,Walking,Cheetah,Mammal
./video/animalkingdom_augmented/BXBRADSN_aug2.mp4,Walking,Cheetah,Mammal
./video/animalkingdom_augmented/BXBXBUDX_aug0.mp4,Walking,Cheetah,Mammal
./video/animalkingdom_augmented/BXBXBUDX_aug1.mp4,Walking,Cheetah,Mammal
./video/animalkingdom_augmented/BXBXBUDX_aug2.mp4,Walking,Cheetah,Mammal
./video/animalkingdom_augmented/BYPZMFGA_aug0.mp4,Keeping still,Wildebeest,Mammal
./video/animalkingdom_augmented/BYPZMFGA_aug1.mp4,Keeping still,Wildebeest,Mammal
./video/animalkingdom_augmented/BYPZMFGA_aug2.mp4,Keeping still,Wildebeest,Mammal
./video/animalkingdom_augmented/BZFOLEZZ_aug0.mp4,Attending,Jackal,Mammal
./video/animalkingdom_augmented/BZFOLEZZ_aug1.mp4,Attending,Jackal,Mammal
./video/animalkingdom_augmented/BZFOLEZZ_aug2.mp4,Attending,Jackal,Mammal
./video/animalkingdom_augmented/BZWVJNSU_aug0.mp4,Running,Hyena,Mammal
./video/animalkingdom_augmented/BZWVJNSU_aug1.mp4,Running,Hyena,Mammal
./video/animalkingdom_augmented/BZWVJNSU_aug2.mp4,Running,Hyena,Mammal
./video/animalkingdom_augmented/CABQECNX_aug0.mp4,Walking,Wolf,Mammal
./video/animalkingdom_augmented/CABQECNX_aug1.mp4,Walking,Wolf,Mammal
./video/animalkingdom_augmented/CABQECNX_aug2.mp4,Walking,Wolf,Mammal
./video/animalkingdom_augmented/CAZKQXGD_aug0.mp4,Running,Horse,Mammal
./video/animalkingdom_augmented/CAZKQXGD_aug1.mp4,Running,Horse,Mammal
./video/animalkingdom_augmented/CAZKQXGD_aug2.mp4,Running,Horse,Mammal
./video/animalkingdom_augmented/CAZTCEBY_aug0.mp4,Sensing,Fox,Mammal
./video/animalkingdom_augmented/CAZTCEBY_aug1.mp4,Sensing,Fox,Mammal
./video/animalkingdom_augmented/CAZTCEBY_aug2.mp4,Sensing,Fox,Mammal
./video/animalkingdom_augmented/CBPNVFGA_aug0.mp4,Walking,Wildebeest,Mammal
./video/animalkingdom_augmented/CBPNVFGA_aug1.mp4,Walking,Wildebeest,Mammal
./video/animalkingdom_augmented/CBPNVFGA_aug2.mp4,Walking,Wildebeest,Mammal
./video/animalkingdom_augmented/CCKWWDSN_aug0.mp4,Walking,Markhor Goat,Mammal
./video/animalkingdom_augmented/CCKWWDSN_aug1.mp4,Walking,Markhor Goat,Mammal
./video/animalkingdom_augmented/CCKWWDSN_aug2.mp4,Walking,Markhor Goat,Mammal
./video/animalkingdom_augmented/CDHUDUDX_aug0.mp4,Walking,Cheetah,Mammal
./video/animalkingdom_augmented/CDHUDUDX_aug1.mp4,Walking,Cheetah,Mammal
./video/animalkingdom_augmented/CDHUDUDX_aug2.mp4,Walking,Cheetah,Mammal
./video/animalkingdom_augmented/CEBOCNPL_aug0.mp4,Eating,Squirrel,Mammal
./video/animalkingdom_augmented/CEBOCNPL_aug1.mp4,Eating,Squirrel,Mammal
./video/animalkingdom_augmented/CEBOCNPL_aug2.mp4,Eating,Squirrel,Mammal
./video/animalkingdom_augmented/CEIKSPIF_aug0.mp4,Attending,Grizzly Bear,Mammal
./video/animalkingdom_augmented/CEIKSPIF_aug1.mp4,Attending,Grizzly Bear,Mammal
./video/animalkingdom_augmented/CEIKSPIF_aug2.mp4,Attending,Grizzly Bear,Mammal
./video/animalkingdom_augmented/CEMIIXGD_aug0.mp4,Walking,Horse,Mammal
./video/animalkingdom_augmented/CEMIIXGD_aug1.mp4,Walking,Horse,Mammal
./video/animalkingdom_augmented/CEMIIXGD_aug2.mp4,Walking,Horse,Mammal
./video/animalkingdom_augmented/CGBRGVYU_aug0.mp4,Sensing,Leopard,Mammal
./video/animalkingdom_augmented/CGBRGVYU_aug1.mp4,Sensing,Leopard,Mammal
./video/animalkingdom_augmented/CGBRGVYU_aug2.mp4,Sensing,Leopard,Mammal
./video/animalkingdom_augmented/CGIQFVMP_aug0.mp4,Walking,Moose,Mammal
./video/animalkingdom_augmented/CGIQFVMP_aug1.mp4,Walking,Moose,Mammal
./video/animalkingdom_augmented/CGIQFVMP_aug2.mp4,Walking,Moose,Mammal
./video/animalkingdom_augmented/CGYOREBY_aug0.mp4,Eating,Fox,Mammal
./video/animalkingdom_augmented/CGYOREBY_aug1.mp4,Eating,Fox,Mammal
./video/animalkingdom_augmented/CGYOREBY_aug2.mp4,Eating,Fox,Mammal
./video/animalkingdom_augmented/CHRNUAMC_aug0.mp4,Sensing,Lion,Mammal
./video/animalkingdom_augmented/CHRNUAMC_aug1.mp4,Sensing,Lion,Mammal
./video/animalkingdom_augmented/CHRNUAMC_aug2.mp4,Sensing,Lion,Mammal
./video/animalkingdom_augmented/CITKIRAC_aug0.mp4,Walking,Capuchin Monkey,Mammal
./video/animalkingdom_augmented/CITKIRAC_aug1.mp4,Walking,Capuchin Monkey,Mammal
./video/animalkingdom_augmented/CITKIRAC_aug2.mp4,Walking,Capuchin Monkey,Mammal
./video/animalkingdom_augmented/CIWHUXGD_aug0.mp4,Eating,Horse,Mammal
./video/animalkingdom_augmented/CIWHUXGD_aug1.mp4,Eating,Horse,Mammal
./video/animalkingdom_augmented/CIWHUXGD_aug2.mp4,Eating,Horse,Mammal
./video/animalkingdom_augmented/CJJNTNPL_aug0.mp4,Eating,Squirrel,Mammal
./video/animalkingdom_augmented/CJJNTNPL_aug1.mp4,Eating,Squirrel,Mammal
./video/animalkingdom_augmented/CJJNTNPL_aug2.mp4,Eating,Squirrel,Mammal
./video/animalkingdom_augmented/CJOCVEBY_aug0.mp4,Sensing,Fox,Mammal
./video/animalkingdom_augmented/CJOCVEBY_aug1.mp4,Sensing,Fox,Mammal
./video/animalkingdom_augmented/CJOCVEBY_aug2.mp4,Sensing,Fox,Mammal
./video/animalkingdom_augmented/CKFVZXGD_aug0.mp4,Attending,Dog,Mammal
./video/animalkingdom_augmented/CKFVZXGD_aug1.mp4,Attending,Dog,Mammal
./video/animalkingdom_augmented/CKFVZXGD_aug2.mp4,Attending,Dog,Mammal
./video/animalkingdom_augmented/CKNJJBQT_aug0.mp4,Eating,Plantain Squirrel,Mammal
./video/animalkingdom_augmented/CKNJJBQT_aug1.mp4,Eating,Plantain Squirrel,Mammal
./video/animalkingdom_augmented/CKNJJBQT_aug2.mp4,Eating,Plantain Squirrel,Mammal
./video/animalkingdom_augmented/CKVQKNJC_aug0.mp4,Eating,Monkey,Mammal
./video/animalkingdom_augmented/CKVQKNJC_aug1.mp4,Eating,Monkey,Mammal
./video/animalkingdom_augmented/CKVQKNJC_aug2.mp4,Eating,Monkey,Mammal
./video/animalkingdom_augmented/CLDNLAMC_aug0.mp4,Sensing,Lion Young,Mammal
./video/animalkingdom_augmented/CLDNLAMC_aug1.mp4,Sensing,Lion Young,Mammal
./video/animalkingdom_augmented/CLDNLAMC_aug2.mp4,Sensing,Lion Young,Mammal
./video/animalkingdom_augmented/CLVFXBQT_aug0.mp4,Eating,Raffles Banded Langur,Mammal
./video/animalkingdom_augmented/CLVFXBQT_aug1.mp4,Eating,Raffles Banded Langur,Mammal
./video/animalkingdom_augmented/CLVFXBQT_aug2.mp4,Eating,Raffles Banded Langur,Mammal
./video/animalkingdom_augmented/CLYFEFKM_aug0.mp4,Keeping still,Meerkat,Mammal
./video/animalkingdom_augmented/CLYFEFKM_aug1.mp4,Keeping still,Meerkat,Mammal
./video/animalkingdom_augmented/CLYFEFKM_aug2.mp4,Keeping still,Meerkat,Mammal
./video/animalkingdom_augmented/CNNJIBQT_aug0.mp4,Jumping,Raffles Banded Langur,Mammal
./video/animalkingdom_augmented/CNNJIBQT_aug1.mp4,Jumping,Raffles Banded Langur,Mammal
./video/animalkingdom_augmented/CNNJIBQT_aug2.mp4,Jumping,Raffles Banded Langur,Mammal
./video/animalkingdom_augmented/CNUZUHGA_aug0.mp4,Walking,Cheetah,Mammal
./video/animalkingdom_augmented/CNUZUHGA_aug1.mp4,Walking,Cheetah,Mammal
./video/animalkingdom_augmented/CNUZUHGA_aug2.mp4,Walking,Cheetah,Mammal
./video/animalkingdom_augmented/COFRYBQT_aug0.mp4,Attending,Lesser Mousedeer,Mammal
./video/animalkingdom_augmented/COFRYBQT_aug1.mp4,Attending,Lesser Mousedeer,Mammal
./video/animalkingdom_augmented/COFRYBQT_aug2.mp4,Attending,Lesser Mousedeer,Mammal
./video/animalkingdom_augmented/COPCOXGD_aug0.mp4,Walking,Horse,Mammal
./video/animalkingdom_augmented/COPCOXGD_aug1.mp4,Walking,Horse,Mammal
./video/animalkingdom_augmented/COPCOXGD_aug2.mp4,Walking,Horse,Mammal
./video/animalkingdom_augmented/COQKMVYU_aug0.mp4,Attending,Leopard,Mammal
./video/animalkingdom_augmented/COQKMVYU_aug1.mp4,Attending,Leopard,Mammal
./video/animalkingdom_augmented/COQKMVYU_aug2.mp4,Attending,Leopard,Mammal
./video/animalkingdom_augmented/COWCRRLL_aug0.mp4,Attending,Mouse,Mammal
./video/animalkingdom_augmented/COWCRRLL_aug1.mp4,Attending,Mouse,Mammal
./video/animalkingdom_augmented/COWCRRLL_aug2.mp4,Attending,Mouse,Mammal
./video/animalkingdom_augmented/COYLUXGD_aug0.mp4,Walking,Horse,Mammal
./video/animalkingdom_augmented/COYLUXGD_aug1.mp4,Walking,Horse,Mammal
./video/animalkingdom_augmented/COYLUXGD_aug2.mp4,Walking,Horse,Mammal
./video/animalkingdom_augmented/CPOBLXGD_aug0.mp4,Sensing,Fox,Mammal
./video/animalkingdom_augmented/CPOBLXGD_aug1.mp4,Sensing,Fox,Mammal
./video/animalkingdom_augmented/CPOBLXGD_aug2.mp4,Sensing,Fox,Mammal
./video/animalkingdom_augmented/CQCWGBQT_aug0.mp4,Sensing,Raffles Banded Langur,Mammal
./video/animalkingdom_augmented/CQCWGBQT_aug1.mp4,Sensing,Raffles Banded Langur,Mammal
./video/animalkingdom_augmented/CQCWGBQT_aug2.mp4,Sensing,Raffles Banded Langur,Mammal
./video/animalkingdom_augmented/CREJWFGA_aug0.mp4,Walking,Wolf,Mammal
./video/animalkingdom_augmented/CREJWFGA_aug1.mp4,Walking,Wolf,Mammal
./video/animalkingdom_augmented/CREJWFGA_aug2.mp4,Walking,Wolf,Mammal
./video/animalkingdom_augmented/CSONVXGD_aug0.mp4,Jumping,Rabbit,Mammal
./video/animalkingdom_augmented/CSONVXGD_aug1.mp4,Jumping,Rabbit,Mammal
./video/animalkingdom_augmented/CSONVXGD_aug2.mp4,Jumping,Rabbit,Mammal
./video/animalkingdom_augmented/CSTTXXGD_aug0.mp4,Running,Horse,Mammal
./video/animalkingdom_augmented/CSTTXXGD_aug1.mp4,Running,Horse,Mammal
./video/animalkingdom_augmented/CSTTXXGD_aug2.mp4,Running,Horse,Mammal
./video/animalkingdom_augmented/CTRMJPIF_aug0.mp4,Walking,Polar Bear,Mammal
./video/animalkingdom_augmented/CTRMJPIF_aug1.mp4,Walking,Polar Bear,Mammal
./video/animalkingdom_augmented/CTRMJPIF_aug2.mp4,Walking,Polar Bear,Mammal
./video/animalkingdom_augmented/CUACAXGD_aug0.mp4,Running,Horse,Mammal
./video/animalkingdom_augmented/CUACAXGD_aug1.mp4,Running,Horse,Mammal
./video/animalkingdom_augmented/CUACAXGD_aug2.mp4,Running,Horse,Mammal
./video/animalkingdom_augmented/CUKQYVMW_aug0.mp4,Walking,Mouse,Mammal
./video/animalkingdom_augmented/CUKQYVMW_aug1.mp4,Walking,Mouse,Mammal
./video/animalkingdom_augmented/CUKQYVMW_aug2.mp4,Walking,Mouse,Mammal
./video/animalkingdom_augmented/CWDMGCEI_aug0.mp4,Eating,Chimpanzee,Mammal
./video/animalkingdom_augmented/CWDMGCEI_aug1.mp4,Eating,Chimpanzee,Mammal
./video/animalkingdom_augmented/CWDMGCEI_aug2.mp4,Eating,Chimpanzee,Mammal
./video/animalkingdom_augmented/CWLZEQCN_aug0.mp4,Walking,Ibex,Mammal
./video/animalkingdom_augmented/CWLZEQCN_aug1.mp4,Walking,Ibex,Mammal
./video/animalkingdom_augmented/CWLZEQCN_aug2.mp4,Walking,Ibex,Mammal
./video/animalkingdom_augmented/CXDJFXGD_aug0.mp4,Running,Horse,Mammal
./video/animalkingdom_augmented/CXDJFXGD_aug1.mp4,Running,Horse,Mammal
./video/animalkingdom_augmented/CXDJFXGD_aug2.mp4,Running,Horse,Mammal
./video/animalkingdom_augmented/CYPGOBME_aug0.mp4,Eating,Horse,Mammal
./video/animalkingdom_augmented/CYPGOBME_aug1.mp4,Eating,Horse,Mammal
./video/animalkingdom_augmented/CYPGOBME_aug2.mp4,Eating,Horse,Mammal
./video/animalkingdom_augmented/CZRSPDPR_aug0.mp4,Walking,Anteater,Mammal
./video/animalkingdom_augmented/CZRSPDPR_aug1.mp4,Walking,Anteater,Mammal
./video/animalkingdom_augmented/CZRSPDPR_aug2.mp4,Walking,Anteater,Mammal
./video/animalkingdom_augmented/CZXZAXGD_aug0.mp4,Walking,Mountain Pygmy Possum,Mammal
./video/animalkingdom_augmented/CZXZAXGD_aug1.mp4,Walking,Mountain Pygmy Possum,Mammal
./video/animalkingdom_augmented/CZXZAXGD_aug2.mp4,Walking,Mountain Pygmy Possum,Mammal
./video/animalkingdom_augmented/DABPQKEW_aug0.mp4,Running,Goat,Mammal
./video/animalkingdom_augmented/DABPQKEW_aug1.mp4,Running,Goat,Mammal
./video/animalkingdom_augmented/DABPQKEW_aug2.mp4,Running,Goat,Mammal
./video/animalkingdom_augmented/DAWAFGCS_aug0.mp4,Keeping still,Lion,Mammal
./video/animalkingdom_augmented/DAWAFGCS_aug1.mp4,Keeping still,Lion,Mammal
./video/animalkingdom_augmented/DAWAFGCS_aug2.mp4,Keeping still,Lion,Mammal
./video/animalkingdom_augmented/DBBCFXGD_aug0.mp4,Eating,Mountain Pygmy Possum,Mammal
./video/animalkingdom_augmented/DBBCFXGD_aug1.mp4,Eating,Mountain Pygmy Possum,Mammal
./video/animalkingdom_augmented/DBBCFXGD_aug2.mp4,Eating,Mountain Pygmy Possum,Mammal
./video/animalkingdom_augmented/DBMIBFFP_aug0.mp4,Sensing,Squirrel,Mammal
./video/animalkingdom_augmented/DBMIBFFP_aug1.mp4,Sensing,Squirrel,Mammal
./video/animalkingdom_augmented/DBMIBFFP_aug2.mp4,Sensing,Squirrel,Mammal
./video/animalkingdom_augmented/DCRKSUDX_aug0.mp4,Walking,Leopard,Mammal
./video/animalkingdom_augmented/DCRKSUDX_aug1.mp4,Walking,Leopard,Mammal
./video/animalkingdom_augmented/DCRKSUDX_aug2.mp4,Walking,Leopard,Mammal
./video/animalkingdom_augmented/DCXHQDSN_aug0.mp4,Running,Cheetah,Mammal
./video/animalkingdom_augmented/DCXHQDSN_aug1.mp4,Running,Cheetah,Mammal
./video/animalkingdom_augmented/DCXHQDSN_aug2.mp4,Running,Cheetah,Mammal
./video/animalkingdom_augmented/DDBBLRAC_aug0.mp4,Walking,Agouti,Mammal
./video/animalkingdom_augmented/DDBBLRAC_aug1.mp4,Walking,Agouti,Mammal
./video/animalkingdom_augmented/DDBBLRAC_aug2.mp4,Walking,Agouti,Mammal
./video/animalkingdom_augmented/DDEBABQT_aug0.mp4,Keeping still,Raffles Banded Langur,Mammal
./video/animalkingdom_augmented/DDEBABQT_aug1.mp4,Keeping still,Raffles Banded Langur,Mammal
./video/animalkingdom_augmented/DDEBABQT_aug2.mp4,Keeping still,Raffles Banded Langur,Mammal
./video/animalkingdom_augmented/DDSHFVYU_aug0.mp4,Walking,Leopard,Mammal
./video/animalkingdom_augmented/DDSHFVYU_aug1.mp4,Walking,Leopard,Mammal
./video/animalkingdom_augmented/DDSHFVYU_aug2.mp4,Walking,Leopard,Mammal
./video/animalkingdom_augmented/DDTEBBQT_aug0.mp4,Jumping,Raffles Banded Langur,Mammal
./video/animalkingdom_augmented/DDTEBBQT_aug1.mp4,Jumping,Raffles Banded Langur,Mammal
./video/animalkingdom_augmented/DDTEBBQT_aug2.mp4,Jumping,Raffles Banded Langur,Mammal
./video/animalkingdom_augmented/DEPOXNBD_aug0.mp4,Sensing,Binturong,Mammal
./video/animalkingdom_augmented/DEPOXNBD_aug1.mp4,Sensing,Binturong,Mammal
./video/animalkingdom_augmented/DEPOXNBD_aug2.mp4,Sensing,Binturong,Mammal
./video/animalkingdom_augmented/DEVMHVMS_aug0.mp4,Eating,Greater Mouse Deer,Mammal
./video/animalkingdom_augmented/DEVMHVMS_aug1.mp4,Eating,Greater Mouse Deer,Mammal
./video/animalkingdom_augmented/DEVMHVMS_aug2.mp4,Eating,Greater Mouse Deer,Mammal
./video/animalkingdom_augmented/DEZCRTHG_aug0.mp4,Walking,Red River Hog,Mammal
./video/animalkingdom_augmented/DEZCRTHG_aug1.mp4,Walking,Red River Hog,Mammal
./video/animalkingdom_augmented/DEZCRTHG_aug2.mp4,Walking,Red River Hog,Mammal
./video/animalkingdom_augmented/DGIRLTCN_aug0.mp4,Eating,Horse Young,Mammal
./video/animalkingdom_augmented/DGIRLTCN_aug1.mp4,Eating,Horse Young,Mammal
./video/animalkingdom_augmented/DGIRLTCN_aug2.mp4,Eating,Horse Young,Mammal
./video/animalkingdom_augmented/DGQFYFJG_aug0.mp4,Keeping still,Sambar Deer,Mammal
./video/animalkingdom_augmented/DGQFYFJG_aug1.mp4,Keeping still,Sambar Deer,Mammal
./video/animalkingdom_augmented/DGQFYFJG_aug2.mp4,Keeping still,Sambar Deer,Mammal
./video/animalkingdom_augmented/DGUKDBQT_aug0.mp4,Eating,Lesser Mousedeer,Mammal
./video/animalkingdom_augmented/DGUKDBQT_aug1.mp4,Eating,Lesser Mousedeer,Mammal
./video/animalkingdom_augmented/DGUKDBQT_aug2.mp4,Eating,Lesser Mousedeer,Mammal
./video/animalkingdom_augmented/DHGBLFGA_aug0.mp4,Walking,Wildebeest,Mammal
./video/animalkingdom_augmented/DHGBLFGA_aug1.mp4,Walking,Wildebeest,Mammal
./video/animalkingdom_augmented/DHGBLFGA_aug2.mp4,Walking,Wildebeest,Mammal
./video/animalkingdom_augmented/DHMLCBME_aug0.mp4,Walking,Horse,Mammal
./video/animalkingdom_augmented/DHMLCBME_aug1.mp4,Walking,Horse,Mammal
./video/animalkingdom_augmented/DHMLCBME_aug2.mp4,Walking,Horse,Mammal
./video/animalkingdom_augmented/DHRESNBD_aug0.mp4,Walking,Malayan Sun Bear,Mammal
./video/animalkingdom_augmented/DHRESNBD_aug1.mp4,Walking,Malayan Sun Bear,Mammal
./video/animalkingdom_augmented/DHRESNBD_aug2.mp4,Walking,Malayan Sun Bear,Mammal
./video/animalkingdom_augmented/DILOTWBC_aug0.mp4,Walking,Mongoose,Mammal
./video/animalkingdom_augmented/DILOTWBC_aug1.mp4,Walking,Mongoose,Mammal
./video/animalkingdom_augmented/DILOTWBC_aug2.mp4,Walking,Mongoose,Mammal
./video/animalkingdom_augmented/DJSSSXGD_aug0.mp4,Attending,Horse,Mammal
./video/animalkingdom_augmented/DJSSSXGD_aug1.mp4,Attending,Horse,Mammal
./video/animalkingdom_augmented/DJSSSXGD_aug2.mp4,Attending,Horse,Mammal
./video/animalkingdom_augmented/DJXQRUDX_aug0.mp4,Walking,Cheetah,Mammal
./video/animalkingdom_augmented/DJXQRUDX_aug1.mp4,Walking,Cheetah,Mammal
./video/animalkingdom_augmented/DJXQRUDX_aug2.mp4,Walking,Cheetah,Mammal
./video/animalkingdom_augmented/DKOETQCN_aug0.mp4,Walking,Ibex,Mammal
./video/animalkingdom_augmented/DKOETQCN_aug1.mp4,Walking,Ibex,Mammal
./video/animalkingdom_augmented/DKOETQCN_aug2.mp4,Walking,Ibex,Mammal
./video/animalkingdom_augmented/DLTMKBQT_aug0.mp4,Jumping,Plantain Squirrel,Mammal
./video/animalkingdom_augmented/DLTMKBQT_aug1.mp4,Jumping,Plantain Squirrel,Mammal
./video/animalkingdom_augmented/DLTMKBQT_aug2.mp4,Jumping,Plantain Squirrel,Mammal
./video/animalkingdom_augmented/DMUGQRAC_aug0.mp4,Walking,Jaguarundi Cat,Mammal
./video/animalkingdom_augmented/DMUGQRAC_aug1.mp4,Walking,Jaguarundi Cat,Mammal
./video/animalkingdom_augmented/DMUGQRAC_aug2.mp4,Walking,Jaguarundi Cat,Mammal
./video/animalkingdom_augmented/DMWDYKEW_aug0.mp4,Running,Pika,Mammal
./video/animalkingdom_augmented/DMWDYKEW_aug1.mp4,Running,Pika,Mammal
./video/animalkingdom_augmented/DMWDYKEW_aug2.mp4,Running,Pika,Mammal
./video/animalkingdom_augmented/DMWSNSMJ_aug0.mp4,Keeping still,Marshbuck,Mammal
./video/animalkingdom_augmented/DMWSNSMJ_aug1.mp4,Keeping still,Marshbuck,Mammal
./video/animalkingdom_augmented/DMWSNSMJ_aug2.mp4,Keeping still,Marshbuck,Mammal
./video/animalkingdom_augmented/DNAYBRAC_aug0.mp4,Running,White Nosed Coati,Mammal
./video/animalkingdom_augmented/DNAYBRAC_aug1.mp4,Running,White Nosed Coati,Mammal
./video/animalkingdom_augmented/DNAYBRAC_aug2.mp4,Running,White Nosed Coati,Mammal
./video/animalkingdom_augmented/DOBKLXGD_aug0.mp4,Sensing,Kangaroo,Mammal
./video/animalkingdom_augmented/DOBKLXGD_aug1.mp4,Sensing,Kangaroo,Mammal
./video/animalkingdom_augmented/DOBKLXGD_aug2.mp4,Sensing,Kangaroo,Mammal
./video/animalkingdom_augmented/DOTINFGA_aug0.mp4,Walking,Caribou,Mammal
./video/animalkingdom_augmented/DOTINFGA_aug1.mp4,Walking,Caribou,Mammal
./video/animalkingdom_augmented/DOTINFGA_aug2.mp4,Walking,Caribou,Mammal
./video/animalkingdom_augmented/DOWWVRAC_aug0.mp4,Running,Coyote,Mammal
./video/animalkingdom_augmented/DOWWVRAC_aug1.mp4,Running,Coyote,Mammal
./video/animalkingdom_augmented/DOWWVRAC_aug2.mp4,Running,Coyote,Mammal
./video/animalkingdom_augmented/DPJTTFGA_aug0.mp4,Running,Wildebeest,Mammal
./video/animalkingdom_augmented/DPJTTFGA_aug1.mp4,Running,Wildebeest,Mammal
./video/animalkingdom_augmented/DPJTTFGA_aug2.mp4,Running,Wildebeest,Mammal
./video/animalkingdom_augmented/DPNQDRAC_aug0.mp4,Walking,Ocelot,Mammal
./video/animalkingdom_augmented/DPNQDRAC_aug1.mp4,Walking,Ocelot,Mammal
./video/animalkingdom_augmented/DPNQDRAC_aug2.mp4,Walking,Ocelot,Mammal
./video/animalkingdom_augmented/DPOICXGD_aug0.mp4,Attending,Horse,Mammal
./video/animalkingdom_augmented/DPOICXGD_aug1.mp4,Attending,Horse,Mammal
./video/animalkingdom_augmented/DPOICXGD_aug2.mp4,Attending,Horse,Mammal
./video/animalkingdom_augmented/DQUXVTHG_aug0.mp4,Walking,Sooty Mangabey,Mammal
./video/animalkingdom_augmented/DQUXVTHG_aug1.mp4,Walking,Sooty Mangabey,Mammal
./video/animalkingdom_augmented/DQUXVTHG_aug2.mp4,Walking,Sooty Mangabey,Mammal
./video/animalkingdom_augmented/DQZODUPH_aug0.mp4,Eating,Squirrel,Mammal
./video/animalkingdom_augmented/DQZODUPH_aug1.mp4,Eating,Squirrel,Mammal
./video/animalkingdom_augmented/DQZODUPH_aug2.mp4,Eating,Squirrel,Mammal
./video/animalkingdom_augmented/DRFRXWBC_aug0.mp4,Running,Mongoose,Mammal
./video/animalkingdom_augmented/DRFRXWBC_aug1.mp4,Running,Mongoose,Mammal
./video/animalkingdom_augmented/DRFRXWBC_aug2.mp4,Running,Mongoose,Mammal
./video/animalkingdom_augmented/DRQFYFGA_aug0.mp4,Sensing,Orangutan,Mammal
./video/animalkingdom_augmented/DRQFYFGA_aug1.mp4,Sensing,Orangutan,Mammal
./video/animalkingdom_augmented/DRQFYFGA_aug2.mp4,Sensing,Orangutan,Mammal
./video/animalkingdom_augmented/DRQOSRAC_aug0.mp4,Walking,Nine Banded Armadillo,Mammal
./video/animalkingdom_augmented/DRQOSRAC_aug1.mp4,Walking,Nine Banded Armadillo,Mammal
./video/animalkingdom_augmented/DRQOSRAC_aug2.mp4,Walking,Nine Banded Armadillo,Mammal
./video/animalkingdom_augmented/DSDOQUDX_aug0.mp4,Keeping still,Gazelle,Mammal
./video/animalkingdom_augmented/DSDOQUDX_aug1.mp4,Keeping still,Gazelle,Mammal
./video/animalkingdom_augmented/DSDOQUDX_aug2.mp4,Keeping still,Gazelle,Mammal
./video/animalkingdom_augmented/DSODIBQT_aug0.mp4,Eating,Plantain Squirrel,Mammal
./video/animalkingdom_augmented/DSODIBQT_aug1.mp4,Eating,Plantain Squirrel,Mammal
./video/animalkingdom_augmented/DSODIBQT_aug2.mp4,Eating,Plantain Squirrel,Mammal
./video/animalkingdom_augmented/DSUCBXGD_aug0.mp4,Sensing,Kangaroo,Mammal
./video/animalkingdom_augmented/DSUCBXGD_aug1.mp4,Sensing,Kangaroo,Mammal
./video/animalkingdom_augmented/DSUCBXGD_aug2.mp4,Sensing,Kangaroo,Mammal
./video/animalkingdom_augmented/DSUIJEBY_aug0.mp4,Walking,Fox,Mammal
./video/animalkingdom_augmented/DSUIJEBY_aug1.mp4,Walking,Fox,Mammal
./video/animalkingdom_augmented/DSUIJEBY_aug2.mp4,Walking,Fox,Mammal
./video/animalkingdom_augmented/DTFWDRAC_aug0.mp4,Walking,Ocelot,Mammal
./video/animalkingdom_augmented/DTFWDRAC_aug1.mp4,Walking,Ocelot,Mammal
./video/animalkingdom_augmented/DTFWDRAC_aug2.mp4,Walking,Ocelot,Mammal
./video/animalkingdom_augmented/DTHOBFFP_aug0.mp4,Keeping still,Maroon Macaque,Mammal
./video/animalkingdom_augmented/DTHOBFFP_aug1.mp4,Keeping still,Maroon Macaque,Mammal
./video/animalkingdom_augmented/DTHOBFFP_aug2.mp4,Keeping still,Maroon Macaque,Mammal
./video/animalkingdom_augmented/DTPPSDSN_aug0.mp4,Sensing,Cheetah,Mammal
./video/animalkingdom_augmented/DTPPSDSN_aug1.mp4,Sensing,Cheetah,Mammal
./video/animalkingdom_augmented/DTPPSDSN_aug2.mp4,Sensing,Cheetah,Mammal
./video/animalkingdom_augmented/DTRVTBQT_aug0.mp4,Jumping,Plantain Squirrel,Mammal
./video/animalkingdom_augmented/DTRVTBQT_aug1.mp4,Jumping,Plantain Squirrel,Mammal
./video/animalkingdom_augmented/DTRVTBQT_aug2.mp4,Jumping,Plantain Squirrel,Mammal
./video/animalkingdom_augmented/DUOCPFFP_aug0.mp4,Running,Maroon Macaque,Mammal
./video/animalkingdom_augmented/DUOCPFFP_aug1.mp4,Running,Maroon Macaque,Mammal
./video/animalkingdom_augmented/DUOCPFFP_aug2.mp4,Running,Maroon Macaque,Mammal
./video/animalkingdom_augmented/DUVPOXGD_aug0.mp4,Walking,Horse,Mammal
./video/animalkingdom_augmented/DUVPOXGD_aug1.mp4,Walking,Horse,Mammal
./video/animalkingdom_augmented/DUVPOXGD_aug2.mp4,Walking,Horse,Mammal
./video/animalkingdom_augmented/DUZPVFGA_aug0.mp4,Running,Wild Dog,Mammal
./video/animalkingdom_augmented/DUZPVFGA_aug1.mp4,Running,Wild Dog,Mammal
./video/animalkingdom_augmented/DUZPVFGA_aug2.mp4,Running,Wild Dog,Mammal
./video/animalkingdom_augmented/DVFQTRAC_aug0.mp4,Running,White Nosed Coati,Mammal
./video/animalkingdom_augmented/DVFQTRAC_aug1.mp4,Running,White Nosed Coati,Mammal
./video/animalkingdom_augmented/DVFQTRAC_aug2.mp4,Running,White Nosed Coati,Mammal
./video/animalkingdom_augmented/DVJQEXGD_aug0.mp4,Running,Horse,Mammal
./video/animalkingdom_augmented/DVJQEXGD_aug1.mp4,Running,Horse,Mammal
./video/animalkingdom_augmented/DVJQEXGD_aug2.mp4,Running,Horse,Mammal
./video/animalkingdom_augmented/DVKDIRAC_aug0.mp4,Walking,Capuchin Monkey,Mammal
./video/animalkingdom_augmented/DVKDIRAC_aug1.mp4,Walking,Capuchin Monkey,Mammal
./video/animalkingdom_augmented/DVKDIRAC_aug2.mp4,Walking,Capuchin Monkey,Mammal
./video/animalkingdom_augmented/DVNMYKEW_aug0.mp4,Eating,Giraffe,Mammal
./video/animalkingdom_augmented/DVNMYKEW_aug1.mp4,Eating,Giraffe,Mammal
./video/animalkingdom_augmented/DVNMYKEW_aug2.mp4,Eating,Giraffe,Mammal
./video/animalkingdom_augmented/DVURAAMC_aug0.mp4,Walking,Lion Young,Mammal
./video/animalkingdom_augmented/DVURAAMC_aug1.mp4,Walking,Lion Young,Mammal
./video/animalkingdom_augmented/DVURAAMC_aug2.mp4,Walking,Lion Young,Mammal
./video/animalkingdom_augmented/DWJMZNSU_aug0.mp4,Attending,Hyena,Mammal
./video/animalkingdom_augmented/DWJMZNSU_aug1.mp4,Attending,Hyena,Mammal
./video/animalkingdom_augmented/DWJMZNSU_aug2.mp4,Attending,Hyena,Mammal
./video/animalkingdom_augmented/DWTKCFFP_aug0.mp4,Eating,Maroon Macaque,Mammal
./video/animalkingdom_augmented/DWTKCFFP_aug1.mp4,Eating,Maroon Macaque,Mammal
./video/animalkingdom_augmented/DWTKCFFP_aug2.mp4,Eating,Maroon Macaque,Mammal
./video/animalkingdom_augmented/DXFPBXGD_aug0.mp4,Attending,Horse,Mammal
./video/animalkingdom_augmented/DXFPBXGD_aug1.mp4,Attending,Horse,Mammal
./video/animalkingdom_augmented/DXFPBXGD_aug2.mp4,Attending,Horse,Mammal
./video/animalkingdom_augmented/DXIHBXGD_aug0.mp4,Running,Horse,Mammal
./video/animalkingdom_augmented/DXIHBXGD_aug1.mp4,Running,Horse,Mammal
./video/animalkingdom_augmented/DXIHBXGD_aug2.mp4,Running,Horse,Mammal
./video/animalkingdom_augmented/DXIJIRAC_aug0.mp4,Walking,White Nosed Coati,Mammal
./video/animalkingdom_augmented/DXIJIRAC_aug1.mp4,Walking,White Nosed Coati,Mammal
./video/animalkingdom_augmented/DXIJIRAC_aug2.mp4,Walking,White Nosed Coati,Mammal
./video/animalkingdom_augmented/DXNSEQCN_aug0.mp4,Walking,Ibex,Mammal
./video/animalkingdom_augmented/DXNSEQCN_aug1.mp4,Walking,Ibex,Mammal
./video/animalkingdom_augmented/DXNSEQCN_aug2.mp4,Walking,Ibex,Mammal
./video/animalkingdom_augmented/DXORPXGD_aug0.mp4,Eating,Horse,Mammal
./video/animalkingdom_augmented/DXORPXGD_aug1.mp4,Eating,Horse,Mammal
./video/animalkingdom_augmented/DXORPXGD_aug2.mp4,Eating,Horse,Mammal
./video/animalkingdom_augmented/DXYHSUDX_aug0.mp4,Walking,Cheetah,Mammal
./video/animalkingdom_augmented/DXYHSUDX_aug1.mp4,Walking,Cheetah,Mammal
./video/animalkingdom_augmented/DXYHSUDX_aug2.mp4,Walking,Cheetah,Mammal
./video/animalkingdom_augmented/DYTYOTCN_aug0.mp4,Keeping still,Horse Young,Mammal
./video/animalkingdom_augmented/DYTYOTCN_aug1.mp4,Keeping still,Horse Young,Mammal
./video/animalkingdom_augmented/DYTYOTCN_aug2.mp4,Keeping still,Horse Young,Mammal
./video/animalkingdom_augmented/DYYBXFYY_aug0.mp4,Attending,Otter,Mammal
./video/animalkingdom_augmented/DYYBXFYY_aug1.mp4,Attending,Otter,Mammal
./video/animalkingdom_augmented/DYYBXFYY_aug2.mp4,Attending,Otter,Mammal
./video/animalkingdom_augmented/DZDUNSMJ_aug0.mp4,Walking,Mandrill,Mammal
./video/animalkingdom_augmented/DZDUNSMJ_aug1.mp4,Walking,Mandrill,Mammal
./video/animalkingdom_augmented/DZDUNSMJ_aug2.mp4,Walking,Mandrill,Mammal
./video/animalkingdom_augmented/DZMSMUDX_aug0.mp4,Walking,Elephant,Mammal
./video/animalkingdom_augmented/DZMSMUDX_aug1.mp4,Walking,Elephant,Mammal
./video/animalkingdom_augmented/DZMSMUDX_aug2.mp4,Walking,Elephant,Mammal
./video/animalkingdom_augmented/EAMYQBME_aug0.mp4,Eating,Horse,Mammal
./video/animalkingdom_augmented/EAMYQBME_aug1.mp4,Eating,Horse,Mammal
./video/animalkingdom_augmented/EAMYQBME_aug2.mp4,Eating,Horse,Mammal
./video/animalkingdom_augmented/EAUTRBQT_aug0.mp4,Sensing,Greater Mouse Deer,Mammal
./video/animalkingdom_augmented/EAUTRBQT_aug1.mp4,Sensing,Greater Mouse Deer,Mammal
./video/animalkingdom_augmented/EAUTRBQT_aug2.mp4,Sensing,Greater Mouse Deer,Mammal
./video/animalkingdom_augmented/ECJSDXGD_aug0.mp4,Running,Horse,Mammal
./video/animalkingdom_augmented/ECJSDXGD_aug1.mp4,Running,Horse,Mammal
./video/animalkingdom_augmented/ECJSDXGD_aug2.mp4,Running,Horse,Mammal
./video/animalkingdom_augmented/ECVCYXGD_aug0.mp4,Running,Horse,Mammal
./video/animalkingdom_augmented/ECVCYXGD_aug1.mp4,Running,Horse,Mammal
./video/animalkingdom_augmented/ECVCYXGD_aug2.mp4,Running,Horse,Mammal
./video/animalkingdom_augmented/ECZKCXGD_aug0.mp4,Eating,Horse,Mammal
./video/animalkingdom_augmented/ECZKCXGD_aug1.mp4,Eating,Horse,Mammal
./video/animalkingdom_augmented/ECZKCXGD_aug2.mp4,Eating,Horse,Mammal
./video/animalkingdom_augmented/EDHHMXGD_aug0.mp4,Running,Dog,Mammal
./video/animalkingdom_augmented/EDHHMXGD_aug1.mp4,Running,Dog,Mammal
./video/animalkingdom_augmented/EDHHMXGD_aug2.mp4,Running,Dog,Mammal
./video/animalkingdom_augmented/EDXUUCNX_aug0.mp4,Walking,Wolf,Mammal
./video/animalkingdom_augmented/EDXUUCNX_aug1.mp4,Walking,Wolf,Mammal
./video/animalkingdom_augmented/EDXUUCNX_aug2.mp4,Walking,Wolf,Mammal
./video/animalkingdom_augmented/EFTEJFFP_aug0.mp4,Sensing,Maroon Macaque,Mammal
./video/animalkingdom_augmented/EFTEJFFP_aug1.mp4,Sensing,Maroon Macaque,Mammal
./video/animalkingdom_augmented/EFTEJFFP_aug2.mp4,Sensing,Maroon Macaque,Mammal
./video/animalkingdom_augmented/EFTITUDX_aug0.mp4,Walking,Cheetah,Mammal
./video/animalkingdom_augmented/EFTITUDX_aug1.mp4,Walking,Cheetah,Mammal
./video/animalkingdom_augmented/EFTITUDX_aug2.mp4,Walking,Cheetah,Mammal
./video/animalkingdom_augmented/EGGXREUL_aug0.mp4,Keeping still,Leopard,Mammal
./video/animalkingdom_augmented/EGGXREUL_aug1.mp4,Keeping still,Leopard,Mammal
./video/animalkingdom_augmented/EGGXREUL_aug2.mp4,Keeping still,Leopard,Mammal
./video/animalkingdom_augmented/EHNCNBQT_aug0.mp4,Attending,Raffles Banded Langur,Mammal
./video/animalkingdom_augmented/EHNCNBQT_aug1.mp4,Attending,Raffles Banded Langur,Mammal
./video/animalkingdom_augmented/EHNCNBQT_aug2.mp4,Attending,Raffles Banded Langur,Mammal
./video/animalkingdom_augmented/EHPITBQT_aug0.mp4,Eating,Raffles Banded Langur,Mammal
./video/animalkingdom_augmented/EHPITBQT_aug1.mp4,Eating,Raffles Banded Langur,Mammal
./video/animalkingdom_augmented/EHPITBQT_aug2.mp4,Eating,Raffles Banded Langur,Mammal
./video/animalkingdom_augmented/EJDUGBME_aug0.mp4,Eating,Horse,Mammal
./video/animalkingdom_augmented/EJDUGBME_aug1.mp4,Eating,Horse,Mammal
./video/animalkingdom_augmented/EJDUGBME_aug2.mp4,Eating,Horse,Mammal
./video/animalkingdom_augmented/EJEVNFJG_aug0.mp4,Keeping still,Sambar Deer,Mammal
./video/animalkingdom_augmented/EJEVNFJG_aug1.mp4,Keeping still,Sambar Deer,Mammal
./video/animalkingdom_augmented/EJEVNFJG_aug2.mp4,Keeping still,Sambar Deer,Mammal
./video/animalkingdom_augmented/EKEHXXGD_aug0.mp4,Eating,Kangaroo Young,Mammal
./video/animalkingdom_augmented/EKEHXXGD_aug1.mp4,Eating,Kangaroo Young,Mammal
./video/animalkingdom_augmented/EKEHXXGD_aug2.mp4,Eating,Kangaroo Young,Mammal
./video/animalkingdom_augmented/EKHVBTEK_aug0.mp4,Attending,Gibbon,Mammal
./video/animalkingdom_augmented/EKHVBTEK_aug1.mp4,Attending,Gibbon,Mammal
./video/animalkingdom_augmented/EKHVBTEK_aug2.mp4,Attending,Gibbon,Mammal
./video/animalkingdom_augmented/EKJNSBQT_aug0.mp4,Eating,Boar,Mammal
./video/animalkingdom_augmented/EKJNSBQT_aug1.mp4,Eating,Boar,Mammal
./video/animalkingdom_augmented/EKJNSBQT_aug2.mp4,Eating,Boar,Mammal
./video/animalkingdom_augmented/EKLRBBQT_aug0.mp4,Sensing,Raffles Banded Langur,Mammal
./video/animalkingdom_augmented/EKLRBBQT_aug1.mp4,Sensing,Raffles Banded Langur,Mammal
./video/animalkingdom_augmented/EKLRBBQT_aug2.mp4,Sensing,Raffles Banded Langur,Mammal
./video/animalkingdom_augmented/EKSOYTEK_aug0.mp4,Attending,Sri Lankan Leopard,Mammal
./video/animalkingdom_augmented/EKSOYTEK_aug1.mp4,Attending,Sri Lankan Leopard,Mammal
./video/animalkingdom_augmented/EKSOYTEK_aug2.mp4,Attending,Sri Lankan Leopard,Mammal
./video/animalkingdom_augmented/ELXOTSMJ_aug0.mp4,Walking,Elephant,Mammal
./video/animalkingdom_augmented/ELXOTSMJ_aug1.mp4,Walking,Elephant,Mammal
./video/animalkingdom_augmented/ELXOTSMJ_aug2.mp4,Walking,Elephant,Mammal
./video/animalkingdom_augmented/EMZDGVMS_aug0.mp4,Eating,Greater Mouse Deer,Mammal
./video/animalkingdom_augmented/EMZDGVMS_aug1.mp4,Eating,Greater Mouse Deer,Mammal
./video/animalkingdom_augmented/EMZDGVMS_aug2.mp4,Eating,Greater Mouse Deer,Mammal
./video/animalkingdom_augmented/ENLEURAC_aug0.mp4,Walking,Agouti,Mammal
./video/animalkingdom_augmented/ENLEURAC_aug1.mp4,Walking,Agouti,Mammal
./video/animalkingdom_augmented/ENLEURAC_aug2.mp4,Walking,Agouti,Mammal
./video/animalkingdom_augmented/EOMLOKEW_aug0.mp4,Sensing,Stoat,Mammal
./video/animalkingdom_augmented/EOMLOKEW_aug1.mp4,Sensing,Stoat,Mammal
./video/animalkingdom_augmented/EOMLOKEW_aug2.mp4,Sensing,Stoat,Mammal
./video/animalkingdom_augmented/EQDQKHGA_aug0.mp4,Walking,Lion,Mammal
./video/animalkingdom_augmented/EQDQKHGA_aug1.mp4,Walking,Lion,Mammal
./video/animalkingdom_augmented/EQDQKHGA_aug2.mp4,Walking,Lion,Mammal
./video/animalkingdom_augmented/ERLIEXDO_aug0.mp4,Walking,Lion,Mammal
./video/animalkingdom_augmented/ERLIEXDO_aug1.mp4,Walking,Lion,Mammal
./video/animalkingdom_augmented/ERLIEXDO_aug2.mp4,Walking,Lion,Mammal
./video/animalkingdom_augmented/ESJCMBME_aug0.mp4,Eating,Horse,Mammal
./video/animalkingdom_augmented/ESJCMBME_aug1.mp4,Eating,Horse,Mammal
./video/animalkingdom_augmented/ESJCMBME_aug2.mp4,Eating,Horse,Mammal
./video/animalkingdom_augmented/ESSNTDSN_aug0.mp4,Jumping,Jaculus Jaculus,Mammal
./video/animalkingdom_augmented/ESSNTDSN_aug1.mp4,Jumping,Jaculus Jaculus,Mammal
./video/animalkingdom_augmented/ESSNTDSN_aug2.mp4,Jumping,Jaculus Jaculus,Mammal
./video/animalkingdom_augmented/ETBWOXGD_aug0.mp4,Eating,Kangaroo,Mammal
./video/animalkingdom_augmented/ETBWOXGD_aug1.mp4,Eating,Kangaroo,Mammal
./video/animalkingdom_augmented/ETBWOXGD_aug2.mp4,Eating,Kangaroo,Mammal
./video/animalkingdom_augmented/ETRDYFFP_aug0.mp4,Walking,Pangolin,Mammal
./video/animalkingdom_augmented/ETRDYFFP_aug1.mp4,Walking,Pangolin,Mammal
./video/animalkingdom_augmented/ETRDYFFP_aug2.mp4,Walking,Pangolin,Mammal
./video/animalkingdom_augmented/EUFMXDSN_aug0.mp4,Walking,Buffalo,Mammal
./video/animalkingdom_augmented/EUFMXDSN_aug1.mp4,Walking,Buffalo,Mammal
./video/animalkingdom_augmented/EUFMXDSN_aug2.mp4,Walking,Buffalo,Mammal
./video/animalkingdom_augmented/EUKRNXGD_aug0.mp4,Walking,Dingo Dog,Mammal
./video/animalkingdom_augmented/EUKRNXGD_aug1.mp4,Walking,Dingo Dog,Mammal
./video/animalkingdom_augmented/EUKRNXGD_aug2.mp4,Walking,Dingo Dog,Mammal
./video/animalkingdom_augmented/EWNIPXGD_aug0.mp4,Eating,Horse,Mammal
./video/animalkingdom_augmented/EWNIPXGD_aug1.mp4,Eating,Horse,Mammal
./video/animalkingdom_augmented/EWNIPXGD_aug2.mp4,Eating,Horse,Mammal
./video/animalkingdom_augmented/EWZNSXGD_aug0.mp4,Walking,Wombat,Mammal
./video/animalkingdom_augmented/EWZNSXGD_aug1.mp4,Walking,Wombat,Mammal
./video/animalkingdom_augmented/EWZNSXGD_aug2.mp4,Walking,Wombat,Mammal
./video/animalkingdom_augmented/EXCAJRAC_aug0.mp4,Jumping,Red-Blacked Squirrel Monkey,Mammal
./video/animalkingdom_augmented/EXCAJRAC_aug1.mp4,Jumping,Red-Blacked Squirrel Monkey,Mammal
./video/animalkingdom_augmented/EXCAJRAC_aug2.mp4,Jumping,Red-Blacked Squirrel Monkey,Mammal
./video/animalkingdom_augmented/EXPXKXGD_aug0.mp4,Attending,Kangaroo,Mammal
./video/animalkingdom_augmented/EXPXKXGD_aug1.mp4,Attending,Kangaroo,Mammal
./video/animalkingdom_augmented/EXPXKXGD_aug2.mp4,Attending,Kangaroo,Mammal
./video/animalkingdom_augmented/EXYCJBQT_aug0.mp4,Attending,Raffles Banded Langur,Mammal
./video/animalkingdom_augmented/EXYCJBQT_aug1.mp4,Attending,Raffles Banded Langur,Mammal
./video/animalkingdom_augmented/EXYCJBQT_aug2.mp4,Attending,Raffles Banded Langur,Mammal
./video/animalkingdom_augmented/EYEOZNSU_aug0.mp4,Walking,Hyena,Mammal
./video/animalkingdom_augmented/EYEOZNSU_aug1.mp4,Walking,Hyena,Mammal
./video/animalkingdom_augmented/EYEOZNSU_aug2.mp4,Walking,Hyena,Mammal
./video/animalkingdom_augmented/FAACYUDX_aug0.mp4,Walking,African Oryx,Mammal
./video/animalkingdom_augmented/FAACYUDX_aug1.mp4,Walking,African Oryx,Mammal
./video/animalkingdom_augmented/FAACYUDX_aug2.mp4,Walking,African Oryx,Mammal
./video/animalkingdom_augmented/FAPEIBME_aug0.mp4,Walking,Horse,Mammal
./video/animalkingdom_augmented/FAPEIBME_aug1.mp4,Walking,Horse,Mammal
./video/animalkingdom_augmented/FAPEIBME_aug2.mp4,Walking,Horse,Mammal
./video/animalkingdom_augmented/FBBJSTEK_aug0.mp4,Walking,Boar,Mammal
./video/animalkingdom_augmented/FBBJSTEK_aug1.mp4,Walking,Boar,Mammal
./video/animalkingdom_augmented/FBBJSTEK_aug2.mp4,Walking,Boar,Mammal
./video/animalkingdom_augmented/FBCOFDSN_aug0.mp4,Attending,Snow Leopard,Mammal
./video/animalkingdom_augmented/FBCOFDSN_aug1.mp4,Attending,Snow Leopard,Mammal
./video/animalkingdom_augmented/FBCOFDSN_aug2.mp4,Attending,Snow Leopard,Mammal
./video/animalkingdom_augmented/FBQKWUDX_aug0.mp4,Walking,Elephant,Mammal
./video/animalkingdom_augmented/FBQKWUDX_aug1.mp4,Walking,Elephant,Mammal
./video/animalkingdom_augmented/FBQKWUDX_aug2.mp4,Walking,Elephant,Mammal
./video/animalkingdom_augmented/FBUZLRAC_aug0.mp4,Sensing,Red-Blacked Squirrel Monkey,Mammal
./video/animalkingdom_augmented/FBUZLRAC_aug1.mp4,Sensing,Red-Blacked Squirrel Monkey,Mammal
./video/animalkingdom_augmented/FBUZLRAC_aug2.mp4,Sensing,Red-Blacked Squirrel Monkey,Mammal
./video/animalkingdom_augmented/FCKGNXGD_aug0.mp4,Keeping still,Kangaroo,Mammal
./video/animalkingdom_augmented/FCKGNXGD_aug1.mp4,Keeping still,Kangaroo,Mammal
./video/animalkingdom_augmented/FCKGNXGD_aug2.mp4,Keeping still,Kangaroo,Mammal
./video/animalkingdom_augmented/FCSYONBD_aug0.mp4,Walking,Malayan Porcupine,Mammal
./video/animalkingdom_augmented/FCSYONBD_aug1.mp4,Walking,Malayan Porcupine,Mammal
./video/animalkingdom_augmented/FCSYONBD_aug2.mp4,Walking,Malayan Porcupine,Mammal
./video/animalkingdom_augmented/FDMRPQCN_aug0.mp4,Walking,Ibex,Mammal
./video/animalkingdom_augmented/FDMRPQCN_aug1.mp4,Walking,Ibex,Mammal
./video/animalkingdom_augmented/FDMRPQCN_aug2.mp4,Walking,Ibex,Mammal
./video/animalkingdom_augmented/FDVOPXGD_aug0.mp4,Running,Horse,Mammal
./video/animalkingdom_augmented/FDVOPXGD_aug1.mp4,Running,Horse,Mammal
./video/animalkingdom_augmented/FDVOPXGD_aug2.mp4,Running,Horse,Mammal
./video/animalkingdom_augmented/FDVPSRAC_aug0.mp4,Jumping,White Nosed Coati,Mammal
./video/animalkingdom_augmented/FDVPSRAC_aug1.mp4,Jumping,White Nosed Coati,Mammal
./video/animalkingdom_augmented/FDVPSRAC_aug2.mp4,Jumping,White Nosed Coati,Mammal
./video/animalkingdom_augmented/FDYRGRLL_aug0.mp4,Walking,Mouse,Mammal
./video/animalkingdom_augmented/FDYRGRLL_aug1.mp4,Walking,Mouse,Mammal
./video/animalkingdom_augmented/FDYRGRLL_aug2.mp4,Walking,Mouse,Mammal
./video/animalkingdom_augmented/FECPVTEK_aug0.mp4,Keeping still,Colugo,Mammal
./video/animalkingdom_augmented/FECPVTEK_aug1.mp4,Keeping still,Colugo,Mammal
./video/animalkingdom_augmented/FECPVTEK_aug2.mp4,Keeping still,Colugo,Mammal
./video/animalkingdom_augmented/FFEBKBQT_aug0.mp4,Attending,Greater Mouse Deer,Mammal
./video/animalkingdom_augmented/FFEBKBQT_aug1.mp4,Attending,Greater Mouse Deer,Mammal
./video/animalkingdom_augmented/FFEBKBQT_aug2.mp4,Attending,Greater Mouse Deer,Mammal
./video/animalkingdom_augmented/FGAQAXGD_aug0.mp4,Running,Horse,Mammal
./video/animalkingdom_augmented/FGAQAXGD_aug1.mp4,Running,Horse,Mammal
./video/animalkingdom_augmented/FGAQAXGD_aug2.mp4,Running,Horse,Mammal
./video/animalkingdom_augmented/FGNVWRAC_aug0.mp4,Running,Agouti,Mammal
./video/animalkingdom_augmented/FGNVWRAC_aug1.mp4,Running,Agouti,Mammal
./video/animalkingdom_augmented/FGNVWRAC_aug2.mp4,Running,Agouti,Mammal
./video/animalkingdom_augmented/FICOVGCS_aug0.mp4,Running,Elephant,Mammal
./video/animalkingdom_augmented/FICOVGCS_aug1.mp4,Running,Elephant,Mammal
./video/animalkingdom_augmented/FICOVGCS_aug2.mp4,Running,Elephant,Mammal
./video/animalkingdom_augmented/FILHMXGD_aug0.mp4,Walking,Horse,Mammal
./video/animalkingdom_augmented/FILHMXGD_aug1.mp4,Walking,Horse,Mammal
./video/animalkingdom_augmented/FILHMXGD_aug2.mp4,Walking,Horse,Mammal
./video/animalkingdom_augmented/FJABQEBY_aug0.mp4,Walking,Fox,Mammal
./video/animalkingdom_augmented/FJABQEBY_aug1.mp4,Walking,Fox,Mammal
./video/animalkingdom_augmented/FJABQEBY_aug2.mp4,Walking,Fox,Mammal
./video/animalkingdom_augmented/FJDFAFJG_aug0.mp4,Walking,Elephant,Mammal
./video/animalkingdom_augmented/FJDFAFJG_aug1.mp4,Walking,Elephant,Mammal
./video/animalkingdom_augmented/FJDFAFJG_aug2.mp4,Walking,Elephant,Mammal
./video/animalkingdom_augmented/FJXOQXGD_aug0.mp4,Eating,Mouse,Mammal
./video/animalkingdom_augmented/FJXOQXGD_aug1.mp4,Eating,Mouse,Mammal
./video/animalkingdom_augmented/FJXOQXGD_aug2.mp4,Eating,Mouse,Mammal
./video/animalkingdom_augmented/FKSLOHGA_aug0.mp4,Attending,Meerkat,Mammal
./video/animalkingdom_augmented/FKSLOHGA_aug1.mp4,Attending,Meerkat,Mammal
./video/animalkingdom_augmented/FKSLOHGA_aug2.mp4,Attending,Meerkat,Mammal
./video/animalkingdom_augmented/FKVXCXGD_aug0.mp4,Running,Horse,Mammal
./video/animalkingdom_augmented/FKVXCXGD_aug1.mp4,Running,Horse,Mammal
./video/animalkingdom_augmented/FKVXCXGD_aug2.mp4,Running,Horse,Mammal
./video/animalkingdom_augmented/FLBGMVYU_aug0.mp4,Walking,Leopard,Mammal
./video/animalkingdom_augmented/FLBGMVYU_aug1.mp4,Walking,Leopard,Mammal
./video/animalkingdom_augmented/FLBGMVYU_aug2.mp4,Walking,Leopard,Mammal
./video/animalkingdom_augmented/FMBISUDX_aug0.mp4,Walking,Leopard,Mammal
./video/animalkingdom_augmented/FMBISUDX_aug1.mp4,Walking,Leopard,Mammal
./video/animalkingdom_augmented/FMBISUDX_aug2.mp4,Walking,Leopard,Mammal
./video/animalkingdom_augmented/FNPLQCNX_aug0.mp4,Walking,Wolf,Mammal
./video/animalkingdom_augmented/FNPLQCNX_aug1.mp4,Walking,Wolf,Mammal
./video/animalkingdom_augmented/FNPLQCNX_aug2.mp4,Walking,Wolf,Mammal
./video/animalkingdom_augmented/FPBUQEZZ_aug0.mp4,Keeping still,Nilgai,Mammal
./video/animalkingdom_augmented/FPBUQEZZ_aug1.mp4,Keeping still,Nilgai,Mammal
./video/animalkingdom_augmented/FPBUQEZZ_aug2.mp4,Keeping still,Nilgai,Mammal
./video/animalkingdom_augmented/FQVLGQCN_aug0.mp4,Sensing,Ibex,Mammal
./video/animalkingdom_augmented/FQVLGQCN_aug1.mp4,Sensing,Ibex,Mammal
./video/animalkingdom_augmented/FQVLGQCN_aug2.mp4,Sensing,Ibex,Mammal
./video/animalkingdom_augmented/FQXIDUDX_aug0.mp4,Eating,Elephant,Mammal
./video/animalkingdom_augmented/FQXIDUDX_aug1.mp4,Eating,Elephant,Mammal
./video/animalkingdom_augmented/FQXIDUDX_aug2.mp4,Eating,Elephant,Mammal
./video/animalkingdom_augmented/FSCOZUDX_aug0.mp4,Attending,Cheetah,Mammal
./video/animalkingdom_augmented/FSCOZUDX_aug1.mp4,Attending,Cheetah,Mammal
./video/animalkingdom_augmented/FSCOZUDX_aug2.mp4,Attending,Cheetah,Mammal
./video/animalkingdom_augmented/FSRAFNPL_aug0.mp4,Keeping still,Squirrel,Mammal
./video/animalkingdom_augmented/FSRAFNPL_aug1.mp4,Keeping still,Squirrel,Mammal
./video/animalkingdom_augmented/FSRAFNPL_aug2.mp4,Keeping still,Squirrel,Mammal
./video/animalkingdom_augmented/FUBSLXGD_aug0.mp4,Running,Horse,Mammal
./video/animalkingdom_augmented/FUBSLXGD_aug1.mp4,Running,Horse,Mammal
./video/animalkingdom_augmented/FUBSLXGD_aug2.mp4,Running,Horse,Mammal
./video/animalkingdom_augmented/FUMBOFJG_aug0.mp4,Walking,Feas Muntjac,Mammal
./video/animalkingdom_augmented/FUMBOFJG_aug1.mp4,Walking,Feas Muntjac,Mammal
./video/animalkingdom_augmented/FUMBOFJG_aug2.mp4,Walking,Feas Muntjac,Mammal
./video/animalkingdom_augmented/FUMFEOQU_aug0.mp4,Walking,Anteater,Mammal
./video/animalkingdom_augmented/FUMFEOQU_aug1.mp4,Walking,Anteater,Mammal
./video/animalkingdom_augmented/FUMFEOQU_aug2.mp4,Walking,Anteater,Mammal
./video/animalkingdom_augmented/FUMVYIQR_aug0.mp4,Walking,Mongoose,Mammal
./video/animalkingdom_augmented/FUMVYIQR_aug1.mp4,Walking,Mongoose,Mammal
./video/animalkingdom_augmented/FUMVYIQR_aug2.mp4,Walking,Mongoose,Mammal
./video/animalkingdom_augmented/FVAAJXGD_aug0.mp4,Walking,Horse,Mammal
./video/animalkingdom_augmented/FVAAJXGD_aug1.mp4,Walking,Horse,Mammal
./video/animalkingdom_augmented/FVAAJXGD_aug2.mp4,Walking,Horse,Mammal
./video/animalkingdom_augmented/FWCJKVMS_aug0.mp4,Eating,Greater Mouse Deer,Mammal
./video/animalkingdom_augmented/FWCJKVMS_aug1.mp4,Eating,Greater Mouse Deer,Mammal
./video/animalkingdom_augmented/FWCJKVMS_aug2.mp4,Eating,Greater Mouse Deer,Mammal
./video/animalkingdom_augmented/FWVWMKEW_aug0.mp4,Walking,Giraffe,Mammal
./video/animalkingdom_augmented/FWVWMKEW_aug1.mp4,Walking,Giraffe,Mammal
./video/animalkingdom_augmented/FWVWMKEW_aug2.mp4,Walking,Giraffe,Mammal
./video/animalkingdom_augmented/FXLJUUDX_aug0.mp4,Walking,Elephant,Mammal
./video/animalkingdom_augmented/FXLJUUDX_aug1.mp4,Walking,Elephant,Mammal
./video/animalkingdom_augmented/FXLJUUDX_aug2.mp4,Walking,Elephant,Mammal
./video/animalkingdom_augmented/FYGPDRAC_aug0.mp4,Sensing,Red-Blacked Squirrel Monkey,Mammal
./video/animalkingdom_augmented/FYGPDRAC_aug1.mp4,Sensing,Red-Blacked Squirrel Monkey,Mammal
./video/animalkingdom_augmented/FYGPDRAC_aug2.mp4,Sensing,Red-Blacked Squirrel Monkey,Mammal
./video/animalkingdom_augmented/FYVUCVYU_aug0.mp4,Walking,Leopard,Mammal
./video/animalkingdom_augmented/FYVUCVYU_aug1.mp4,Walking,Leopard,Mammal
./video/animalkingdom_augmented/FYVUCVYU_aug2.mp4,Walking,Leopard,Mammal
./video/animalkingdom_augmented/FZIICKEW_aug0.mp4,Jumping,Pika,Mammal
./video/animalkingdom_augmented/FZIICKEW_aug1.mp4,Jumping,Pika,Mammal
./video/animalkingdom_augmented/FZIICKEW_aug2.mp4,Jumping,Pika,Mammal
./video/animalkingdom_augmented/FZVCBBQT_aug0.mp4,Jumping,Raffles Banded Langur,Mammal
./video/animalkingdom_augmented/FZVCBBQT_aug1.mp4,Jumping,Raffles Banded Langur,Mammal
./video/animalkingdom_augmented/FZVCBBQT_aug2.mp4,Jumping,Raffles Banded Langur,Mammal
./video/animalkingdom_augmented/GAGRMQCN_aug0.mp4,Sensing,Ibex,Mammal
./video/animalkingdom_augmented/GAGRMQCN_aug1.mp4,Sensing,Ibex,Mammal
./video/animalkingdom_augmented/GAGRMQCN_aug2.mp4,Sensing,Ibex,Mammal
./video/animalkingdom_augmented/GBTWSIKV_aug0.mp4,Sensing,Otter,Mammal
./video/animalkingdom_augmented/GBTWSIKV_aug1.mp4,Sensing,Otter,Mammal
./video/animalkingdom_augmented/GBTWSIKV_aug2.mp4,Sensing,Otter,Mammal
./video/animalkingdom_augmented/GCAXIXGD_aug0.mp4,Running,Horse,Mammal
./video/animalkingdom_augmented/GCAXIXGD_aug1.mp4,Running,Horse,Mammal
./video/animalkingdom_augmented/GCAXIXGD_aug2.mp4,Running,Horse,Mammal
./video/animalkingdom_augmented/GCCNECEI_aug0.mp4,Walking,Chimpanzee,Mammal
./video/animalkingdom_augmented/GCCNECEI_aug1.mp4,Walking,Chimpanzee,Mammal
./video/animalkingdom_augmented/GCCNECEI_aug2.mp4,Walking,Chimpanzee,Mammal
./video/animalkingdom_augmented/GCEGAUDX_aug0.mp4,Attending,Cheetah,Mammal
./video/animalkingdom_augmented/GCEGAUDX_aug1.mp4,Attending,Cheetah,Mammal
./video/animalkingdom_augmented/GCEGAUDX_aug2.mp4,Attending,Cheetah,Mammal
./video/animalkingdom_augmented/GCSFBNPL_aug0.mp4,Sensing,Squirrel,Mammal
./video/animalkingdom_augmented/GCSFBNPL_aug1.mp4,Sensing,Squirrel,Mammal
./video/animalkingdom_augmented/GCSFBNPL_aug2.mp4,Sensing,Squirrel,Mammal
./video/animalkingdom_augmented/GDFCYVYU_aug0.mp4,Eating,Leopard,Mammal
./video/animalkingdom_augmented/GDFCYVYU_aug1.mp4,Eating,Leopard,Mammal
./video/animalkingdom_augmented/GDFCYVYU_aug2.mp4,Eating,Leopard,Mammal
./video/animalkingdom_augmented/GDHUDBQT_aug0.mp4,Walking,Raffles Banded Langur,Mammal
./video/animalkingdom_augmented/GDHUDBQT_aug1.mp4,Walking,Raffles Banded Langur,Mammal
./video/animalkingdom_augmented/GDHUDBQT_aug2.mp4,Walking,Raffles Banded Langur,Mammal
./video/animalkingdom_augmented/GDSMBCEI_aug0.mp4,Sensing,Chimpanzee,Mammal
./video/animalkingdom_augmented/GDSMBCEI_aug1.mp4,Sensing,Chimpanzee,Mammal
./video/animalkingdom_augmented/GDSMBCEI_aug2.mp4,Sensing,Chimpanzee,Mammal
./video/animalkingdom_augmented/GECZMXGD_aug0.mp4,Walking,Horse,Mammal
./video/animalkingdom_augmented/GECZMXGD_aug1.mp4,Walking,Horse,Mammal
./video/animalkingdom_augmented/GECZMXGD_aug2.mp4,Walking,Horse,Mammal
./video/animalkingdom_augmented/GFXUUUDX_aug0.mp4,Walking,Elephant,Mammal
./video/animalkingdom_augmented/GFXUUUDX_aug1.mp4,Walking,Elephant,Mammal
./video/animalkingdom_augmented/GFXUUUDX_aug2.mp4,Walking,Elephant,Mammal
./video/animalkingdom_augmented/GGBSPBQT_aug0.mp4,Jumping,Lesser Mousedeer,Mammal
./video/animalkingdom_augmented/GGBSPBQT_aug1.mp4,Jumping,Lesser Mousedeer,Mammal
./video/animalkingdom_augmented/GGBSPBQT_aug2.mp4,Jumping,Lesser Mousedeer,Mammal
./video/animalkingdom_augmented/GGTIOXGD_aug0.mp4,Keeping still,Horse,Mammal
./video/animalkingdom_augmented/GGTIOXGD_aug1.mp4,Keeping still,Horse,Mammal
./video/animalkingdom_augmented/GGTIOXGD_aug2.mp4,Keeping still,Horse,Mammal
./video/animalkingdom_augmented/GHJKYBQT_aug0.mp4,Sensing,Otter,Mammal
./video/animalkingdom_augmented/GHJKYBQT_aug1.mp4,Sensing,Otter,Mammal
./video/animalkingdom_augmented/GHJKYBQT_aug2.mp4,Sensing,Otter,Mammal
./video/animalkingdom_augmented/GHMUWXGD_aug0.mp4,Jumping,Kangaroo,Mammal
./video/animalkingdom_augmented/GHMUWXGD_aug1.mp4,Jumping,Kangaroo,Mammal
./video/animalkingdom_augmented/GHMUWXGD_aug2.mp4,Jumping,Kangaroo,Mammal
./video/animalkingdom_augmented/GHROHCEI_aug0.mp4,Walking,Chimpanzee,Mammal
./video/animalkingdom_augmented/GHROHCEI_aug1.mp4,Walking,Chimpanzee,Mammal
./video/animalkingdom_augmented/GHROHCEI_aug2.mp4,Walking,Chimpanzee,Mammal
./video/animalkingdom_augmented/GIVJGXGD_aug0.mp4,Attending,Fox,Mammal
./video/animalkingdom_augmented/GIVJGXGD_aug1.mp4,Attending,Fox,Mammal
./video/animalkingdom_augmented/GIVJGXGD_aug2.mp4,Attending,Fox,Mammal
./video/animalkingdom_augmented/GKZXNIMN_aug0.mp4,Walking,Dholes,Mammal
./video/animalkingdom_augmented/GKZXNIMN_aug1.mp4,Walking,Dholes,Mammal
./video/animalkingdom_augmented/GKZXNIMN_aug2.mp4,Walking,Dholes,Mammal
./video/animalkingdom_augmented/GMAYMFGA_aug0.mp4,Walking,Wildebeest,Mammal
./video/animalkingdom_augmented/GMAYMFGA_aug1.mp4,Walking,Wildebeest,Mammal
./video/animalkingdom_augmented/GMAYMFGA_aug2.mp4,Walking,Wildebeest,Mammal
./video/animalkingdom_augmented/GMHMUNPL_aug0.mp4,Eating,Squirrel,Mammal
./video/animalkingdom_augmented/GMHMUNPL_aug1.mp4,Eating,Squirrel,Mammal
./video/animalkingdom_augmented/GMHMUNPL_aug2.mp4,Eating,Squirrel,Mammal
./video/animalkingdom_augmented/GNBCOCNX_aug0.mp4,Sensing,Wolf,Mammal
./video/animalkingdom_augmented/GNBCOCNX_aug1.mp4,Sensing,Wolf,Mammal
./video/animalkingdom_augmented/GNBCOCNX_aug2.mp4,Sensing,Wolf,Mammal
./video/animalkingdom_augmented/GNEUMTCN_aug0.mp4,Eating,Horse Young,Mammal
./video/animalkingdom_augmented/GNEUMTCN_aug1.mp4,Eating,Horse Young,Mammal
./video/animalkingdom_augmented/GNEUMTCN_aug2.mp4,Eating,Horse Young,Mammal
./video/animalkingdom_augmented/GNMCNCNX_aug0.mp4,Eating,Wolf,Mammal
./video/animalkingdom_augmented/GNMCNCNX_aug1.mp4,Eating,Wolf,Mammal
./video/animalkingdom_augmented/GNMCNCNX_aug2.mp4,Eating,Wolf,Mammal
./video/animalkingdom_augmented/GNNXLFFP_aug0.mp4,Walking,Maroon Macaque,Mammal
./video/animalkingdom_augmented/GNNXLFFP_aug1.mp4,Walking,Maroon Macaque,Mammal
./video/animalkingdom_augmented/GNNXLFFP_aug2.mp4,Walking,Maroon Macaque,Mammal
./video/animalkingdom_augmented/GNWELUPH_aug0.mp4,Walking,Chamois Goat Antelope,Mammal
./video/animalkingdom_augmented/GNWELUPH_aug1.mp4,Walking,Chamois Goat Antelope,Mammal
./video/animalkingdom_augmented/GNWELUPH_aug2.mp4,Walking,Chamois Goat Antelope,Mammal
./video/animalkingdom_augmented/GNYJZBQT_aug0.mp4,Walking,Pangolin,Mammal
./video/animalkingdom_augmented/GNYJZBQT_aug1.mp4,Walking,Pangolin,Mammal
./video/animalkingdom_augmented/GNYJZBQT_aug2.mp4,Walking,Pangolin,Mammal
./video/animalkingdom_augmented/GPBPWXGD_aug0.mp4,Eating,Horse,Mammal
./video/animalkingdom_augmented/GPBPWXGD_aug1.mp4,Eating,Horse,Mammal
./video/animalkingdom_augmented/GPBPWXGD_aug2.mp4,Eating,Horse,Mammal
./video/animalkingdom_augmented/GQKYNFYY_aug0.mp4,Eating,Otter,Mammal
./video/animalkingdom_augmented/GQKYNFYY_aug1.mp4,Eating,Otter,Mammal
./video/animalkingdom_augmented/GQKYNFYY_aug2.mp4,Eating,Otter,Mammal
./video/animalkingdom_augmented/GQPZXBME_aug0.mp4,Eating,Horse,Mammal
./video/animalkingdom_augmented/GQPZXBME_aug1.mp4,Eating,Horse,Mammal
./video/animalkingdom_augmented/GQPZXBME_aug2.mp4,Eating,Horse,Mammal
./video/animalkingdom_augmented/GQTPHUDX_aug0.mp4,Walking,Cheetah,Mammal
./video/animalkingdom_augmented/GQTPHUDX_aug1.mp4,Walking,Cheetah,Mammal
./video/animalkingdom_augmented/GQTPHUDX_aug2.mp4,Walking,Cheetah,Mammal
./video/animalkingdom_augmented/GRUCDFGA_aug0.mp4,Running,Wolf,Mammal
./video/animalkingdom_augmented/GRUCDFGA_aug1.mp4,Running,Wolf,Mammal
./video/animalkingdom_augmented/GRUCDFGA_aug2.mp4,Running,Wolf,Mammal
./video/animalkingdom_augmented/GSRHOXGD_aug0.mp4,Running,Horse,Mammal
./video/animalkingdom_augmented/GSRHOXGD_aug1.mp4,Running,Horse,Mammal
./video/animalkingdom_augmented/GSRHOXGD_aug2.mp4,Running,Horse,Mammal
./video/animalkingdom_augmented/GSVYUBQT_aug0.mp4,Eating,Plantain Squirrel,Mammal
./video/animalkingdom_augmented/GSVYUBQT_aug1.mp4,Eating,Plantain Squirrel,Mammal
./video/animalkingdom_augmented/GSVYUBQT_aug2.mp4,Eating,Plantain Squirrel,Mammal
./video/animalkingdom_augmented/GTKMUFFP_aug0.mp4,Sensing,Maroon Macaque,Mammal
./video/animalkingdom_augmented/GTKMUFFP_aug1.mp4,Sensing,Maroon Macaque,Mammal
./video/animalkingdom_augmented/GTKMUFFP_aug2.mp4,Sensing,Maroon Macaque,Mammal
./video/animalkingdom_augmented/GTPSJOXJ_aug0.mp4,Jumping,Beaver,Mammal
./video/animalkingdom_augmented/GTPSJOXJ_aug1.mp4,Jumping,Beaver,Mammal
./video/animalkingdom_augmented/GTPSJOXJ_aug2.mp4,Jumping,Beaver,Mammal
./video/animalkingdom_augmented/GUBXCXGD_aug0.mp4,Attending,Horse,Mammal
./video/animalkingdom_augmented/GUBXCXGD_aug1.mp4,Attending,Horse,Mammal
./video/animalkingdom_augmented/GUBXCXGD_aug2.mp4,Attending,Horse,Mammal
./video/animalkingdom_augmented/GUINTTCN_aug0.mp4,Walking,Horse Young,Mammal
./video/animalkingdom_augmented/GUINTTCN_aug1.mp4,Walking,Horse Young,Mammal
./video/animalkingdom_augmented/GUINTTCN_aug2.mp4,Walking,Horse Young,Mammal
./video/animalkingdom_augmented/GUVIGBME_aug0.mp4,Walking,Horse,Mammal
./video/animalkingdom_augmented/GUVIGBME_aug1.mp4,Walking,Horse,Mammal
./video/animalkingdom_augmented/GUVIGBME_aug2.mp4,Walking,Horse,Mammal
./video/animalkingdom_augmented/GWMRQXGD_aug0.mp4,Walking,Horse,Mammal
./video/animalkingdom_augmented/GWMRQXGD_aug1.mp4,Walking,Horse,Mammal
./video/animalkingdom_augmented/GWMRQXGD_aug2.mp4,Walking,Horse,Mammal
./video/animalkingdom_augmented/GWRPTXDO_aug0.mp4,Sensing,Wild Dog,Mammal
./video/animalkingdom_augmented/GWRPTXDO_aug1.mp4,Sensing,Wild Dog,Mammal
./video/animalkingdom_augmented/GWRPTXDO_aug2.mp4,Sensing,Wild Dog,Mammal
./video/animalkingdom_augmented/GXCJRKEW_aug0.mp4,Running,Stoat,Mammal
./video/animalkingdom_augmented/GXCJRKEW_aug1.mp4,Running,Stoat,Mammal
./video/animalkingdom_augmented/GXCJRKEW_aug2.mp4,Running,Stoat,Mammal
./video/animalkingdom_augmented/GXCSJXGD_aug0.mp4,Walking,Horse,Mammal
./video/animalkingdom_augmented/GXCSJXGD_aug1.mp4,Walking,Horse,Mammal
./video/animalkingdom_augmented/GXCSJXGD_aug2.mp4,Walking,Horse,Mammal
./video/animalkingdom_augmented/GXSFVXGD_aug0.mp4,Running,Horse,Mammal
./video/animalkingdom_augmented/GXSFVXGD_aug1.mp4,Running,Horse,Mammal
./video/animalkingdom_augmented/GXSFVXGD_aug2.mp4,Running,Horse,Mammal
./video/animalkingdom_augmented/HAIFDBQT_aug0.mp4,Eating,Plantain Squirrel,Mammal
./video/animalkingdom_augmented/HAIFDBQT_aug1.mp4,Eating,Plantain Squirrel,Mammal
./video/animalkingdom_augmented/HAIFDBQT_aug2.mp4,Eating,Plantain Squirrel,Mammal
./video/animalkingdom_augmented/HAJCSXGD_aug0.mp4,Running,Horse,Mammal
./video/animalkingdom_augmented/HAJCSXGD_aug1.mp4,Running,Horse,Mammal
./video/animalkingdom_augmented/HAJCSXGD_aug2.mp4,Running,Horse,Mammal
./video/animalkingdom_augmented/HAKTOBME_aug0.mp4,Eating,Horse,Mammal
./video/animalkingdom_augmented/HAKTOBME_aug1.mp4,Eating,Horse,Mammal
./video/animalkingdom_augmented/HAKTOBME_aug2.mp4,Eating,Horse,Mammal
./video/animalkingdom_augmented/HAZRRBQT_aug0.mp4,Jumping,Raffles Banded Langur,Mammal
./video/animalkingdom_augmented/HAZRRBQT_aug1.mp4,Jumping,Raffles Banded Langur,Mammal
./video/animalkingdom_augmented/HAZRRBQT_aug2.mp4,Jumping,Raffles Banded Langur,Mammal
./video/animalkingdom_augmented/HBVVGXGD_aug0.mp4,Eating,Horse,Mammal
./video/animalkingdom_augmented/HBVVGXGD_aug1.mp4,Eating,Horse,Mammal
./video/animalkingdom_augmented/HBVVGXGD_aug2.mp4,Eating,Horse,Mammal
./video/animalkingdom_augmented/HCDJRXGD_aug0.mp4,Running,Horse,Mammal
./video/animalkingdom_augmented/HCDJRXGD_aug1.mp4,Running,Horse,Mammal
./video/animalkingdom_augmented/HCDJRXGD_aug2.mp4,Running,Horse,Mammal
./video/animalkingdom_augmented/HCOWMEBY_aug0.mp4,Sensing,Fox,Mammal
./video/animalkingdom_augmented/HCOWMEBY_aug1.mp4,Sensing,Fox,Mammal
./video/animalkingdom_augmented/HCOWMEBY_aug2.mp4,Sensing,Fox,Mammal
./video/animalkingdom_augmented/HCPLXQCN_aug0.mp4,Sensing,Ibex,Mammal
./video/animalkingdom_augmented/HCPLXQCN_aug1.mp4,Sensing,Ibex,Mammal
./video/animalkingdom_augmented/HCPLXQCN_aug2.mp4,Sensing,Ibex,Mammal
./video/animalkingdom_augmented/HDEOCXGD_aug0.mp4,Eating,Horse,Mammal
./video/animalkingdom_augmented/HDEOCXGD_aug1.mp4,Eating,Horse,Mammal
./video/animalkingdom_augmented/HDEOCXGD_aug2.mp4,Eating,Horse,Mammal
./video/animalkingdom_augmented/HDGFVUDX_aug0.mp4,Walking,Cheetah,Mammal
./video/animalkingdom_augmented/HDGFVUDX_aug1.mp4,Walking,Cheetah,Mammal
./video/animalkingdom_augmented/HDGFVUDX_aug2.mp4,Walking,Cheetah,Mammal
./video/animalkingdom_augmented/HDULNFFP_aug0.mp4,Walking,Maroon Macaque,Mammal
./video/animalkingdom_augmented/HDULNFFP_aug1.mp4,Walking,Maroon Macaque,Mammal
./video/animalkingdom_augmented/HDULNFFP_aug2.mp4,Walking,Maroon Macaque,Mammal
./video/animalkingdom_augmented/HESZDXGD_aug0.mp4,Running,Horse,Mammal
./video/animalkingdom_augmented/HESZDXGD_aug1.mp4,Running,Horse,Mammal
./video/animalkingdom_augmented/HESZDXGD_aug2.mp4,Running,Horse,Mammal
./video/animalkingdom_augmented/HFEKNBQT_aug0.mp4,Jumping,Raffles Banded Langur,Mammal
./video/animalkingdom_augmented/HFEKNBQT_aug1.mp4,Jumping,Raffles Banded Langur,Mammal
./video/animalkingdom_augmented/HFEKNBQT_aug2.mp4,Jumping,Raffles Banded Langur,Mammal
./video/animalkingdom_augmented/HGDDETEK_aug0.mp4,Attending,White Tiger,Mammal
./video/animalkingdom_augmented/HGDDETEK_aug1.mp4,Attending,White Tiger,Mammal
./video/animalkingdom_augmented/HGDDETEK_aug2.mp4,Attending,White Tiger,Mammal
./video/animalkingdom_augmented/HGFEZRAC_aug0.mp4,Walking,Jaguarundi Cat,Mammal
./video/animalkingdom_augmented/HGFEZRAC_aug1.mp4,Walking,Jaguarundi Cat,Mammal
./video/animalkingdom_augmented/HGFEZRAC_aug2.mp4,Walking,Jaguarundi Cat,Mammal
./video/animalkingdom_augmented/HHASQVYU_aug0.mp4,Attending,Leopard,Mammal
./video/animalkingdom_augmented/HHASQVYU_aug1.mp4,Attending,Leopard,Mammal
./video/animalkingdom_augmented/HHASQVYU_aug2.mp4,Attending,Leopard,Mammal
./video/animalkingdom_augmented/HHDLXDPR_aug0.mp4,Sensing,Coyote,Mammal
./video/animalkingdom_augmented/HHDLXDPR_aug1.mp4,Sensing,Coyote,Mammal
./video/animalkingdom_augmented/HHDLXDPR_aug2.mp4,Sensing,Coyote,Mammal
./video/animalkingdom_augmented/HHUHSFGA_aug0.mp4,Running,Wildebeest,Mammal
./video/animalkingdom_augmented/HHUHSFGA_aug1.mp4,Running,Wildebeest,Mammal
./video/animalkingdom_augmented/HHUHSFGA_aug2.mp4,Running,Wildebeest,Mammal
./video/animalkingdom_augmented/HITMUBQT_aug0.mp4,Eating,Plantain Squirrel,Mammal
./video/animalkingdom_augmented/HITMUBQT_aug1.mp4,Eating,Plantain Squirrel,Mammal
./video/animalkingdom_augmented/HITMUBQT_aug2.mp4,Eating,Plantain Squirrel,Mammal
./video/animalkingdom_augmented/HJVDLICI_aug0.mp4,Keeping still,Cheetah,Mammal
./video/animalkingdom_augmented/HJVDLICI_aug1.mp4,Keeping still,Cheetah,Mammal
./video/animalkingdom_augmented/HJVDLICI_aug2.mp4,Keeping still,Cheetah,Mammal
./video/animalkingdom_augmented/HKTGJNPO_aug0.mp4,Walking,Lion,Mammal
./video/animalkingdom_augmented/HKTGJNPO_aug1.mp4,Walking,Lion,Mammal
./video/animalkingdom_augmented/HKTGJNPO_aug2.mp4,Walking,Lion,Mammal
./video/animalkingdom_augmented/HKVZTXGD_aug0.mp4,Walking,Horse,Mammal
./video/animalkingdom_augmented/HKVZTXGD_aug1.mp4,Walking,Horse,Mammal
./video/animalkingdom_augmented/HKVZTXGD_aug2.mp4,Walking,Horse,Mammal
./video/animalkingdom_augmented/HLBYHXGD_aug0.mp4,Eating,Kangaroo,Mammal
./video/animalkingdom_augmented/HLBYHXGD_aug1.mp4,Eating,Kangaroo,Mammal
./video/animalkingdom_augmented/HLBYHXGD_aug2.mp4,Eating,Kangaroo,Mammal
./video/animalkingdom_augmented/HLGTQNJC_aug0.mp4,Jumping,Deer,Mammal
./video/animalkingdom_augmented/HLGTQNJC_aug1.mp4,Jumping,Deer,Mammal
./video/animalkingdom_augmented/HLGTQNJC_aug2.mp4,Jumping,Deer,Mammal
./video/animalkingdom_augmented/HLJWHRAC_aug0.mp4,Walking,Tamandua,Mammal
./video/animalkingdom_augmented/HLJWHRAC_aug1.mp4,Walking,Tamandua,Mammal
./video/animalkingdom_augmented/HLJWHRAC_aug2.mp4,Walking,Tamandua,Mammal
./video/animalkingdom_augmented/HLMWBXGD_aug0.mp4,Running,Horse,Mammal
./video/animalkingdom_augmented/HLMWBXGD_aug1.mp4,Running,Horse,Mammal
./video/animalkingdom_augmented/HLMWBXGD_aug2.mp4,Running,Horse,Mammal
./video/animalkingdom_augmented/HMWPXDPR_aug0.mp4,Walking,Ocelot,Mammal
./video/animalkingdom_augmented/HMWPXDPR_aug1.mp4,Walking,Ocelot,Mammal
./video/animalkingdom_augmented/HMWPXDPR_aug2.mp4,Walking,Ocelot,Mammal
./video/animalkingdom_augmented/HNCJCKEW_aug0.mp4,Keeping still,Pika,Mammal
./video/animalkingdom_augmented/HNCJCKEW_aug1.mp4,Keeping still,Pika,Mammal
./video/animalkingdom_augmented/HNCJCKEW_aug2.mp4,Keeping still,Pika,Mammal
./video/animalkingdom_augmented/HNHAVXGD_aug0.mp4,Running,Horse,Mammal
./video/animalkingdom_augmented/HNHAVXGD_aug1.mp4,Running,Horse,Mammal
./video/animalkingdom_augmented/HNHAVXGD_aug2.mp4,Running,Horse,Mammal
./video/animalkingdom_augmented/HNJDOTHG_aug0.mp4,Walking,Red River Hog,Mammal
./video/animalkingdom_augmented/HNJDOTHG_aug1.mp4,Walking,Red River Hog,Mammal
./video/animalkingdom_augmented/HNJDOTHG_aug2.mp4,Walking,Red River Hog,Mammal
./video/animalkingdom_augmented/HOBGXXGD_aug0.mp4,Walking,Horse,Mammal
./video/animalkingdom_augmented/HOBGXXGD_aug1.mp4,Walking,Horse,Mammal
./video/animalkingdom_augmented/HOBGXXGD_aug2.mp4,Walking,Horse,Mammal
./video/animalkingdom_augmented/HOXJRNPL_aug0.mp4,Walking,Squirrel,Mammal
./video/animalkingdom_augmented/HOXJRNPL_aug1.mp4,Walking,Squirrel,Mammal
./video/animalkingdom_augmented/HOXJRNPL_aug2.mp4,Walking,Squirrel,Mammal
./video/animalkingdom_augmented/HPHCNTHG_aug0.mp4,Walking,Red River Hog,Mammal
./video/animalkingdom_augmented/HPHCNTHG_aug1.mp4,Walking,Red River Hog,Mammal
./video/animalkingdom_augmented/HPHCNTHG_aug2.mp4,Walking,Red River Hog,Mammal
./video/animalkingdom_augmented/HPHVJTCN_aug0.mp4,Sensing,Horse Young,Mammal
./video/animalkingdom_augmented/HPHVJTCN_aug1.mp4,Sensing,Horse Young,Mammal
./video/animalkingdom_augmented/HPHVJTCN_aug2.mp4,Sensing,Horse Young,Mammal
./video/animalkingdom_augmented/HPVZLFFP_aug0.mp4,Keeping still,Maroon Macaque,Mammal
./video/animalkingdom_augmented/HPVZLFFP_aug1.mp4,Keeping still,Maroon Macaque,Mammal
./video/animalkingdom_augmented/HPVZLFFP_aug2.mp4,Keeping still,Maroon Macaque,Mammal
./video/animalkingdom_augmented/HQIGZNPL_aug0.mp4,Keeping still,Squirrel,Mammal
./video/animalkingdom_augmented/HQIGZNPL_aug1.mp4,Keeping still,Squirrel,Mammal
./video/animalkingdom_augmented/HQIGZNPL_aug2.mp4,Keeping still,Squirrel,Mammal
./video/animalkingdom_augmented/HQPJACEI_aug0.mp4,Walking,Chimpanzee,Mammal
./video/animalkingdom_augmented/HQPJACEI_aug1.mp4,Walking,Chimpanzee,Mammal
./video/animalkingdom_augmented/HQPJACEI_aug2.mp4,Walking,Chimpanzee,Mammal
./video/animalkingdom_augmented/HQQASBQT_aug0.mp4,Walking,Otter,Mammal
./video/animalkingdom_augmented/HQQASBQT_aug1.mp4,Walking,Otter,Mammal
./video/animalkingdom_augmented/HQQASBQT_aug2.mp4,Walking,Otter,Mammal
./video/animalkingdom_augmented/HREWJTEK_aug0.mp4,Eating,Fishing Cat,Mammal
./video/animalkingdom_augmented/HREWJTEK_aug1.mp4,Eating,Fishing Cat,Mammal
./video/animalkingdom_augmented/HREWJTEK_aug2.mp4,Eating,Fishing Cat,Mammal
./video/animalkingdom_augmented/HRJQVUDX_aug0.mp4,Walking,Elephant,Mammal
./video/animalkingdom_augmented/HRJQVUDX_aug1.mp4,Walking,Elephant,Mammal
./video/animalkingdom_augmented/HRJQVUDX_aug2.mp4,Walking,Elephant,Mammal
./video/animalkingdom_augmented/HRLSKXGD_aug0.mp4,Eating,Mountain Pygmy Possum,Mammal
./video/animalkingdom_augmented/HRLSKXGD_aug1.mp4,Eating,Mountain Pygmy Possum,Mammal
./video/animalkingdom_augmented/HRLSKXGD_aug2.mp4,Eating,Mountain Pygmy Possum,Mammal
./video/animalkingdom_augmented/HRPDDXGD_aug0.mp4,Running,Horse,Mammal
./video/animalkingdom_augmented/HRPDDXGD_aug1.mp4,Running,Horse,Mammal
./video/animalkingdom_augmented/HRPDDXGD_aug2.mp4,Running,Horse,Mammal
./video/animalkingdom_augmented/HSUJYUDX_aug0.mp4,Walking,Elephant,Mammal
./video/animalkingdom_augmented/HSUJYUDX_aug1.mp4,Walking,Elephant,Mammal
./video/animalkingdom_augmented/HSUJYUDX_aug2.mp4,Walking,Elephant,Mammal
./video/animalkingdom_augmented/HTDYEXGD_aug0.mp4,Sensing,Horse,Mammal
./video/animalkingdom_augmented/HTDYEXGD_aug1.mp4,Sensing,Horse,Mammal
./video/animalkingdom_augmented/HTDYEXGD_aug2.mp4,Sensing,Horse,Mammal
./video/animalkingdom_augmented/HTEDJRAC_aug0.mp4,Running,White Nosed Coati,Mammal
./video/animalkingdom_augmented/HTEDJRAC_aug1.mp4,Running,White Nosed Coati,Mammal
./video/animalkingdom_augmented/HTEDJRAC_aug2.mp4,Running,White Nosed Coati,Mammal
./video/animalkingdom_augmented/HTKABXGD_aug0.mp4,Eating,Kangaroo,Mammal
./video/animalkingdom_augmented/HTKABXGD_aug1.mp4,Eating,Kangaroo,Mammal
./video/animalkingdom_augmented/HTKABXGD_aug2.mp4,Eating,Kangaroo,Mammal
./video/animalkingdom_augmented/HTVUFRSU_aug0.mp4,Running,Wolf,Mammal
./video/animalkingdom_augmented/HTVUFRSU_aug1.mp4,Running,Wolf,Mammal
./video/animalkingdom_augmented/HTVUFRSU_aug2.mp4,Running,Wolf,Mammal
./video/animalkingdom_augmented/HVEJFXGD_aug0.mp4,Attending,Horse,Mammal
./video/animalkingdom_augmented/HVEJFXGD_aug1.mp4,Attending,Horse,Mammal
./video/animalkingdom_augmented/HVEJFXGD_aug2.mp4,Attending,Horse,Mammal
./video/animalkingdom_augmented/HWKCZAMC_aug0.mp4,Walking,Lion Young,Mammal
./video/animalkingdom_augmented/HWKCZAMC_aug1.mp4,Walking,Lion Young,Mammal
./video/animalkingdom_augmented/HWKCZAMC_aug2.mp4,Walking,Lion Young,Mammal
./video/animalkingdom_augmented/HXNAZRAC_aug0.mp4,Sensing,Jaguarundi Cat,Mammal
./video/animalkingdom_augmented/HXNAZRAC_aug1.mp4,Sensing,Jaguarundi Cat,Mammal
./video/animalkingdom_augmented/HXNAZRAC_aug2.mp4,Sensing,Jaguarundi Cat,Mammal
./video/animalkingdom_augmented/HXNGQUDX_aug0.mp4,Walking,Lion,Mammal
./video/animalkingdom_augmented/HXNGQUDX_aug1.mp4,Walking,Lion,Mammal
./video/animalkingdom_augmented/HXNGQUDX_aug2.mp4,Walking,Lion,Mammal
./video/animalkingdom_augmented/HYGTXBQT_aug0.mp4,Sensing,Raffles Banded Langur,Mammal
./video/animalkingdom_augmented/HYGTXBQT_aug1.mp4,Sensing,Raffles Banded Langur,Mammal
./video/animalkingdom_augmented/HYGTXBQT_aug2.mp4,Sensing,Raffles Banded Langur,Mammal
./video/animalkingdom_augmented/HYSOWTCN_aug0.mp4,Sensing,Horse Young,Mammal
./video/animalkingdom_augmented/HYSOWTCN_aug1.mp4,Sensing,Horse Young,Mammal
./video/animalkingdom_augmented/HYSOWTCN_aug2.mp4,Sensing,Horse Young,Mammal
./video/animalkingdom_augmented/HYSYZRAC_aug0.mp4,Running,Jaguarundi Cat,Mammal
./video/animalkingdom_augmented/HYSYZRAC_aug1.mp4,Running,Jaguarundi Cat,Mammal
./video/animalkingdom_augmented/HYSYZRAC_aug2.mp4,Running,Jaguarundi Cat,Mammal
./video/animalkingdom_augmented/HZCZBBQT_aug0.mp4,Attending,Raffles Banded Langur,Mammal
./video/animalkingdom_augmented/HZCZBBQT_aug1.mp4,Attending,Raffles Banded Langur,Mammal
./video/animalkingdom_augmented/HZCZBBQT_aug2.mp4,Attending,Raffles Banded Langur,Mammal
./video/animalkingdom_augmented/HZKMKTEK_aug0.mp4,Sensing,Sri Lankan Leopard,Mammal
./video/animalkingdom_augmented/HZKMKTEK_aug1.mp4,Sensing,Sri Lankan Leopard,Mammal
./video/animalkingdom_augmented/HZKMKTEK_aug2.mp4,Sensing,Sri Lankan Leopard,Mammal
./video/animalkingdom_augmented/HZSBAVMP_aug0.mp4,Eating,Bison,Mammal
./video/animalkingdom_augmented/HZSBAVMP_aug1.mp4,Eating,Bison,Mammal
./video/animalkingdom_augmented/HZSBAVMP_aug2.mp4,Eating,Bison,Mammal
./video/animalkingdom_augmented/HZYULXGD_aug0.mp4,Running,Horse,Mammal
./video/animalkingdom_augmented/HZYULXGD_aug1.mp4,Running,Horse,Mammal
./video/animalkingdom_augmented/HZYULXGD_aug2.mp4,Running,Horse,Mammal
./video/animalkingdom_augmented/IAARQSMJ_aug0.mp4,Walking,Red River Hog,Mammal
./video/animalkingdom_augmented/IAARQSMJ_aug1.mp4,Walking,Red River Hog,Mammal
./video/animalkingdom_augmented/IAARQSMJ_aug2.mp4,Walking,Red River Hog,Mammal
./video/animalkingdom_augmented/IACDZXGD_aug0.mp4,Walking,Horse,Mammal
./video/animalkingdom_augmented/IACDZXGD_aug1.mp4,Walking,Horse,Mammal
./video/animalkingdom_augmented/IACDZXGD_aug2.mp4,Walking,Horse,Mammal
./video/animalkingdom_augmented/IAKDVEBY_aug0.mp4,Walking,Fox,Mammal
./video/animalkingdom_augmented/IAKDVEBY_aug1.mp4,Walking,Fox,Mammal
./video/animalkingdom_augmented/IAKDVEBY_aug2.mp4,Walking,Fox,Mammal
./video/animalkingdom_augmented/IAOVLTEK_aug0.mp4,Eating,Bornean Orangutan,Mammal
./video/animalkingdom_augmented/IAOVLTEK_aug1.mp4,Eating,Bornean Orangutan,Mammal
./video/animalkingdom_augmented/IAOVLTEK_aug2.mp4,Eating,Bornean Orangutan,Mammal
./video/animalkingdom_augmented/IBBJLBQT_aug0.mp4,Keeping still,Raffles Banded Langur,Mammal
./video/animalkingdom_augmented/IBBJLBQT_aug1.mp4,Keeping still,Raffles Banded Langur,Mammal
./video/animalkingdom_augmented/IBBJLBQT_aug2.mp4,Keeping still,Raffles Banded Langur,Mammal
./video/animalkingdom_augmented/IBNUKAMC_aug0.mp4,Walking,Lion,Mammal
./video/animalkingdom_augmented/IBNUKAMC_aug1.mp4,Walking,Lion,Mammal
./video/animalkingdom_augmented/IBNUKAMC_aug2.mp4,Walking,Lion,Mammal
./video/animalkingdom_augmented/IBOJVUDX_aug0.mp4,Walking,Cheetah,Mammal
./video/animalkingdom_augmented/IBOJVUDX_aug1.mp4,Walking,Cheetah,Mammal
./video/animalkingdom_augmented/IBOJVUDX_aug2.mp4,Walking,Cheetah,Mammal
./video/animalkingdom_augmented/IBTBNXGD_aug0.mp4,Eating,Kangaroo,Mammal
./video/animalkingdom_augmented/IBTBNXGD_aug1.mp4,Eating,Kangaroo,Mammal
./video/animalkingdom_augmented/IBTBNXGD_aug2.mp4,Eating,Kangaroo,Mammal
./video/animalkingdom_augmented/IBTSPUDX_aug0.mp4,Walking,Cheetah,Mammal
./video/animalkingdom_augmented/IBTSPUDX_aug1.mp4,Walking,Cheetah,Mammal
./video/animalkingdom_augmented/IBTSPUDX_aug2.mp4,Walking,Cheetah,Mammal
./video/animalkingdom_augmented/IBXIUKEW_aug0.mp4,Running,Pika,Mammal
./video/animalkingdom_augmented/IBXIUKEW_aug1.mp4,Running,Pika,Mammal
./video/animalkingdom_augmented/IBXIUKEW_aug2.mp4,Running,Pika,Mammal
./video/animalkingdom_augmented/ICCBOFGA_aug0.mp4,Walking,Wild Dog,Mammal
./video/animalkingdom_augmented/ICCBOFGA_aug1.mp4,Walking,Wild Dog,Mammal
./video/animalkingdom_augmented/ICCBOFGA_aug2.mp4,Walking,Wild Dog,Mammal
./video/animalkingdom_augmented/ICPFTUDX_aug0.mp4,Walking,Lion,Mammal
./video/animalkingdom_augmented/ICPFTUDX_aug1.mp4,Walking,Lion,Mammal
./video/animalkingdom_augmented/ICPFTUDX_aug2.mp4,Walking,Lion,Mammal
./video/animalkingdom_augmented/ICWMBAMC_aug0.mp4,Walking,Lion,Mammal
./video/animalkingdom_augmented/ICWMBAMC_aug1.mp4,Walking,Lion,Mammal
./video/animalkingdom_augmented/ICWMBAMC_aug2.mp4,Walking,Lion,Mammal
./video/animalkingdom_augmented/ICYKYXGD_aug0.mp4,Running,Horse,Mammal
./video/animalkingdom_augmented/ICYKYXGD_aug1.mp4,Running,Horse,Mammal
./video/animalkingdom_augmented/ICYKYXGD_aug2.mp4,Running,Horse,Mammal
./video/animalkingdom_augmented/IECYSLQI_aug0.mp4,Eating,Barking Deer,Mammal
./video/animalkingdom_augmented/IECYSLQI_aug1.mp4,Eating,Barking Deer,Mammal
./video/animalkingdom_augmented/IECYSLQI_aug2.mp4,Eating,Barking Deer,Mammal
./video/animalkingdom_augmented/IEEELRAC_aug0.mp4,Walking,Capuchin Monkey,Mammal
./video/animalkingdom_augmented/IEEELRAC_aug1.mp4,Walking,Capuchin Monkey,Mammal
./video/animalkingdom_augmented/IEEELRAC_aug2.mp4,Walking,Capuchin Monkey,Mammal
./video/animalkingdom_augmented/IEMAJDPR_aug0.mp4,Walking,Cougar,Mammal
./video/animalkingdom_augmented/IEMAJDPR_aug1.mp4,Walking,Cougar,Mammal
./video/animalkingdom_augmented/IEMAJDPR_aug2.mp4,Walking,Cougar,Mammal
./video/animalkingdom_augmented/IESWATEK_aug0.mp4,Walking,Malayan Tapir,Mammal
./video/animalkingdom_augmented/IESWATEK_aug1.mp4,Walking,Malayan Tapir,Mammal
./video/animalkingdom_augmented/IESWATEK_aug2.mp4,Walking,Malayan Tapir,Mammal
./video/animalkingdom_augmented/IEWNHBQT_aug0.mp4,Attending,Raffles Banded Langur,Mammal
./video/animalkingdom_augmented/IEWNHBQT_aug1.mp4,Attending,Raffles Banded Langur,Mammal
./video/animalkingdom_augmented/IEWNHBQT_aug2.mp4,Attending,Raffles Banded Langur,Mammal
./video/animalkingdom_augmented/IFUOAXGD_aug0.mp4,Jumping,Horse,Mammal
./video/animalkingdom_augmented/IFUOAXGD_aug1.mp4,Jumping,Horse,Mammal
./video/animalkingdom_augmented/IFUOAXGD_aug2.mp4,Jumping,Horse,Mammal
./video/animalkingdom_augmented/IGICSXGD_aug0.mp4,Running,Horse,Mammal
./video/animalkingdom_augmented/IGICSXGD_aug1.mp4,Running,Horse,Mammal
./video/animalkingdom_augmented/IGICSXGD_aug2.mp4,Running,Horse,Mammal
./video/animalkingdom_augmented/IIPXFNPO_aug0.mp4,Attending,Lion,Mammal
./video/animalkingdom_augmented/IIPXFNPO_aug1.mp4,Attending,Lion,Mammal
./video/animalkingdom_augmented/IIPXFNPO_aug2.mp4,Attending,Lion,Mammal
./video/animalkingdom_augmented/IJDTWXGD_aug0.mp4,Running,Horse,Mammal
./video/animalkingdom_augmented/IJDTWXGD_aug1.mp4,Running,Horse,Mammal
./video/animalkingdom_augmented/IJDTWXGD_aug2.mp4,Running,Horse,Mammal
./video/animalkingdom_augmented/IKHFZKEW_aug0.mp4,Jumping,Pika,Mammal
./video/animalkingdom_augmented/IKHFZKEW_aug1.mp4,Jumping,Pika,Mammal
./video/animalkingdom_augmented/IKHFZKEW_aug2.mp4,Jumping,Pika,Mammal
./video/animalkingdom_augmented/IKJGSTHG_aug0.mp4,Keeping still,Red River Hog,Mammal
./video/animalkingdom_augmented/IKJGSTHG_aug1.mp4,Keeping still,Red River Hog,Mammal
./video/animalkingdom_augmented/IKJGSTHG_aug2.mp4,Keeping still,Red River Hog,Mammal
./video/animalkingdom_augmented/IKMMYXGD_aug0.mp4,Keeping still,Horse,Mammal
./video/animalkingdom_augmented/IKMMYXGD_aug1.mp4,Keeping still,Horse,Mammal
./video/animalkingdom_augmented/IKMMYXGD_aug2.mp4,Keeping still,Horse,Mammal
./video/animalkingdom_augmented/IKSBHMYV_aug0.mp4,Walking,Gorilla,Mammal
./video/animalkingdom_augmented/IKSBHMYV_aug1.mp4,Walking,Gorilla,Mammal
./video/animalkingdom_augmented/IKSBHMYV_aug2.mp4,Walking,Gorilla,Mammal
./video/animalkingdom_augmented/IKTCNBQT_aug0.mp4,Jumping,Raffles Banded Langur,Mammal
./video/animalkingdom_augmented/IKTCNBQT_aug1.mp4,Jumping,Raffles Banded Langur,Mammal
./video/animalkingdom_augmented/IKTCNBQT_aug2.mp4,Jumping,Raffles Banded Langur,Mammal
./video/animalkingdom_augmented/ILHAUQCN_aug0.mp4,Walking,Ibex,Mammal
./video/animalkingdom_augmented/ILHAUQCN_aug1.mp4,Walking,Ibex,Mammal
./video/animalkingdom_augmented/ILHAUQCN_aug2.mp4,Walking,Ibex,Mammal
./video/animalkingdom_augmented/IMAQEICI_aug0.mp4,Keeping still,Cheetah,Mammal
./video/animalkingdom_augmented/IMAQEICI_aug1.mp4,Keeping still,Cheetah,Mammal
./video/animalkingdom_augmented/IMAQEICI_aug2.mp4,Keeping still,Cheetah,Mammal
./video/animalkingdom_augmented/IMJGORAC_aug0.mp4,Running,White Nosed Coati,Mammal
./video/animalkingdom_augmented/IMJGORAC_aug1.mp4,Running,White Nosed Coati,Mammal
./video/animalkingdom_augmented/IMJGORAC_aug2.mp4,Running,White Nosed Coati,Mammal
./video/animalkingdom_augmented/IOCXZWBC_aug0.mp4,Walking,Mongoose,Mammal
./video/animalkingdom_augmented/IOCXZWBC_aug1.mp4,Walking,Mongoose,Mammal
./video/animalkingdom_augmented/IOCXZWBC_aug2.mp4,Walking,Mongoose,Mammal
./video/animalkingdom_augmented/IONOCBQT_aug0.mp4,Sensing,Raffles Banded Langur,Mammal
./video/animalkingdom_augmented/IONOCBQT_aug1.mp4,Sensing,Raffles Banded Langur,Mammal
./video/animalkingdom_augmented/IONOCBQT_aug2.mp4,Sensing,Raffles Banded Langur,Mammal
./video/animalkingdom_augmented/IPUPXXDO_aug0.mp4,Eating,Hyena,Mammal
./video/animalkingdom_augmented/IPUPXXDO_aug1.mp4,Eating,Hyena,Mammal
./video/animalkingdom_augmented/IPUPXXDO_aug2.mp4,Eating,Hyena,Mammal
./video/animalkingdom_augmented/IPWPDQCN_aug0.mp4,Walking,Ibex,Mammal
./video/animalkingdom_augmented/IPWPDQCN_aug1.mp4,Walking,Ibex,Mammal
./video/animalkingdom_augmented/IPWPDQCN_aug2.mp4,Walking,Ibex,Mammal
./video/animalkingdom_augmented/ITFOVXGD_aug0.mp4,Attending,Kangaroo,Mammal
./video/animalkingdom_augmented/ITFOVXGD_aug1.mp4,Attending,Kangaroo,Mammal
./video/animalkingdom_augmented/ITFOVXGD_aug2.mp4,Attending,Kangaroo,Mammal
./video/animalkingdom_augmented/ITTWLFGA_aug0.mp4,Running,Wildebeest,Mammal
./video/animalkingdom_augmented/ITTWLFGA_aug1.mp4,Running,Wildebeest,Mammal
./video/animalkingdom_augmented/ITTWLFGA_aug2.mp4,Running,Wildebeest,Mammal
./video/animalkingdom_augmented/IUFMBXGD_aug0.mp4,Walking,Horse,Mammal
./video/animalkingdom_augmented/IUFMBXGD_aug1.mp4,Walking,Horse,Mammal
./video/animalkingdom_augmented/IUFMBXGD_aug2.mp4,Walking,Horse,Mammal
./video/animalkingdom_augmented/IUGCUFGA_aug0.mp4,Running,Wolf,Mammal
./video/animalkingdom_augmented/IUGCUFGA_aug1.mp4,Running,Wolf,Mammal
./video/animalkingdom_augmented/IUGCUFGA_aug2.mp4,Running,Wolf,Mammal
./video/animalkingdom_augmented/IULTCNBD_aug0.mp4,Sensing,Serow,Mammal
./video/animalkingdom_augmented/IULTCNBD_aug1.mp4,Sensing,Serow,Mammal
./video/animalkingdom_augmented/IULTCNBD_aug2.mp4,Sensing,Serow,Mammal
./video/animalkingdom_augmented/IUUGEXGD_aug0.mp4,Eating,Rabbit,Mammal
./video/animalkingdom_augmented/IUUGEXGD_aug1.mp4,Eating,Rabbit,Mammal
./video/animalkingdom_augmented/IUUGEXGD_aug2.mp4,Eating,Rabbit,Mammal
./video/animalkingdom_augmented/IUZEQEBY_aug0.mp4,Keeping still,Fox,Mammal
./video/animalkingdom_augmented/IUZEQEBY_aug1.mp4,Keeping still,Fox,Mammal
./video/animalkingdom_augmented/IUZEQEBY_aug2.mp4,Keeping still,Fox,Mammal
./video/animalkingdom_augmented/IVHZGXGD_aug0.mp4,Running,Horse,Mammal
./video/animalkingdom_augmented/IVHZGXGD_aug1.mp4,Running,Horse,Mammal
./video/animalkingdom_augmented/IVHZGXGD_aug2.mp4,Running,Horse,Mammal
./video/animalkingdom_augmented/IVIQTFJG_aug0.mp4,Walking,Malayan Tapir,Mammal
./video/animalkingdom_augmented/IVIQTFJG_aug1.mp4,Walking,Malayan Tapir,Mammal
./video/animalkingdom_augmented/IVIQTFJG_aug2.mp4,Walking,Malayan Tapir,Mammal
./video/animalkingdom_augmented/IWQOCNSU_aug0.mp4,Sensing,Hyena,Mammal
./video/animalkingdom_augmented/IWQOCNSU_aug1.mp4,Sensing,Hyena,Mammal
./video/animalkingdom_augmented/IWQOCNSU_aug2.mp4,Sensing,Hyena,Mammal
./video/animalkingdom_augmented/IWYCRUDX_aug0.mp4,Walking,Elephant,Mammal
./video/animalkingdom_augmented/IWYCRUDX_aug1.mp4,Walking,Elephant,Mammal
./video/animalkingdom_augmented/IWYCRUDX_aug2.mp4,Walking,Elephant,Mammal
./video/animalkingdom_augmented/IXNCPBQT_aug0.mp4,Eating,Greater Mouse Deer,Mammal
./video/animalkingdom_augmented/IXNCPBQT_aug1.mp4,Eating,Greater Mouse Deer,Mammal
./video/animalkingdom_augmented/IXNCPBQT_aug2.mp4,Eating,Greater Mouse Deer,Mammal
./video/animalkingdom_augmented/IXRBDXGD_aug0.mp4,Keeping still,Echina,Mammal
./video/animalkingdom_augmented/IXRBDXGD_aug1.mp4,Keeping still,Echina,Mammal
./video/animalkingdom_augmented/IXRBDXGD_aug2.mp4,Keeping still,Echina,Mammal
./video/animalkingdom_augmented/IXUEPHGA_aug0.mp4,Keeping still,Giraffe,Mammal
./video/animalkingdom_augmented/IXUEPHGA_aug1.mp4,Keeping still,Giraffe,Mammal
./video/animalkingdom_augmented/IXUEPHGA_aug2.mp4,Keeping still,Giraffe,Mammal
./video/animalkingdom_augmented/IXZQUXGD_aug0.mp4,Running,Horse,Mammal
./video/animalkingdom_augmented/IXZQUXGD_aug1.mp4,Running,Horse,Mammal
./video/animalkingdom_augmented/IXZQUXGD_aug2.mp4,Running,Horse,Mammal
./video/animalkingdom_augmented/IZFBNBQT_aug0.mp4,Attending,Colugo,Mammal
./video/animalkingdom_augmented/IZFBNBQT_aug1.mp4,Attending,Colugo,Mammal
./video/animalkingdom_augmented/IZFBNBQT_aug2.mp4,Attending,Colugo,Mammal
./video/animalkingdom_augmented/IZTMAXGD_aug0.mp4,Running,Horse,Mammal
./video/animalkingdom_augmented/IZTMAXGD_aug1.mp4,Running,Horse,Mammal
./video/animalkingdom_augmented/IZTMAXGD_aug2.mp4,Running,Horse,Mammal
./video/animalkingdom_augmented/JAMOABQT_aug0.mp4,Attending,Raffles Banded Langur,Mammal
./video/animalkingdom_augmented/JAMOABQT_aug1.mp4,Attending,Raffles Banded Langur,Mammal
./video/animalkingdom_augmented/JAMOABQT_aug2.mp4,Attending,Raffles Banded Langur,Mammal
./video/animalkingdom_augmented/JANSXAMC_aug0.mp4,Walking,Lion Young,Mammal
./video/animalkingdom_augmented/JANSXAMC_aug1.mp4,Walking,Lion Young,Mammal
./video/animalkingdom_augmented/JANSXAMC_aug2.mp4,Walking,Lion Young,Mammal
./video/animalkingdom_augmented/JARPYUDX_aug0.mp4,Walking,Cheetah,Mammal
./video/animalkingdom_augmented/JARPYUDX_aug1.mp4,Walking,Cheetah,Mammal
./video/animalkingdom_augmented/JARPYUDX_aug2.mp4,Walking,Cheetah,Mammal
./video/animalkingdom_augmented/JBUDBLQI_aug0.mp4,Sensing,Rhesus Macaque,Mammal
./video/animalkingdom_augmented/JBUDBLQI_aug1.mp4,Sensing,Rhesus Macaque,Mammal
./video/animalkingdom_augmented/JBUDBLQI_aug2.mp4,Sensing,Rhesus Macaque,Mammal
./video/animalkingdom_augmented/JCAWKUDX_aug0.mp4,Attending,Leopard,Mammal
./video/animalkingdom_augmented/JCAWKUDX_aug1.mp4,Attending,Leopard,Mammal
./video/animalkingdom_augmented/JCAWKUDX_aug2.mp4,Attending,Leopard,Mammal
./video/animalkingdom_augmented/JCXLVVMS_aug0.mp4,Eating,Greater Mouse Deer,Mammal
./video/animalkingdom_augmented/JCXLVVMS_aug1.mp4,Eating,Greater Mouse Deer,Mammal
./video/animalkingdom_augmented/JCXLVVMS_aug2.mp4,Eating,Greater Mouse Deer,Mammal
./video/animalkingdom_augmented/JDCETIMN_aug0.mp4,Attending,Sumatran Hog Badger,Mammal
./video/animalkingdom_augmented/JDCETIMN_aug1.mp4,Attending,Sumatran Hog Badger,Mammal
./video/animalkingdom_augmented/JDCETIMN_aug2.mp4,Attending,Sumatran Hog Badger,Mammal
./video/animalkingdom_augmented/JDRFJNPL_aug0.mp4,Eating,Squirrel,Mammal
./video/animalkingdom_augmented/JDRFJNPL_aug1.mp4,Eating,Squirrel,Mammal
./video/animalkingdom_augmented/JDRFJNPL_aug2.mp4,Eating,Squirrel,Mammal
./video/animalkingdom_augmented/JDZKXPIF_aug0.mp4,Sensing,Grizzly Bear,Mammal
./video/animalkingdom_augmented/JDZKXPIF_aug1.mp4,Sensing,Grizzly Bear,Mammal
./video/animalkingdom_augmented/JDZKXPIF_aug2.mp4,Sensing,Grizzly Bear,Mammal
./video/animalkingdom_augmented/JERMTICI_aug0.mp4,Keeping still,Cheetah,Mammal
./video/animalkingdom_augmented/JERMTICI_aug1.mp4,Keeping still,Cheetah,Mammal
./video/animalkingdom_augmented/JERMTICI_aug2.mp4,Keeping still,Cheetah,Mammal
./video/animalkingdom_augmented/JFLJCRAC_aug0.mp4,Walking,Ocelot,Mammal
./video/animalkingdom_augmented/JFLJCRAC_aug1.mp4,Walking,Ocelot,Mammal
./video/animalkingdom_augmented/JFLJCRAC_aug2.mp4,Walking,Ocelot,Mammal
./video/animalkingdom_augmented/JFUJBBQT_aug0.mp4,Sensing,Raffles Banded Langur,Mammal
./video/animalkingdom_augmented/JFUJBBQT_aug1.mp4,Sensing,Raffles Banded Langur,Mammal
./video/animalkingdom_augmented/JFUJBBQT_aug2.mp4,Sensing,Raffles Banded Langur,Mammal
./video/animalkingdom_augmented/JFUYFXGD_aug0.mp4,Running,Horse,Mammal
./video/animalkingdom_augmented/JFUYFXGD_aug1.mp4,Running,Horse,Mammal
./video/animalkingdom_augmented/JFUYFXGD_aug2.mp4,Running,Horse,Mammal
./video/animalkingdom_augmented/JGFOMSMJ_aug0.mp4,Walking,Elephant,Mammal
./video/animalkingdom_augmented/JGFOMSMJ_aug1.mp4,Walking,Elephant,Mammal
./video/animalkingdom_augmented/JGFOMSMJ_aug2.mp4,Walking,Elephant,Mammal
./video/animalkingdom_augmented/JGZIZFKM_aug0.mp4,Eating,Meerkat,Mammal
./video/animalkingdom_augmented/JGZIZFKM_aug1.mp4,Eating,Meerkat,Mammal
./video/animalkingdom_augmented/JGZIZFKM_aug2.mp4,Eating,Meerkat,Mammal
./video/animalkingdom_augmented/JHMHVUDX_aug0.mp4,Keeping still,Gazelle,Mammal
./video/animalkingdom_augmented/JHMHVUDX_aug1.mp4,Keeping still,Gazelle,Mammal
./video/animalkingdom_augmented/JHMHVUDX_aug2.mp4,Keeping still,Gazelle,Mammal
./video/animalkingdom_augmented/JIWWTNPL_aug0.mp4,Walking,Squirrel,Mammal
./video/animalkingdom_augmented/JIWWTNPL_aug1.mp4,Walking,Squirrel,Mammal
./video/animalkingdom_augmented/JIWWTNPL_aug2.mp4,Walking,Squirrel,Mammal
./video/animalkingdom_augmented/JJVTFXGD_aug0.mp4,Running,Horse,Mammal
./video/animalkingdom_augmented/JJVTFXGD_aug1.mp4,Running,Horse,Mammal
./video/animalkingdom_augmented/JJVTFXGD_aug2.mp4,Running,Horse,Mammal
./video/animalkingdom_augmented/JKGQQTEK_aug0.mp4,Walking,White Rhinoceros,Mammal
./video/animalkingdom_augmented/JKGQQTEK_aug1.mp4,Walking,White Rhinoceros,Mammal
./video/animalkingdom_augmented/JKGQQTEK_aug2.mp4,Walking,White Rhinoceros,Mammal
./video/animalkingdom_augmented/JLNEOBQT_aug0.mp4,Eating,Plantain Squirrel,Mammal
./video/animalkingdom_augmented/JLNEOBQT_aug1.mp4,Eating,Plantain Squirrel,Mammal
./video/animalkingdom_augmented/JLNEOBQT_aug2.mp4,Eating,Plantain Squirrel,Mammal
./video/animalkingdom_augmented/JLOUIFFP_aug0.mp4,Running,Maroon Macaque,Mammal
./video/animalkingdom_augmented/JLOUIFFP_aug1.mp4,Running,Maroon Macaque,Mammal
./video/animalkingdom_augmented/JLOUIFFP_aug2.mp4,Running,Maroon Macaque,Mammal
./video/animalkingdom_augmented/JLQYOXGD_aug0.mp4,Attending,Dog,Mammal
./video/animalkingdom_augmented/JLQYOXGD_aug1.mp4,Attending,Dog,Mammal
./video/animalkingdom_augmented/JLQYOXGD_aug2.mp4,Attending,Dog,Mammal
./video/animalkingdom_augmented/JMVZOTEK_aug0.mp4,Sensing,Red-Ruffed Lemur,Mammal
./video/animalkingdom_augmented/JMVZOTEK_aug1.mp4,Sensing,Red-Ruffed Lemur,Mammal
./video/animalkingdom_augmented/JMVZOTEK_aug2.mp4,Sensing,Red-Ruffed Lemur,Mammal
./video/animalkingdom_augmented/JNTVCXGD_aug0.mp4,Running,Horse,Mammal
./video/animalkingdom_augmented/JNTVCXGD_aug1.mp4,Running,Horse,Mammal
./video/animalkingdom_augmented/JNTVCXGD_aug2.mp4,Running,Horse,Mammal
./video/animalkingdom_augmented/JOBCMHGA_aug0.mp4,Attending,Meerkat,Mammal
./video/animalkingdom_augmented/JOBCMHGA_aug1.mp4,Attending,Meerkat,Mammal
./video/animalkingdom_augmented/JOBCMHGA_aug2.mp4,Attending,Meerkat,Mammal
./video/animalkingdom_augmented/JPLDNNPL_aug0.mp4,Running,Squirrel,Mammal
./video/animalkingdom_augmented/JPLDNNPL_aug1.mp4,Running,Squirrel,Mammal
./video/animalkingdom_augmented/JPLDNNPL_aug2.mp4,Running,Squirrel,Mammal
./video/animalkingdom_augmented/JPQWUBQT_aug0.mp4,Eating,Raffles Banded Langur,Mammal
./video/animalkingdom_augmented/JPQWUBQT_aug1.mp4,Eating,Raffles Banded Langur,Mammal
./video/animalkingdom_augmented/JPQWUBQT_aug2.mp4,Eating,Raffles Banded Langur,Mammal
./video/animalkingdom_augmented/JQJDZUXS_aug0.mp4,Eating,Zebra,Mammal
./video/animalkingdom_augmented/JQJDZUXS_aug1.mp4,Eating,Zebra,Mammal
./video/animalkingdom_augmented/JQJDZUXS_aug2.mp4,Eating,Zebra,Mammal
./video/animalkingdom_augmented/JQMSRHGA_aug0.mp4,Sensing,African Oryx,Mammal
./video/animalkingdom_augmented/JQMSRHGA_aug1.mp4,Sensing,African Oryx,Mammal
./video/animalkingdom_augmented/JQMSRHGA_aug2.mp4,Sensing,African Oryx,Mammal
./video/animalkingdom_augmented/JRDMQXGD_aug0.mp4,Attending,Horse,Mammal
./video/animalkingdom_augmented/JRDMQXGD_aug1.mp4,Attending,Horse,Mammal
./video/animalkingdom_augmented/JRDMQXGD_aug2.mp4,Attending,Horse,Mammal
./video/animalkingdom_augmented/JRYYFTEK_aug0.mp4,Sensing,Sri Lankan Leopard,Mammal
./video/animalkingdom_augmented/JRYYFTEK_aug1.mp4,Sensing,Sri Lankan Leopard,Mammal
./video/animalkingdom_augmented/JRYYFTEK_aug2.mp4,Sensing,Sri Lankan Leopard,Mammal
./video/animalkingdom_augmented/JSLWGVMS_aug0.mp4,Eating,Boar,Mammal
./video/animalkingdom_augmented/JSLWGVMS_aug1.mp4,Eating,Boar,Mammal
./video/animalkingdom_augmented/JSLWGVMS_aug2.mp4,Eating,Boar,Mammal
./video/animalkingdom_augmented/JSVJMBQT_aug0.mp4,Jumping,Raffles Banded Langur,Mammal
./video/animalkingdom_augmented/JSVJMBQT_aug1.mp4,Jumping,Raffles Banded Langur,Mammal
./video/animalkingdom_augmented/JSVJMBQT_aug2.mp4,Jumping,Raffles Banded Langur,Mammal
./video/animalkingdom_augmented/JTIIEFFP_aug0.mp4,Sensing,Maroon Macaque,Mammal
./video/animalkingdom_augmented/JTIIEFFP_aug1.mp4,Sensing,Maroon Macaque,Mammal
./video/animalkingdom_augmented/JTIIEFFP_aug2.mp4,Sensing,Maroon Macaque,Mammal
./video/animalkingdom_augmented/JUBEUAMC_aug0.mp4,Eating,Lion Young,Mammal
./video/animalkingdom_augmented/JUBEUAMC_aug1.mp4,Eating,Lion Young,Mammal
./video/animalkingdom_augmented/JUBEUAMC_aug2.mp4,Eating,Lion Young,Mammal
./video/animalkingdom_augmented/JVEGZUDX_aug0.mp4,Walking,Elephant,Mammal
./video/animalkingdom_augmented/JVEGZUDX_aug1.mp4,Walking,Elephant,Mammal
./video/animalkingdom_augmented/JVEGZUDX_aug2.mp4,Walking,Elephant,Mammal
./video/animalkingdom_augmented/JVGYLBQT_aug0.mp4,Eating,Raffles Banded Langur,Mammal
./video/animalkingdom_augmented/JVGYLBQT_aug1.mp4,Eating,Raffles Banded Langur,Mammal
./video/animalkingdom_augmented/JVGYLBQT_aug2.mp4,Eating,Raffles Banded Langur,Mammal
./video/animalkingdom_augmented/JVJFOQCN_aug0.mp4,Sensing,Ibex,Mammal
./video/animalkingdom_augmented/JVJFOQCN_aug1.mp4,Sensing,Ibex,Mammal
./video/animalkingdom_augmented/JVJFOQCN_aug2.mp4,Sensing,Ibex,Mammal
./video/animalkingdom_augmented/JVSXIEBY_aug0.mp4,Jumping,Fox,Mammal
./video/animalkingdom_augmented/JVSXIEBY_aug1.mp4,Jumping,Fox,Mammal
./video/animalkingdom_augmented/JVSXIEBY_aug2.mp4,Jumping,Fox,Mammal
./video/animalkingdom_augmented/JVTSBUDX_aug0.mp4,Walking,Elephant,Mammal
./video/animalkingdom_augmented/JVTSBUDX_aug1.mp4,Walking,Elephant,Mammal
./video/animalkingdom_augmented/JVTSBUDX_aug2.mp4,Walking,Elephant,Mammal
./video/animalkingdom_augmented/JWAKZXDO_aug0.mp4,Running,Rhinoceros,Mammal
./video/animalkingdom_augmented/JWAKZXDO_aug1.mp4,Running,Rhinoceros,Mammal
./video/animalkingdom_augmented/JWAKZXDO_aug2.mp4,Running,Rhinoceros,Mammal
./video/animalkingdom_augmented/JXJHLUDX_aug0.mp4,Walking,Wildebeest,Mammal
./video/animalkingdom_augmented/JXJHLUDX_aug1.mp4,Walking,Wildebeest,Mammal
./video/animalkingdom_augmented/JXJHLUDX_aug2.mp4,Walking,Wildebeest,Mammal
./video/animalkingdom_augmented/JYUOQXGD_aug0.mp4,Jumping,Kangaroo,Mammal
./video/animalkingdom_augmented/JYUOQXGD_aug1.mp4,Jumping,Kangaroo,Mammal
./video/animalkingdom_augmented/JYUOQXGD_aug2.mp4,Jumping,Kangaroo,Mammal
./video/animalkingdom_augmented/JZBQJTEK_aug0.mp4,Keeping still,Colugo,Mammal
./video/animalkingdom_augmented/JZBQJTEK_aug1.mp4,Keeping still,Colugo,Mammal
./video/animalkingdom_augmented/JZBQJTEK_aug2.mp4,Keeping still,Colugo,Mammal
./video/animalkingdom_augmented/JZFTRBQT_aug0.mp4,Keeping still,Raffles Banded Langur,Mammal
./video/animalkingdom_augmented/JZFTRBQT_aug1.mp4,Keeping still,Raffles Banded Langur,Mammal
./video/animalkingdom_augmented/JZFTRBQT_aug2.mp4,Keeping still,Raffles Banded Langur,Mammal
./video/animalkingdom_augmented/KAFGDXGD_aug0.mp4,Running,Dog,Mammal
./video/animalkingdom_augmented/KAFGDXGD_aug1.mp4,Running,Dog,Mammal
./video/animalkingdom_augmented/KAFGDXGD_aug2.mp4,Running,Dog,Mammal
./video/animalkingdom_augmented/KALJKICI_aug0.mp4,Keeping still,Cheetah,Mammal
./video/animalkingdom_augmented/KALJKICI_aug1.mp4,Keeping still,Cheetah,Mammal
./video/animalkingdom_augmented/KALJKICI_aug2.mp4,Keeping still,Cheetah,Mammal
./video/animalkingdom_augmented/KBLULIMN_aug0.mp4,Sensing,Asiatic Golden Cat,Mammal
./video/animalkingdom_augmented/KBLULIMN_aug1.mp4,Sensing,Asiatic Golden Cat,Mammal
./video/animalkingdom_augmented/KBLULIMN_aug2.mp4,Sensing,Asiatic Golden Cat,Mammal
./video/animalkingdom_augmented/KBSUZUDX_aug0.mp4,Walking,Elephant,Mammal
./video/animalkingdom_augmented/KBSUZUDX_aug1.mp4,Walking,Elephant,Mammal
./video/animalkingdom_augmented/KBSUZUDX_aug2.mp4,Walking,Elephant,Mammal
./video/animalkingdom_augmented/KCTAKXGD_aug0.mp4,Walking,Horse,Mammal
./video/animalkingdom_augmented/KCTAKXGD_aug1.mp4,Walking,Horse,Mammal
./video/animalkingdom_augmented/KCTAKXGD_aug2.mp4,Walking,Horse,Mammal
./video/animalkingdom_augmented/KCUXTXGD_aug0.mp4,Eating,Horse,Mammal
./video/animalkingdom_augmented/KCUXTXGD_aug1.mp4,Eating,Horse,Mammal
./video/animalkingdom_augmented/KCUXTXGD_aug2.mp4,Eating,Horse,Mammal
./video/animalkingdom_augmented/KDQETBME_aug0.mp4,Eating,Horse,Mammal
./video/animalkingdom_augmented/KDQETBME_aug1.mp4,Eating,Horse,Mammal
./video/animalkingdom_augmented/KDQETBME_aug2.mp4,Eating,Horse,Mammal
./video/animalkingdom_augmented/KDQLRTEK_aug0.mp4,Sensing,Proboscis Monkey,Mammal
./video/animalkingdom_augmented/KDQLRTEK_aug1.mp4,Sensing,Proboscis Monkey,Mammal
./video/animalkingdom_augmented/KDQLRTEK_aug2.mp4,Sensing,Proboscis Monkey,Mammal
./video/animalkingdom_augmented/KDTGIAMC_aug0.mp4,Sensing,Lion,Mammal
./video/animalkingdom_augmented/KDTGIAMC_aug1.mp4,Sensing,Lion,Mammal
./video/animalkingdom_augmented/KDTGIAMC_aug2.mp4,Sensing,Lion,Mammal
./video/animalkingdom_augmented/KEMLQDSN_aug0.mp4,Running,Wolf,Mammal
./video/animalkingdom_augmented/KEMLQDSN_aug1.mp4,Running,Wolf,Mammal
./video/animalkingdom_augmented/KEMLQDSN_aug2.mp4,Running,Wolf,Mammal
./video/animalkingdom_augmented/KFFUKUDX_aug0.mp4,Walking,African Oryx,Mammal
./video/animalkingdom_augmented/KFFUKUDX_aug1.mp4,Walking,African Oryx,Mammal
./video/animalkingdom_augmented/KFFUKUDX_aug2.mp4,Walking,African Oryx,Mammal
./video/animalkingdom_augmented/KGAYSDSN_aug0.mp4,Walking,Cheetah,Mammal
./video/animalkingdom_augmented/KGAYSDSN_aug1.mp4,Walking,Cheetah,Mammal
./video/animalkingdom_augmented/KGAYSDSN_aug2.mp4,Walking,Cheetah,Mammal
./video/animalkingdom_augmented/KGCKHVYU_aug0.mp4,Keeping still,Leopard,Mammal
./video/animalkingdom_augmented/KGCKHVYU_aug1.mp4,Keeping still,Leopard,Mammal
./video/animalkingdom_augmented/KGCKHVYU_aug2.mp4,Keeping still,Leopard,Mammal
./video/animalkingdom_augmented/KHQAYAMC_aug0.mp4,Walking,Lion,Mammal
./video/animalkingdom_augmented/KHQAYAMC_aug1.mp4,Walking,Lion,Mammal
./video/animalkingdom_augmented/KHQAYAMC_aug2.mp4,Walking,Lion,Mammal
./video/animalkingdom_augmented/KHRQBHGA_aug0.mp4,Walking,Giraffe,Mammal
./video/animalkingdom_augmented/KHRQBHGA_aug1.mp4,Walking,Giraffe,Mammal
./video/animalkingdom_augmented/KHRQBHGA_aug2.mp4,Walking,Giraffe,Mammal
./video/animalkingdom_augmented/KIANSCNX_aug0.mp4,Sensing,Wolf,Mammal
./video/animalkingdom_augmented/KIANSCNX_aug1.mp4,Sensing,Wolf,Mammal
./video/animalkingdom_augmented/KIANSCNX_aug2.mp4,Sensing,Wolf,Mammal
./video/animalkingdom_augmented/KIYNNTCN_aug0.mp4,Eating,Horse Young,Mammal
./video/animalkingdom_augmented/KIYNNTCN_aug1.mp4,Eating,Horse Young,Mammal
./video/animalkingdom_augmented/KIYNNTCN_aug2.mp4,Eating,Horse Young,Mammal
./video/animalkingdom_augmented/KIZGQEBY_aug0.mp4,Keeping still,Fox,Mammal
./video/animalkingdom_augmented/KIZGQEBY_aug1.mp4,Keeping still,Fox,Mammal
./video/animalkingdom_augmented/KIZGQEBY_aug2.mp4,Keeping still,Fox,Mammal
./video/animalkingdom_augmented/KJAYYAMC_aug0.mp4,Walking,Lion Young,Mammal
./video/animalkingdom_augmented/KJAYYAMC_aug1.mp4,Walking,Lion Young,Mammal
./video/animalkingdom_augmented/KJAYYAMC_aug2.mp4,Walking,Lion Young,Mammal
./video/animalkingdom_augmented/KJNBFBME_aug0.mp4,Eating,Horse,Mammal
./video/animalkingdom_augmented/KJNBFBME_aug1.mp4,Eating,Horse,Mammal
./video/animalkingdom_augmented/KJNBFBME_aug2.mp4,Eating,Horse,Mammal
./video/animalkingdom_augmented/KJNFUWBC_aug0.mp4,Running,Mongoose,Mammal
./video/animalkingdom_augmented/KJNFUWBC_aug1.mp4,Running,Mongoose,Mammal
./video/animalkingdom_augmented/KJNFUWBC_aug2.mp4,Running,Mongoose,Mammal
./video/animalkingdom_augmented/KJYIONJC_aug0.mp4,Attending,Gorilla,Mammal
./video/animalkingdom_augmented/KJYIONJC_aug1.mp4,Attending,Gorilla,Mammal
./video/animalkingdom_augmented/KJYIONJC_aug2.mp4,Attending,Gorilla,Mammal
./video/animalkingdom_augmented/KKOYXBQT_aug0.mp4,Sensing,Raffles Banded Langur,Mammal
./video/animalkingdom_augmented/KKOYXBQT_aug1.mp4,Sensing,Raffles Banded Langur,Mammal
./video/animalkingdom_augmented/KKOYXBQT_aug2.mp4,Sensing,Raffles Banded Langur,Mammal
./video/animalkingdom_augmented/KLAHEUDX_aug0.mp4,Walking,Cheetah,Mammal
./video/animalkingdom_augmented/KLAHEUDX_aug1.mp4,Walking,Cheetah,Mammal
./video/animalkingdom_augmented/KLAHEUDX_aug2.mp4,Walking,Cheetah,Mammal
./video/animalkingdom_augmented/KMNEHXGD_aug0.mp4,Running,Horse,Mammal
./video/animalkingdom_augmented/KMNEHXGD_aug1.mp4,Running,Horse,Mammal
./video/animalkingdom_augmented/KMNEHXGD_aug2.mp4,Running,Horse,Mammal
./video/animalkingdom_augmented/KNUFETHG_aug0.mp4,Attending,Campbells Monkey,Mammal
./video/animalkingdom_augmented/KNUFETHG_aug1.mp4,Attending,Campbells Monkey,Mammal
./video/animalkingdom_augmented/KNUFETHG_aug2.mp4,Attending,Campbells Monkey,Mammal
./video/animalkingdom_augmented/KOCQUXGD_aug0.mp4,Running,Horse,Mammal
./video/animalkingdom_augmented/KOCQUXGD_aug1.mp4,Running,Horse,Mammal
./video/animalkingdom_augmented/KOCQUXGD_aug2.mp4,Running,Horse,Mammal
./video/animalkingdom_augmented/KOMPORAC_aug0.mp4,Walking,Racoon,Mammal
./video/animalkingdom_augmented/KOMPORAC_aug1.mp4,Walking,Racoon,Mammal
./video/animalkingdom_augmented/KOMPORAC_aug2.mp4,Walking,Racoon,Mammal
./video/animalkingdom_augmented/KPHGKGCS_aug0.mp4,Walking,Giraffe,Mammal
./video/animalkingdom_augmented/KPHGKGCS_aug1.mp4,Walking,Giraffe,Mammal
./video/animalkingdom_augmented/KPHGKGCS_aug2.mp4,Walking,Giraffe,Mammal
./video/animalkingdom_augmented/KPKEXXGD_aug0.mp4,Running,Horse,Mammal
./video/animalkingdom_augmented/KPKEXXGD_aug1.mp4,Running,Horse,Mammal
./video/animalkingdom_augmented/KPKEXXGD_aug2.mp4,Running,Horse,Mammal
./video/animalkingdom_augmented/KPYPFFFP_aug0.mp4,Eating,Maroon Macaque,Mammal
./video/animalkingdom_augmented/KPYPFFFP_aug1.mp4,Eating,Maroon Macaque,Mammal
./video/animalkingdom_augmented/KPYPFFFP_aug2.mp4,Eating,Maroon Macaque,Mammal
./video/animalkingdom_augmented/KPZKHBQT_aug0.mp4,Jumping,Long Tailed Macaque,Mammal
./video/animalkingdom_augmented/KPZKHBQT_aug1.mp4,Jumping,Long Tailed Macaque,Mammal
./video/animalkingdom_augmented/KPZKHBQT_aug2.mp4,Jumping,Long Tailed Macaque,Mammal
./video/animalkingdom_augmented/KRJTGRSU_aug0.mp4,Walking,Wolf,Mammal
./video/animalkingdom_augmented/KRJTGRSU_aug1.mp4,Walking,Wolf,Mammal
./video/animalkingdom_augmented/KRJTGRSU_aug2.mp4,Walking,Wolf,Mammal
./video/animalkingdom_augmented/KRMPMTCN_aug0.mp4,Walking,Horse Young,Mammal
./video/animalkingdom_augmented/KRMPMTCN_aug1.mp4,Walking,Horse Young,Mammal
./video/animalkingdom_augmented/KRMPMTCN_aug2.mp4,Walking,Horse Young,Mammal
./video/animalkingdom_augmented/KRUUTVYU_aug0.mp4,Keeping still,Leopard,Mammal
./video/animalkingdom_augmented/KRUUTVYU_aug1.mp4,Keeping still,Leopard,Mammal
./video/animalkingdom_augmented/KRUUTVYU_aug2.mp4,Keeping still,Leopard,Mammal
./video/animalkingdom_augmented/KTVRNKEW_aug0.mp4,Jumping,Stoat,Mammal
./video/animalkingdom_augmented/KTVRNKEW_aug1.mp4,Jumping,Stoat,Mammal
./video/animalkingdom_augmented/KTVRNKEW_aug2.mp4,Jumping,Stoat,Mammal
./video/animalkingdom_augmented/KUHDJRAC_aug0.mp4,Walking,Agouti,Mammal
./video/animalkingdom_augmented/KUHDJRAC_aug1.mp4,Walking,Agouti,Mammal
./video/animalkingdom_augmented/KUHDJRAC_aug2.mp4,Walking,Agouti,Mammal
./video/animalkingdom_augmented/KUJTRXGD_aug0.mp4,Walking,Echina,Mammal
./video/animalkingdom_augmented/KUJTRXGD_aug1.mp4,Walking,Echina,Mammal
./video/animalkingdom_augmented/KUJTRXGD_aug2.mp4,Walking,Echina,Mammal
./video/animalkingdom_augmented/KUZYPXGD_aug0.mp4,Sensing,Dog,Mammal
./video/animalkingdom_augmented/KUZYPXGD_aug1.mp4,Sensing,Dog,Mammal
./video/animalkingdom_augmented/KUZYPXGD_aug2.mp4,Sensing,Dog,Mammal
./video/animalkingdom_augmented/KWGKFHGA_aug0.mp4,Keeping still,Meerkat,Mammal
./video/animalkingdom_augmented/KWGKFHGA_aug1.mp4,Keeping still,Meerkat,Mammal
./video/animalkingdom_augmented/KWGKFHGA_aug2.mp4,Keeping still,Meerkat,Mammal
./video/animalkingdom_augmented/KWMWGKEW_aug0.mp4,Walking,Goat,Mammal
./video/animalkingdom_augmented/KWMWGKEW_aug1.mp4,Walking,Goat,Mammal
./video/animalkingdom_augmented/KWMWGKEW_aug2.mp4,Walking,Goat,Mammal
./video/animalkingdom_augmented/KWWHLDPR_aug0.mp4,Walking,Ocelot,Mammal
./video/animalkingdom_augmented/KWWHLDPR_aug1.mp4,Walking,Ocelot,Mammal
./video/animalkingdom_augmented/KWWHLDPR_aug2.mp4,Walking,Ocelot,Mammal
./video/animalkingdom_augmented/KXARRBQT_aug0.mp4,Sensing,Raffles Banded Langur,Mammal
./video/animalkingdom_augmented/KXARRBQT_aug1.mp4,Sensing,Raffles Banded Langur,Mammal
./video/animalkingdom_augmented/KXARRBQT_aug2.mp4,Sensing,Raffles Banded Langur,Mammal
./video/animalkingdom_augmented/KXTAYXGD_aug0.mp4,Running,Horse,Mammal
./video/animalkingdom_augmented/KXTAYXGD_aug1.mp4,Running,Horse,Mammal
./video/animalkingdom_augmented/KXTAYXGD_aug2.mp4,Running,Horse,Mammal
./video/animalkingdom_augmented/KXVLSIMN_aug0.mp4,Walking,Sumatran Tiger,Mammal
./video/animalkingdom_augmented/KXVLSIMN_aug1.mp4,Walking,Sumatran Tiger,Mammal
./video/animalkingdom_augmented/KXVLSIMN_aug2.mp4,Walking,Sumatran Tiger,Mammal
./video/animalkingdom_augmented/KXXOVXGD_aug0.mp4,Walking,Horse,Mammal
./video/animalkingdom_augmented/KXXOVXGD_aug1.mp4,Walking,Horse,Mammal
./video/animalkingdom_augmented/KXXOVXGD_aug2.mp4,Walking,Horse,Mammal
./video/animalkingdom_augmented/KXZQYUDX_aug0.mp4,Walking,Cheetah,Mammal
./video/animalkingdom_augmented/KXZQYUDX_aug1.mp4,Walking,Cheetah,Mammal
./video/animalkingdom_augmented/KXZQYUDX_aug2.mp4,Walking,Cheetah,Mammal
./video/animalkingdom_augmented/KYTBXEBY_aug0.mp4,Keeping still,Fox,Mammal
./video/animalkingdom_augmented/KYTBXEBY_aug1.mp4,Keeping still,Fox,Mammal
./video/animalkingdom_augmented/KYTBXEBY_aug2.mp4,Keeping still,Fox,Mammal
./video/animalkingdom_augmented/KZYGEXGD_aug0.mp4,Jumping,Kangaroo,Mammal
./video/animalkingdom_augmented/KZYGEXGD_aug1.mp4,Jumping,Kangaroo,Mammal
./video/animalkingdom_augmented/KZYGEXGD_aug2.mp4,Jumping,Kangaroo,Mammal
./video/animalkingdom_augmented/LAHCUXGD_aug0.mp4,Running,Horse,Mammal
./video/animalkingdom_augmented/LAHCUXGD_aug1.mp4,Running,Horse,Mammal
./video/animalkingdom_augmented/LAHCUXGD_aug2.mp4,Running,Horse,Mammal
./video/animalkingdom_augmented/LBKQRVYU_aug0.mp4,Sensing,Leopard,Mammal
./video/animalkingdom_augmented/LBKQRVYU_aug1.mp4,Sensing,Leopard,Mammal
./video/animalkingdom_augmented/LBKQRVYU_aug2.mp4,Sensing,Leopard,Mammal
./video/animalkingdom_augmented/LBXJFTEK_aug0.mp4,Attending,White Tiger,Mammal
./video/animalkingdom_augmented/LBXJFTEK_aug1.mp4,Attending,White Tiger,Mammal
./video/animalkingdom_augmented/LBXJFTEK_aug2.mp4,Attending,White Tiger,Mammal
./video/animalkingdom_augmented/LCDTUAEY_aug0.mp4,Attending,Monkey,Mammal
./video/animalkingdom_augmented/LCDTUAEY_aug1.mp4,Attending,Monkey,Mammal
./video/animalkingdom_augmented/LCDTUAEY_aug2.mp4,Attending,Monkey,Mammal
./video/animalkingdom_augmented/LCJCXLQI_aug0.mp4,Walking,Seven Banded Civet,Mammal
./video/animalkingdom_augmented/LCJCXLQI_aug1.mp4,Walking,Seven Banded Civet,Mammal
./video/animalkingdom_augmented/LCJCXLQI_aug2.mp4,Walking,Seven Banded Civet,Mammal
./video/animalkingdom_augmented/LCNEONPO_aug0.mp4,Walking,Lion,Mammal
./video/animalkingdom_augmented/LCNEONPO_aug1.mp4,Walking,Lion,Mammal
./video/animalkingdom_augmented/LCNEONPO_aug2.mp4,Walking,Lion,Mammal
./video/animalkingdom_augmented/LCNNZBQT_aug0.mp4,Eating,Raffles Banded Langur,Mammal
./video/animalkingdom_augmented/LCNNZBQT_aug1.mp4,Eating,Raffles Banded Langur,Mammal
./video/animalkingdom_augmented/LCNNZBQT_aug2.mp4,Eating,Raffles Banded Langur,Mammal
./video/animalkingdom_augmented/LCNXSUDX_aug0.mp4,Walking,Cheetah,Mammal
./video/animalkingdom_augmented/LCNXSUDX_aug1.mp4,Walking,Cheetah,Mammal
./video/animalkingdom_augmented/LCNXSUDX_aug2.mp4,Walking,Cheetah,Mammal
./video/animalkingdom_augmented/LCRPXFFP_aug0.mp4,Eating,Maroon Macaque,Mammal
./video/animalkingdom_augmented/LCRPXFFP_aug1.mp4,Eating,Maroon Macaque,Mammal
./video/animalkingdom_augmented/LCRPXFFP_aug2.mp4,Eating,Maroon Macaque,Mammal
./video/animalkingdom_augmented/LCXPRXGD_aug0.mp4,Running,Horse,Mammal
./video/animalkingdom_augmented/LCXPRXGD_aug1.mp4,Running,Horse,Mammal
./video/animalkingdom_augmented/LCXPRXGD_aug2.mp4,Running,Horse,Mammal
./video/animalkingdom_augmented/LDTFJXGD_aug0.mp4,Walking,Dingo Dog,Mammal
./video/animalkingdom_augmented/LDTFJXGD_aug1.mp4,Walking,Dingo Dog,Mammal
./video/animalkingdom_augmented/LDTFJXGD_aug2.mp4,Walking,Dingo Dog,Mammal
./video/animalkingdom_augmented/LDUQPBQT_aug0.mp4,Jumping,Raffles Banded Langur,Mammal
./video/animalkingdom_augmented/LDUQPBQT_aug1.mp4,Jumping,Raffles Banded Langur,Mammal
./video/animalkingdom_augmented/LDUQPBQT_aug2.mp4,Jumping,Raffles Banded Langur,Mammal
./video/animalkingdom_augmented/LEFQMUDX_aug0.mp4,Walking,Elephant,Mammal
./video/animalkingdom_augmented/LEFQMUDX_aug1.mp4,Walking,Elephant,Mammal
./video/animalkingdom_augmented/LEFQMUDX_aug2.mp4,Walking,Elephant,Mammal
./video/animalkingdom_augmented/LERDTEUL_aug0.mp4,Attending,Leopard,Mammal
./video/animalkingdom_augmented/LERDTEUL_aug1.mp4,Attending,Leopard,Mammal
./video/animalkingdom_augmented/LERDTEUL_aug2.mp4,Attending,Leopard,Mammal
./video/animalkingdom_augmented/LFCVATHG_aug0.mp4,Sensing,Sooty Mangabey,Mammal
./video/animalkingdom_augmented/LFCVATHG_aug1.mp4,Sensing,Sooty Mangabey,Mammal
./video/animalkingdom_augmented/LFCVATHG_aug2.mp4,Sensing,Sooty Mangabey,Mammal
./video/animalkingdom_augmented/LFSGMCEI_aug0.mp4,Running,Chimpanzee,Mammal
./video/animalkingdom_augmented/LFSGMCEI_aug1.mp4,Running,Chimpanzee,Mammal
./video/animalkingdom_augmented/LFSGMCEI_aug2.mp4,Running,Chimpanzee,Mammal
./video/animalkingdom_augmented/LGDRCXGD_aug0.mp4,Walking,Horse,Mammal
./video/animalkingdom_augmented/LGDRCXGD_aug1.mp4,Walking,Horse,Mammal
./video/animalkingdom_augmented/LGDRCXGD_aug2.mp4,Walking,Horse,Mammal
./video/animalkingdom_augmented/LGGKHXGD_aug0.mp4,Keeping still,Horse,Mammal
./video/animalkingdom_augmented/LGGKHXGD_aug1.mp4,Keeping still,Horse,Mammal
./video/animalkingdom_augmented/LGGKHXGD_aug2.mp4,Keeping still,Horse,Mammal
./video/animalkingdom_augmented/LGTQDTEK_aug0.mp4,Walking,Otter,Mammal
./video/animalkingdom_augmented/LGTQDTEK_aug1.mp4,Walking,Otter,Mammal
./video/animalkingdom_augmented/LGTQDTEK_aug2.mp4,Walking,Otter,Mammal
./video/animalkingdom_augmented/LGYJLCNX_aug0.mp4,Sensing,Wolf,Mammal
./video/animalkingdom_augmented/LGYJLCNX_aug1.mp4,Sensing,Wolf,Mammal
./video/animalkingdom_augmented/LGYJLCNX_aug2.mp4,Sensing,Wolf,Mammal
./video/animalkingdom_augmented/LIBPIDPR_aug0.mp4,Walking,Anteater,Mammal
./video/animalkingdom_augmented/LIBPIDPR_aug1.mp4,Walking,Anteater,Mammal
./video/animalkingdom_augmented/LIBPIDPR_aug2.mp4,Walking,Anteater,Mammal
./video/animalkingdom_augmented/LISFKDSN_aug0.mp4,Walking,Cheetah,Mammal
./video/animalkingdom_augmented/LISFKDSN_aug1.mp4,Walking,Cheetah,Mammal
./video/animalkingdom_augmented/LISFKDSN_aug2.mp4,Walking,Cheetah,Mammal
./video/animalkingdom_augmented/LJHLIFJG_aug0.mp4,Sensing,Sumatran Serow,Mammal
./video/animalkingdom_augmented/LJHLIFJG_aug1.mp4,Sensing,Sumatran Serow,Mammal
./video/animalkingdom_augmented/LJHLIFJG_aug2.mp4,Sensing,Sumatran Serow,Mammal
./video/animalkingdom_augmented/LKAOYNSU_aug0.mp4,Sensing,Hyena,Mammal
./video/animalkingdom_augmented/LKAOYNSU_aug1.mp4,Sensing,Hyena,Mammal
./video/animalkingdom_augmented/LKAOYNSU_aug2.mp4,Sensing,Hyena,Mammal
./video/animalkingdom_augmented/LKEERFGA_aug0.mp4,Running,Wild Dog,Mammal
./video/animalkingdom_augmented/LKEERFGA_aug1.mp4,Running,Wild Dog,Mammal
./video/animalkingdom_augmented/LKEERFGA_aug2.mp4,Running,Wild Dog,Mammal
./video/animalkingdom_augmented/LKOKXFFP_aug0.mp4,Eating,Maroon Macaque,Mammal
./video/animalkingdom_augmented/LKOKXFFP_aug1.mp4,Eating,Maroon Macaque,Mammal
./video/animalkingdom_augmented/LKOKXFFP_aug2.mp4,Eating,Maroon Macaque,Mammal
./video/animalkingdom_augmented/LLBKRRAC_aug0.mp4,Walking,Agouti,Mammal
./video/animalkingdom_augmented/LLBKRRAC_aug1.mp4,Walking,Agouti,Mammal
./video/animalkingdom_augmented/LLBKRRAC_aug2.mp4,Walking,Agouti,Mammal
./video/animalkingdom_augmented/LLCDYDUS_aug0.mp4,Walking,Cattle,Mammal
./video/animalkingdom_augmented/LLCDYDUS_aug1.mp4,Walking,Cattle,Mammal
./video/animalkingdom_augmented/LLCDYDUS_aug2.mp4,Walking,Cattle,Mammal
./video/animalkingdom_augmented/LLLTKTHG_aug0.mp4,Sensing,Diana Monkey,Mammal
./video/animalkingdom_augmented/LLLTKTHG_aug1.mp4,Sensing,Diana Monkey,Mammal
./video/animalkingdom_augmented/LLLTKTHG_aug2.mp4,Sensing,Diana Monkey,Mammal
./video/animalkingdom_augmented/LLPFEXGD_aug0.mp4,Walking,Horse,Mammal
./video/animalkingdom_augmented/LLPFEXGD_aug1.mp4,Walking,Horse,Mammal
./video/animalkingdom_augmented/LLPFEXGD_aug2.mp4,Walking,Horse,Mammal
./video/animalkingdom_augmented/LMLAAUDX_aug0.mp4,Eating,Elephant,Mammal
./video/animalkingdom_augmented/LMLAAUDX_aug1.mp4,Eating,Elephant,Mammal
./video/animalkingdom_augmented/LMLAAUDX_aug2.mp4,Eating,Elephant,Mammal
./video/animalkingdom_augmented/LNCTHNJC_aug0.mp4,Running,Mouse,Mammal
./video/animalkingdom_augmented/LNCTHNJC_aug1.mp4,Running,Mouse,Mammal
./video/animalkingdom_augmented/LNCTHNJC_aug2.mp4,Running,Mouse,Mammal
./video/animalkingdom_augmented/LNCUKBQT_aug0.mp4,Walking,Pangolin,Mammal
./video/animalkingdom_augmented/LNCUKBQT_aug1.mp4,Walking,Pangolin,Mammal
./video/animalkingdom_augmented/LNCUKBQT_aug2.mp4,Walking,Pangolin,Mammal
./video/animalkingdom_augmented/LNKQREBY_aug0.mp4,Jumping,Fox,Mammal
./video/animalkingdom_augmented/LNKQREBY_aug1.mp4,Jumping,Fox,Mammal
./video/animalkingdom_augmented/LNKQREBY_aug2.mp4,Jumping,Fox,Mammal
./video/animalkingdom_augmented/LNWEUXGD_aug0.mp4,Sensing,Kangaroo,Mammal
./video/animalkingdom_augmented/LNWEUXGD_aug1.mp4,Sensing,Kangaroo,Mammal
./video/animalkingdom_augmented/LNWEUXGD_aug2.mp4,Sensing,Kangaroo,Mammal
./video/animalkingdom_augmented/LOGTJRAC_aug0.mp4,Walking,Capuchin Monkey,Mammal
./video/animalkingdom_augmented/LOGTJRAC_aug1.mp4,Walking,Capuchin Monkey,Mammal
./video/animalkingdom_augmented/LOGTJRAC_aug2.mp4,Walking,Capuchin Monkey,Mammal
./video/animalkingdom_augmented/LOJQOHGA_aug0.mp4,Walking,Lion,Mammal
./video/animalkingdom_augmented/LOJQOHGA_aug1.mp4,Walking,Lion,Mammal
./video/animalkingdom_augmented/LOJQOHGA_aug2.mp4,Walking,Lion,Mammal
./video/animalkingdom_augmented/LPPAIFJG_aug0.mp4,Eating,Feas Muntjac,Mammal
./video/animalkingdom_augmented/LPPAIFJG_aug1.mp4,Eating,Feas Muntjac,Mammal
./video/animalkingdom_augmented/LPPAIFJG_aug2.mp4,Eating,Feas Muntjac,Mammal
./video/animalkingdom_augmented/LQLZXXGD_aug0.mp4,Running,Horse,Mammal
./video/animalkingdom_augmented/LQLZXXGD_aug1.mp4,Running,Horse,Mammal
./video/animalkingdom_augmented/LQLZXXGD_aug2.mp4,Running,Horse,Mammal
./video/animalkingdom_augmented/LSKSGHGA_aug0.mp4,Keeping still,Coati,Mammal
./video/animalkingdom_augmented/LSKSGHGA_aug1.mp4,Keeping still,Coati,Mammal
./video/animalkingdom_augmented/LSKSGHGA_aug2.mp4,Keeping still,Coati,Mammal
./video/animalkingdom_augmented/LVXAOBQT_aug0.mp4,Jumping,Raffles Banded Langur,Mammal
./video/animalkingdom_augmented/LVXAOBQT_aug1.mp4,Jumping,Raffles Banded Langur,Mammal
./video/animalkingdom_augmented/LVXAOBQT_aug2.mp4,Jumping,Raffles Banded Langur,Mammal
./video/animalkingdom_augmented/LWCFLRSU_aug0.mp4,Keeping still,Wolf,Mammal
./video/animalkingdom_augmented/LWCFLRSU_aug1.mp4,Keeping still,Wolf,Mammal
./video/animalkingdom_augmented/LWCFLRSU_aug2.mp4,Keeping still,Wolf,Mammal
./video/animalkingdom_augmented/LWEPQNPO_aug0.mp4,Attending,Lion,Mammal
./video/animalkingdom_augmented/LWEPQNPO_aug1.mp4,Attending,Lion,Mammal
./video/animalkingdom_augmented/LWEPQNPO_aug2.mp4,Attending,Lion,Mammal
./video/animalkingdom_augmented/LXSJMUDX_aug0.mp4,Walking,Cheetah,Mammal
./video/animalkingdom_augmented/LXSJMUDX_aug1.mp4,Walking,Cheetah,Mammal
./video/animalkingdom_augmented/LXSJMUDX_aug2.mp4,Walking,Cheetah,Mammal
./video/animalkingdom_augmented/LXTFLBQT_aug0.mp4,Eating,Greater Mouse Deer,Mammal
./video/animalkingdom_augmented/LXTFLBQT_aug1.mp4,Eating,Greater Mouse Deer,Mammal
./video/animalkingdom_augmented/LXTFLBQT_aug2.mp4,Eating,Greater Mouse Deer,Mammal
./video/animalkingdom_augmented/LXWUWEBY_aug0.mp4,Jumping,Fox,Mammal
./video/animalkingdom_augmented/LXWUWEBY_aug1.mp4,Jumping,Fox,Mammal
./video/animalkingdom_augmented/LXWUWEBY_aug2.mp4,Jumping,Fox,Mammal
./video/animalkingdom_augmented/LYOGLTEK_aug0.mp4,Sensing,Sri Lankan Leopard,Mammal
./video/animalkingdom_augmented/LYOGLTEK_aug1.mp4,Sensing,Sri Lankan Leopard,Mammal
./video/animalkingdom_augmented/LYOGLTEK_aug2.mp4,Sensing,Sri Lankan Leopard,Mammal
./video/animalkingdom_augmented/LZFGSUDX_aug0.mp4,Walking,Cheetah,Mammal
./video/animalkingdom_augmented/LZFGSUDX_aug1.mp4,Walking,Cheetah,Mammal
./video/animalkingdom_augmented/LZFGSUDX_aug2.mp4,Walking,Cheetah,Mammal
./video/animalkingdom_augmented/LZKYWTEK_aug0.mp4,Sensing,Sumatran Orangutan,Mammal
./video/animalkingdom_augmented/LZKYWTEK_aug1.mp4,Sensing,Sumatran Orangutan,Mammal
./video/animalkingdom_augmented/LZKYWTEK_aug2.mp4,Sensing,Sumatran Orangutan,Mammal
./video/animalkingdom_augmented/MAIHTXGD_aug0.mp4,Walking,Horse,Mammal
./video/animalkingdom_augmented/MAIHTXGD_aug1.mp4,Walking,Horse,Mammal
./video/animalkingdom_augmented/MAIHTXGD_aug2.mp4,Walking,Horse,Mammal
./video/animalkingdom_augmented/MARMGBQT_aug0.mp4,Sensing,Otter,Mammal
./video/animalkingdom_augmented/MARMGBQT_aug1.mp4,Sensing,Otter,Mammal
./video/animalkingdom_augmented/MARMGBQT_aug2.mp4,Sensing,Otter,Mammal
./video/animalkingdom_augmented/MAZLYUDX_aug0.mp4,Eating,Wildebeest,Mammal
./video/animalkingdom_augmented/MAZLYUDX_aug1.mp4,Eating,Wildebeest,Mammal
./video/animalkingdom_augmented/MAZLYUDX_aug2.mp4,Eating,Wildebeest,Mammal
./video/animalkingdom_augmented/MBAMZXGD_aug0.mp4,Eating,Horse,Mammal
./video/animalkingdom_augmented/MBAMZXGD_aug1.mp4,Eating,Horse,Mammal
./video/animalkingdom_augmented/MBAMZXGD_aug2.mp4,Eating,Horse,Mammal
./video/animalkingdom_augmented/MBSJOFFP_aug0.mp4,Eating,Otter,Mammal
./video/animalkingdom_augmented/MBSJOFFP_aug1.mp4,Eating,Otter,Mammal
./video/animalkingdom_augmented/MBSJOFFP_aug2.mp4,Eating,Otter,Mammal
./video/animalkingdom_augmented/MDVTJSMJ_aug0.mp4,Walking,Elephant,Mammal
./video/animalkingdom_augmented/MDVTJSMJ_aug1.mp4,Walking,Elephant,Mammal
./video/animalkingdom_augmented/MDVTJSMJ_aug2.mp4,Walking,Elephant,Mammal
./video/animalkingdom_augmented/MESVDXGD_aug0.mp4,Walking,Platypus,Mammal
./video/animalkingdom_augmented/MESVDXGD_aug1.mp4,Walking,Platypus,Mammal
./video/animalkingdom_augmented/MESVDXGD_aug2.mp4,Walking,Platypus,Mammal
./video/animalkingdom_augmented/METEBRAC_aug0.mp4,Sensing,Capuchin Monkey,Mammal
./video/animalkingdom_augmented/METEBRAC_aug1.mp4,Sensing,Capuchin Monkey,Mammal
./video/animalkingdom_augmented/METEBRAC_aug2.mp4,Sensing,Capuchin Monkey,Mammal
./video/animalkingdom_augmented/METUJKTR_aug0.mp4,Attending,Mouse,Mammal
./video/animalkingdom_augmented/METUJKTR_aug1.mp4,Attending,Mouse,Mammal
./video/animalkingdom_augmented/METUJKTR_aug2.mp4,Attending,Mouse,Mammal
./video/animalkingdom_augmented/MEXEESMJ_aug0.mp4,Walking,Marshbuck,Mammal
./video/animalkingdom_augmented/MEXEESMJ_aug1.mp4,Walking,Marshbuck,Mammal
./video/animalkingdom_augmented/MEXEESMJ_aug2.mp4,Walking,Marshbuck,Mammal
./video/animalkingdom_augmented/MFKPITHG_aug0.mp4,Running,King Colobus,Mammal
./video/animalkingdom_augmented/MFKPITHG_aug1.mp4,Running,King Colobus,Mammal
./video/animalkingdom_augmented/MFKPITHG_aug2.mp4,Running,King Colobus,Mammal
./video/animalkingdom_augmented/MFWDSFFP_aug0.mp4,Sensing,Maroon Macaque,Mammal
./video/animalkingdom_augmented/MFWDSFFP_aug1.mp4,Sensing,Maroon Macaque,Mammal
./video/animalkingdom_augmented/MFWDSFFP_aug2.mp4,Sensing,Maroon Macaque,Mammal
./video/animalkingdom_augmented/MFZQOBME_aug0.mp4,Walking,Horse,Mammal
./video/animalkingdom_augmented/MFZQOBME_aug1.mp4,Walking,Horse,Mammal
./video/animalkingdom_augmented/MFZQOBME_aug2.mp4,Walking,Horse,Mammal
./video/animalkingdom_augmented/MGGHGFFP_aug0.mp4,Eating,Maroon Macaque,Mammal
./video/animalkingdom_augmented/MGGHGFFP_aug1.mp4,Eating,Maroon Macaque,Mammal
./video/animalkingdom_augmented/MGGHGFFP_aug2.mp4,Eating,Maroon Macaque,Mammal
./video/animalkingdom_augmented/MGMXSXGD_aug0.mp4,Running,Horse,Mammal
./video/animalkingdom_augmented/MGMXSXGD_aug1.mp4,Running,Horse,Mammal
./video/animalkingdom_augmented/MGMXSXGD_aug2.mp4,Running,Horse,Mammal
./video/animalkingdom_augmented/MHBEUFFP_aug0.mp4,Sensing,Otter,Mammal
./video/animalkingdom_augmented/MHBEUFFP_aug1.mp4,Sensing,Otter,Mammal
./video/animalkingdom_augmented/MHBEUFFP_aug2.mp4,Sensing,Otter,Mammal
./video/animalkingdom_augmented/MIAGSEZZ_aug0.mp4,Walking,Elephant,Mammal
./video/animalkingdom_augmented/MIAGSEZZ_aug1.mp4,Walking,Elephant,Mammal
./video/animalkingdom_augmented/MIAGSEZZ_aug2.mp4,Walking,Elephant,Mammal
./video/animalkingdom_augmented/MIHLVNSU_aug0.mp4,Walking,Hyena,Mammal
./video/animalkingdom_augmented/MIHLVNSU_aug1.mp4,Walking,Hyena,Mammal
./video/animalkingdom_augmented/MIHLVNSU_aug2.mp4,Walking,Hyena,Mammal
./video/animalkingdom_augmented/MJCBMTEK_aug0.mp4,Sensing,Gibbon,Mammal
./video/animalkingdom_augmented/MJCBMTEK_aug1.mp4,Sensing,Gibbon,Mammal
./video/animalkingdom_augmented/MJCBMTEK_aug2.mp4,Sensing,Gibbon,Mammal
./video/animalkingdom_augmented/MJGCPDPR_aug0.mp4,Eating,Capuchin Monkey,Mammal
./video/animalkingdom_augmented/MJGCPDPR_aug1.mp4,Eating,Capuchin Monkey,Mammal
./video/animalkingdom_augmented/MJGCPDPR_aug2.mp4,Eating,Capuchin Monkey,Mammal
./video/animalkingdom_augmented/MKGLZVYU_aug0.mp4,Walking,Leopard,Mammal
./video/animalkingdom_augmented/MKGLZVYU_aug1.mp4,Walking,Leopard,Mammal
./video/animalkingdom_augmented/MKGLZVYU_aug2.mp4,Walking,Leopard,Mammal
./video/animalkingdom_augmented/MKIRCRAC_aug0.mp4,Walking,White Nosed Coati,Mammal
./video/animalkingdom_augmented/MKIRCRAC_aug1.mp4,Walking,White Nosed Coati,Mammal
./video/animalkingdom_augmented/MKIRCRAC_aug2.mp4,Walking,White Nosed Coati,Mammal
./video/animalkingdom_augmented/MKRZQBQT_aug0.mp4,Attending,Raffles Banded Langur,Mammal
./video/animalkingdom_augmented/MKRZQBQT_aug1.mp4,Attending,Raffles Banded Langur,Mammal
./video/animalkingdom_augmented/MKRZQBQT_aug2.mp4,Attending,Raffles Banded Langur,Mammal
./video/animalkingdom_augmented/MLSTGQCN_aug0.mp4,Walking,Ibex,Mammal
./video/animalkingdom_augmented/MLSTGQCN_aug1.mp4,Walking,Ibex,Mammal
./video/animalkingdom_augmented/MLSTGQCN_aug2.mp4,Walking,Ibex,Mammal
./video/animalkingdom_augmented/MLUJSCNX_aug0.mp4,Walking,Wolf,Mammal
./video/animalkingdom_augmented/MLUJSCNX_aug1.mp4,Walking,Wolf,Mammal
./video/animalkingdom_augmented/MLUJSCNX_aug2.mp4,Walking,Wolf,Mammal
./video/animalkingdom_augmented/MMCUIZQJ_aug0.mp4,Walking,Otter,Mammal
./video/animalkingdom_augmented/MMCUIZQJ_aug1.mp4,Walking,Otter,Mammal
./video/animalkingdom_augmented/MMCUIZQJ_aug2.mp4,Walking,Otter,Mammal
./video/animalkingdom_augmented/MMEDYFGA_aug0.mp4,Walking,Wildebeest,Mammal
./video/animalkingdom_augmented/MMEDYFGA_aug1.mp4,Walking,Wildebeest,Mammal
./video/animalkingdom_augmented/MMEDYFGA_aug2.mp4,Walking,Wildebeest,Mammal
./video/animalkingdom_augmented/MMNFYBQT_aug0.mp4,Eating,Lesser Mousedeer,Mammal
./video/animalkingdom_augmented/MMNFYBQT_aug1.mp4,Eating,Lesser Mousedeer,Mammal
./video/animalkingdom_augmented/MMNFYBQT_aug2.mp4,Eating,Lesser Mousedeer,Mammal
./video/animalkingdom_augmented/MPNZGXGD_aug0.mp4,Eating,Kangaroo Young,Mammal
./video/animalkingdom_augmented/MPNZGXGD_aug1.mp4,Eating,Kangaroo Young,Mammal
./video/animalkingdom_augmented/MPNZGXGD_aug2.mp4,Eating,Kangaroo Young,Mammal
./video/animalkingdom_augmented/MQFMBVYU_aug0.mp4,Sensing,Leopard,Mammal
./video/animalkingdom_augmented/MQFMBVYU_aug1.mp4,Sensing,Leopard,Mammal
./video/animalkingdom_augmented/MQFMBVYU_aug2.mp4,Sensing,Leopard,Mammal
./video/animalkingdom_augmented/MQLOJRAC_aug0.mp4,Sensing,Capuchin Monkey,Mammal
./video/animalkingdom_augmented/MQLOJRAC_aug1.mp4,Sensing,Capuchin Monkey,Mammal
./video/animalkingdom_augmented/MQLOJRAC_aug2.mp4,Sensing,Capuchin Monkey,Mammal
./video/animalkingdom_augmented/MQNEXXGD_aug0.mp4,Eating,Horse,Mammal
./video/animalkingdom_augmented/MQNEXXGD_aug1.mp4,Eating,Horse,Mammal
./video/animalkingdom_augmented/MQNEXXGD_aug2.mp4,Eating,Horse,Mammal
./video/animalkingdom_augmented/MRFFJFKM_aug0.mp4,Attending,Meerkat,Mammal
./video/animalkingdom_augmented/MRFFJFKM_aug1.mp4,Attending,Meerkat,Mammal
./video/animalkingdom_augmented/MRFFJFKM_aug2.mp4,Attending,Meerkat,Mammal
./video/animalkingdom_augmented/MSBNPXGD_aug0.mp4,Running,Horse,Mammal
./video/animalkingdom_augmented/MSBNPXGD_aug1.mp4,Running,Horse,Mammal
./video/animalkingdom_augmented/MSBNPXGD_aug2.mp4,Running,Horse,Mammal
./video/animalkingdom_augmented/MSKRPXGD_aug0.mp4,Sensing,Mountain Pygmy Possum,Mammal
./video/animalkingdom_augmented/MSKRPXGD_aug1.mp4,Sensing,Mountain Pygmy Possum,Mammal
./video/animalkingdom_augmented/MSKRPXGD_aug2.mp4,Sensing,Mountain Pygmy Possum,Mammal
./video/animalkingdom_augmented/MSMZGBQT_aug0.mp4,Eating,Otter,Mammal
./video/animalkingdom_augmented/MSMZGBQT_aug1.mp4,Eating,Otter,Mammal
./video/animalkingdom_augmented/MSMZGBQT_aug2.mp4,Eating,Otter,Mammal
./video/animalkingdom_augmented/MTKZZUDX_aug0.mp4,Walking,Cheetah,Mammal
./video/animalkingdom_augmented/MTKZZUDX_aug1.mp4,Walking,Cheetah,Mammal
./video/animalkingdom_augmented/MTKZZUDX_aug2.mp4,Walking,Cheetah,Mammal
./video/animalkingdom_augmented/MTMPUHGA_aug0.mp4,Attending,Meerkat,Mammal
./video/animalkingdom_augmented/MTMPUHGA_aug1.mp4,Attending,Meerkat,Mammal
./video/animalkingdom_augmented/MTMPUHGA_aug2.mp4,Attending,Meerkat,Mammal
./video/animalkingdom_augmented/MTNNEXGD_aug0.mp4,Jumping,Kangaroo,Mammal
./video/animalkingdom_augmented/MTNNEXGD_aug1.mp4,Jumping,Kangaroo,Mammal
./video/animalkingdom_augmented/MTNNEXGD_aug2.mp4,Jumping,Kangaroo,Mammal
./video/animalkingdom_augmented/MTQRDXGD_aug0.mp4,Running,Horse,Mammal
./video/animalkingdom_augmented/MTQRDXGD_aug1.mp4,Running,Horse,Mammal
./video/animalkingdom_augmented/MTQRDXGD_aug2.mp4,Running,Horse,Mammal
./video/animalkingdom_augmented/MTTSAXGD_aug0.mp4,Walking,Horse,Mammal
./video/animalkingdom_augmented/MTTSAXGD_aug1.mp4,Walking,Horse,Mammal
./video/animalkingdom_augmented/MTTSAXGD_aug2.mp4,Walking,Horse,Mammal
./video/animalkingdom_augmented/MTUXTKEW_aug0.mp4,Running,Pika,Mammal
./video/animalkingdom_augmented/MTUXTKEW_aug1.mp4,Running,Pika,Mammal
./video/animalkingdom_augmented/MTUXTKEW_aug2.mp4,Running,Pika,Mammal
./video/animalkingdom_augmented/MVDCSFGA_aug0.mp4,Walking,Wild Dog,Mammal
./video/animalkingdom_augmented/MVDCSFGA_aug1.mp4,Walking,Wild Dog,Mammal
./video/animalkingdom_augmented/MVDCSFGA_aug2.mp4,Walking,Wild Dog,Mammal
./video/animalkingdom_augmented/MVKFRBQT_aug0.mp4,Sensing,Raffles Banded Langur,Mammal
./video/animalkingdom_augmented/MVKFRBQT_aug1.mp4,Sensing,Raffles Banded Langur,Mammal
./video/animalkingdom_augmented/MVKFRBQT_aug2.mp4,Sensing,Raffles Banded Langur,Mammal
./video/animalkingdom_augmented/MXBIEAMC_aug0.mp4,Attending,Lion,Mammal
./video/animalkingdom_augmented/MXBIEAMC_aug1.mp4,Attending,Lion,Mammal
./video/animalkingdom_augmented/MXBIEAMC_aug2.mp4,Attending,Lion,Mammal
./video/animalkingdom_augmented/MXNJHUDX_aug0.mp4,Walking,Leopard,Mammal
./video/animalkingdom_augmented/MXNJHUDX_aug1.mp4,Walking,Leopard,Mammal
./video/animalkingdom_augmented/MXNJHUDX_aug2.mp4,Walking,Leopard,Mammal
./video/animalkingdom_augmented/MYULDHGA_aug0.mp4,Keeping still,African Oryx,Mammal
./video/animalkingdom_augmented/MYULDHGA_aug1.mp4,Keeping still,African Oryx,Mammal
./video/animalkingdom_augmented/MYULDHGA_aug2.mp4,Keeping still,African Oryx,Mammal
./video/animalkingdom_augmented/MYVCSIQR_aug0.mp4,Sensing,Mongoose,Mammal
./video/animalkingdom_augmented/MYVCSIQR_aug1.mp4,Sensing,Mongoose,Mammal
./video/animalkingdom_augmented/MYVCSIQR_aug2.mp4,Sensing,Mongoose,Mammal
./video/animalkingdom_augmented/MYVPFUDX_aug0.mp4,Walking,Lion,Mammal
./video/animalkingdom_augmented/MYVPFUDX_aug1.mp4,Walking,Lion,Mammal
./video/animalkingdom_augmented/MYVPFUDX_aug2.mp4,Walking,Lion,Mammal
./video/animalkingdom_augmented/MYVSDBQT_aug0.mp4,Keeping still,Plantain Squirrel,Mammal
./video/animalkingdom_augmented/MYVSDBQT_aug1.mp4,Keeping still,Plantain Squirrel,Mammal
./video/animalkingdom_augmented/MYVSDBQT_aug2.mp4,Keeping still,Plantain Squirrel,Mammal
./video/animalkingdom_augmented/MZVYUTEK_aug0.mp4,Eating,Otter,Mammal
./video/animalkingdom_augmented/MZVYUTEK_aug1.mp4,Eating,Otter,Mammal
./video/animalkingdom_augmented/MZVYUTEK_aug2.mp4,Eating,Otter,Mammal
./video/animalkingdom_augmented/NBWFFMYV_aug0.mp4,Attending,Mountain Gorilla,Mammal
./video/animalkingdom_augmented/NBWFFMYV_aug1.mp4,Attending,Mountain Gorilla,Mammal
./video/animalkingdom_augmented/NBWFFMYV_aug2.mp4,Attending,Mountain Gorilla,Mammal
./video/animalkingdom_augmented/NCCFSUDX_aug0.mp4,Attending,Elephant,Mammal
./video/animalkingdom_augmented/NCCFSUDX_aug1.mp4,Attending,Elephant,Mammal
./video/animalkingdom_augmented/NCCFSUDX_aug2.mp4,Attending,Elephant,Mammal
./video/animalkingdom_augmented/NCTPFAMC_aug0.mp4,Walking,Lion,Mammal
./video/animalkingdom_augmented/NCTPFAMC_aug1.mp4,Walking,Lion,Mammal
./video/animalkingdom_augmented/NCTPFAMC_aug2.mp4,Walking,Lion,Mammal
./video/animalkingdom_augmented/NCVGQOXJ_aug0.mp4,Walking,Beaver,Mammal
./video/animalkingdom_augmented/NCVGQOXJ_aug1.mp4,Walking,Beaver,Mammal
./video/animalkingdom_augmented/NCVGQOXJ_aug2.mp4,Walking,Beaver,Mammal
./video/animalkingdom_augmented/NECEMXGD_aug0.mp4,Running,Horse,Mammal
./video/animalkingdom_augmented/NECEMXGD_aug1.mp4,Running,Horse,Mammal
./video/animalkingdom_augmented/NECEMXGD_aug2.mp4,Running,Horse,Mammal
./video/animalkingdom_augmented/NEHROXGD_aug0.mp4,Eating,Horse,Mammal
./video/animalkingdom_augmented/NEHROXGD_aug1.mp4,Eating,Horse,Mammal
./video/animalkingdom_augmented/NEHROXGD_aug2.mp4,Eating,Horse,Mammal
./video/animalkingdom_augmented/NEKEUXGD_aug0.mp4,Running,Horse,Mammal
./video/animalkingdom_augmented/NEKEUXGD_aug1.mp4,Running,Horse,Mammal
./video/animalkingdom_augmented/NEKEUXGD_aug2.mp4,Running,Horse,Mammal
./video/animalkingdom_augmented/NFFWWRAC_aug0.mp4,Sensing,Capuchin Monkey,Mammal
./video/animalkingdom_augmented/NFFWWRAC_aug1.mp4,Sensing,Capuchin Monkey,Mammal
./video/animalkingdom_augmented/NFFWWRAC_aug2.mp4,Sensing,Capuchin Monkey,Mammal
./video/animalkingdom_augmented/NFLLLRAC_aug0.mp4,Walking,Capuchin Monkey,Mammal
./video/animalkingdom_augmented/NFLLLRAC_aug1.mp4,Walking,Capuchin Monkey,Mammal
./video/animalkingdom_augmented/NFLLLRAC_aug2.mp4,Walking,Capuchin Monkey,Mammal
./video/animalkingdom_augmented/NFNRDNPL_aug0.mp4,Sensing,Grey Langur,Mammal
./video/animalkingdom_augmented/NFNRDNPL_aug1.mp4,Sensing,Grey Langur,Mammal
./video/animalkingdom_augmented/NFNRDNPL_aug2.mp4,Sensing,Grey Langur,Mammal
./video/animalkingdom_augmented/NFQWOXGD_aug0.mp4,Keeping still,Horse,Mammal
./video/animalkingdom_augmented/NFQWOXGD_aug1.mp4,Keeping still,Horse,Mammal
./video/animalkingdom_augmented/NFQWOXGD_aug2.mp4,Keeping still,Horse,Mammal
./video/animalkingdom_augmented/NFZVFXGD_aug0.mp4,Sensing,Horse,Mammal
./video/animalkingdom_augmented/NFZVFXGD_aug1.mp4,Sensing,Horse,Mammal
./video/animalkingdom_augmented/NFZVFXGD_aug2.mp4,Sensing,Horse,Mammal
./video/animalkingdom_augmented/NGIGDBQT_aug0.mp4,Sensing,Raffles Banded Langur,Mammal
./video/animalkingdom_augmented/NGIGDBQT_aug1.mp4,Sensing,Raffles Banded Langur,Mammal
./video/animalkingdom_augmented/NGIGDBQT_aug2.mp4,Sensing,Raffles Banded Langur,Mammal
./video/animalkingdom_augmented/NHCZKLQI_aug0.mp4,Sensing,Seven Banded Civet,Mammal
./video/animalkingdom_augmented/NHCZKLQI_aug1.mp4,Sensing,Seven Banded Civet,Mammal
./video/animalkingdom_augmented/NHCZKLQI_aug2.mp4,Sensing,Seven Banded Civet,Mammal
./video/animalkingdom_augmented/NHQVJXGD_aug0.mp4,Running,Horse,Mammal
./video/animalkingdom_augmented/NHQVJXGD_aug1.mp4,Running,Horse,Mammal
./video/animalkingdom_augmented/NHQVJXGD_aug2.mp4,Running,Horse,Mammal
./video/animalkingdom_augmented/NHRSVCEI_aug0.mp4,Eating,Chimpanzee,Mammal
./video/animalkingdom_augmented/NHRSVCEI_aug1.mp4,Eating,Chimpanzee,Mammal
./video/animalkingdom_augmented/NHRSVCEI_aug2.mp4,Eating,Chimpanzee,Mammal
./video/animalkingdom_augmented/NIDBVUDX_aug0.mp4,Attending,Lion,Mammal
./video/animalkingdom_augmented/NIDBVUDX_aug1.mp4,Attending,Lion,Mammal
./video/animalkingdom_augmented/NIDBVUDX_aug2.mp4,Attending,Lion,Mammal
./video/animalkingdom_augmented/NIFNJTEK_aug0.mp4,Eating,Panda,Mammal
./video/animalkingdom_augmented/NIFNJTEK_aug1.mp4,Eating,Panda,Mammal
./video/animalkingdom_augmented/NIFNJTEK_aug2.mp4,Eating,Panda,Mammal
./video/animalkingdom_augmented/NIFOXHGA_aug0.mp4,Keeping still,Meerkat,Mammal
./video/animalkingdom_augmented/NIFOXHGA_aug1.mp4,Keeping still,Meerkat,Mammal
./video/animalkingdom_augmented/NIFOXHGA_aug2.mp4,Keeping still,Meerkat,Mammal
./video/animalkingdom_augmented/NIOYNFFP_aug0.mp4,Eating,Otter,Mammal
./video/animalkingdom_augmented/NIOYNFFP_aug1.mp4,Eating,Otter,Mammal
./video/animalkingdom_augmented/NIOYNFFP_aug2.mp4,Eating,Otter,Mammal
./video/animalkingdom_augmented/NJBBBVMP_aug0.mp4,Eating,Wolf,Mammal
./video/animalkingdom_augmented/NJBBBVMP_aug1.mp4,Eating,Wolf,Mammal
./video/animalkingdom_augmented/NJBBBVMP_aug2.mp4,Eating,Wolf,Mammal
./video/animalkingdom_augmented/NJGOYRAC_aug0.mp4,Walking,Coyote,Mammal
./video/animalkingdom_augmented/NJGOYRAC_aug1.mp4,Walking,Coyote,Mammal
./video/animalkingdom_augmented/NJGOYRAC_aug2.mp4,Walking,Coyote,Mammal
./video/animalkingdom_augmented/NJLYVRAC_aug0.mp4,Running,White Nosed Coati,Mammal
./video/animalkingdom_augmented/NJLYVRAC_aug1.mp4,Running,White Nosed Coati,Mammal
./video/animalkingdom_augmented/NJLYVRAC_aug2.mp4,Running,White Nosed Coati,Mammal
./video/animalkingdom_augmented/NJXKURAC_aug0.mp4,Walking,Jaguarundi Cat,Mammal
./video/animalkingdom_augmented/NJXKURAC_aug1.mp4,Walking,Jaguarundi Cat,Mammal
./video/animalkingdom_augmented/NJXKURAC_aug2.mp4,Walking,Jaguarundi Cat,Mammal
./video/animalkingdom_augmented/NKHRBDSN_aug0.mp4,Jumping,Jaculus Jaculus,Mammal
./video/animalkingdom_augmented/NKHRBDSN_aug1.mp4,Jumping,Jaculus Jaculus,Mammal
./video/animalkingdom_augmented/NKHRBDSN_aug2.mp4,Jumping,Jaculus Jaculus,Mammal
./video/animalkingdom_augmented/NKLFRXGD_aug0.mp4,Eating,Horse,Mammal
./video/animalkingdom_augmented/NKLFRXGD_aug1.mp4,Eating,Horse,Mammal
./video/animalkingdom_augmented/NKLFRXGD_aug2.mp4,Eating,Horse,Mammal
./video/animalkingdom_augmented/NKSXJNSU_aug0.mp4,Sensing,Hyena,Mammal
./video/animalkingdom_augmented/NKSXJNSU_aug1.mp4,Sensing,Hyena,Mammal
./video/animalkingdom_augmented/NKSXJNSU_aug2.mp4,Sensing,Hyena,Mammal
./video/animalkingdom_augmented/NLFQXCNX_aug0.mp4,Walking,Wolf,Mammal
./video/animalkingdom_augmented/NLFQXCNX_aug1.mp4,Walking,Wolf,Mammal
./video/animalkingdom_augmented/NLFQXCNX_aug2.mp4,Walking,Wolf,Mammal
./video/animalkingdom_augmented/NLKRMTEK_aug0.mp4,Attending,Lion,Mammal
./video/animalkingdom_augmented/NLKRMTEK_aug1.mp4,Attending,Lion,Mammal
./video/animalkingdom_augmented/NLKRMTEK_aug2.mp4,Attending,Lion,Mammal
./video/animalkingdom_augmented/NLSLJNBD_aug0.mp4,Walking,Serow,Mammal
./video/animalkingdom_augmented/NLSLJNBD_aug1.mp4,Walking,Serow,Mammal
./video/animalkingdom_augmented/NLSLJNBD_aug2.mp4,Walking,Serow,Mammal
./video/animalkingdom_augmented/NMMLDVYU_aug0.mp4,Walking,Leopard,Mammal
./video/animalkingdom_augmented/NMMLDVYU_aug1.mp4,Walking,Leopard,Mammal
./video/animalkingdom_augmented/NMMLDVYU_aug2.mp4,Walking,Leopard,Mammal
./video/animalkingdom_augmented/NMUQPWBC_aug0.mp4,Running,Mongoose,Mammal
./video/animalkingdom_augmented/NMUQPWBC_aug1.mp4,Running,Mongoose,Mammal
./video/animalkingdom_augmented/NMUQPWBC_aug2.mp4,Running,Mongoose,Mammal
./video/animalkingdom_augmented/NNBDIXGD_aug0.mp4,Running,Mountain Pygmy Possum,Mammal
./video/animalkingdom_augmented/NNBDIXGD_aug1.mp4,Running,Mountain Pygmy Possum,Mammal
./video/animalkingdom_augmented/NNBDIXGD_aug2.mp4,Running,Mountain Pygmy Possum,Mammal
./video/animalkingdom_augmented/NNCQJRAC_aug0.mp4,Walking,Capuchin Monkey,Mammal
./video/animalkingdom_augmented/NNCQJRAC_aug1.mp4,Walking,Capuchin Monkey,Mammal
./video/animalkingdom_augmented/NNCQJRAC_aug2.mp4,Walking,Capuchin Monkey,Mammal
./video/animalkingdom_augmented/NNJYKXGD_aug0.mp4,Walking,Horse,Mammal
./video/animalkingdom_augmented/NNJYKXGD_aug1.mp4,Walking,Horse,Mammal
./video/animalkingdom_augmented/NNJYKXGD_aug2.mp4,Walking,Horse,Mammal
./video/animalkingdom_augmented/NNRHKNPL_aug0.mp4,Sensing,Squirrel,Mammal
./video/animalkingdom_augmented/NNRHKNPL_aug1.mp4,Sensing,Squirrel,Mammal
./video/animalkingdom_augmented/NNRHKNPL_aug2.mp4,Sensing,Squirrel,Mammal
./video/animalkingdom_augmented/NNVDQAMC_aug0.mp4,Walking,Lion Young,Mammal
./video/animalkingdom_augmented/NNVDQAMC_aug1.mp4,Walking,Lion Young,Mammal
./video/animalkingdom_augmented/NNVDQAMC_aug2.mp4,Walking,Lion Young,Mammal
./video/animalkingdom_augmented/NOATVBQT_aug0.mp4,Sensing,Raffles Banded Langur,Mammal
./video/animalkingdom_augmented/NOATVBQT_aug1.mp4,Sensing,Raffles Banded Langur,Mammal
./video/animalkingdom_augmented/NOATVBQT_aug2.mp4,Sensing,Raffles Banded Langur,Mammal
./video/animalkingdom_augmented/NOROBQRY_aug0.mp4,Sensing,Ring-Tailed Lemur,Mammal
./video/animalkingdom_augmented/NOROBQRY_aug1.mp4,Sensing,Ring-Tailed Lemur,Mammal
./video/animalkingdom_augmented/NOROBQRY_aug2.mp4,Sensing,Ring-Tailed Lemur,Mammal
./video/animalkingdom_augmented/NORPJXGD_aug0.mp4,Eating,Horse,Mammal
./video/animalkingdom_augmented/NORPJXGD_aug1.mp4,Eating,Horse,Mammal
./video/animalkingdom_augmented/NORPJXGD_aug2.mp4,Eating,Horse,Mammal
./video/animalkingdom_augmented/NPCPNBQT_aug0.mp4,Jumping,Plantain Squirrel,Mammal
./video/animalkingdom_augmented/NPCPNBQT_aug1.mp4,Jumping,Plantain Squirrel,Mammal
./video/animalkingdom_augmented/NPCPNBQT_aug2.mp4,Jumping,Plantain Squirrel,Mammal
./video/animalkingdom_augmented/NPOMTXDO_aug0.mp4,Running,Porcupine,Mammal
./video/animalkingdom_augmented/NPOMTXDO_aug1.mp4,Running,Porcupine,Mammal
./video/animalkingdom_augmented/NPOMTXDO_aug2.mp4,Running,Porcupine,Mammal
./video/animalkingdom_augmented/NPVOVAMC_aug0.mp4,Walking,Lion Young,Mammal
./video/animalkingdom_augmented/NPVOVAMC_aug1.mp4,Walking,Lion Young,Mammal
./video/animalkingdom_augmented/NPVOVAMC_aug2.mp4,Walking,Lion Young,Mammal
./video/animalkingdom_augmented/NQFDEFGA_aug0.mp4,Running,Wolf,Mammal
./video/animalkingdom_augmented/NQFDEFGA_aug1.mp4,Running,Wolf,Mammal
./video/animalkingdom_augmented/NQFDEFGA_aug2.mp4,Running,Wolf,Mammal
./video/animalkingdom_augmented/NQIEPAMC_aug0.mp4,Walking,Lion Young,Mammal
./video/animalkingdom_augmented/NQIEPAMC_aug1.mp4,Walking,Lion Young,Mammal
./video/animalkingdom_augmented/NQIEPAMC_aug2.mp4,Walking,Lion Young,Mammal
./video/animalkingdom_augmented/NQVKKXGD_aug0.mp4,Running,Horse,Mammal
./video/animalkingdom_augmented/NQVKKXGD_aug1.mp4,Running,Horse,Mammal
./video/animalkingdom_augmented/NQVKKXGD_aug2.mp4,Running,Horse,Mammal
./video/animalkingdom_augmented/NRQXYXGD_aug0.mp4,Running,Horse,Mammal
./video/animalkingdom_augmented/NRQXYXGD_aug1.mp4,Running,Horse,Mammal
./video/animalkingdom_augmented/NRQXYXGD_aug2.mp4,Running,Horse,Mammal
./video/animalkingdom_augmented/NRRIIRLL_aug0.mp4,Walking,Southern Grasshopper Mouse,Mammal
./video/animalkingdom_augmented/NRRIIRLL_aug1.mp4,Walking,Southern Grasshopper Mouse,Mammal
./video/animalkingdom_augmented/NRRIIRLL_aug2.mp4,Walking,Southern Grasshopper Mouse,Mammal
./video/animalkingdom_augmented/NSSAABQT_aug0.mp4,Eating,Otter,Mammal
./video/animalkingdom_augmented/NSSAABQT_aug1.mp4,Eating,Otter,Mammal
./video/animalkingdom_augmented/NSSAABQT_aug2.mp4,Eating,Otter,Mammal
./video/animalkingdom_augmented/NSZTGXGD_aug0.mp4,Keeping still,Horse,Mammal
./video/animalkingdom_augmented/NSZTGXGD_aug1.mp4,Keeping still,Horse,Mammal
./video/animalkingdom_augmented/NSZTGXGD_aug2.mp4,Keeping still,Horse,Mammal
./video/animalkingdom_augmented/NTBQUTEK_aug0.mp4,Eating,Malayan Flying Fox,Mammal
./video/animalkingdom_augmented/NTBQUTEK_aug1.mp4,Eating,Malayan Flying Fox,Mammal
./video/animalkingdom_augmented/NTBQUTEK_aug2.mp4,Eating,Malayan Flying Fox,Mammal
./video/animalkingdom_augmented/NTWBIDSN_aug0.mp4,Walking,Desert Fox,Mammal
./video/animalkingdom_augmented/NTWBIDSN_aug1.mp4,Walking,Desert Fox,Mammal
./video/animalkingdom_augmented/NTWBIDSN_aug2.mp4,Walking,Desert Fox,Mammal
./video/animalkingdom_augmented/NTXWJFFP_aug0.mp4,Eating,Slow Loris,Mammal
./video/animalkingdom_augmented/NTXWJFFP_aug1.mp4,Eating,Slow Loris,Mammal
./video/animalkingdom_augmented/NTXWJFFP_aug2.mp4,Eating,Slow Loris,Mammal
./video/animalkingdom_augmented/NUNUFNPL_aug0.mp4,Eating,Grey Langur,Mammal
./video/animalkingdom_augmented/NUNUFNPL_aug1.mp4,Eating,Grey Langur,Mammal
./video/animalkingdom_augmented/NUNUFNPL_aug2.mp4,Eating,Grey Langur,Mammal
./video/animalkingdom_augmented/NUWXWUDX_aug0.mp4,Walking,African Oryx,Mammal
./video/animalkingdom_augmented/NUWXWUDX_aug1.mp4,Walking,African Oryx,Mammal
./video/animalkingdom_augmented/NUWXWUDX_aug2.mp4,Walking,African Oryx,Mammal
./video/animalkingdom_augmented/NUYVYXGD_aug0.mp4,Attending,Kangaroo,Mammal
./video/animalkingdom_augmented/NUYVYXGD_aug1.mp4,Attending,Kangaroo,Mammal
./video/animalkingdom_augmented/NUYVYXGD_aug2.mp4,Attending,Kangaroo,Mammal
./video/animalkingdom_augmented/NWARGXGD_aug0.mp4,Walking,Horse,Mammal
./video/animalkingdom_augmented/NWARGXGD_aug1.mp4,Walking,Horse,Mammal
./video/animalkingdom_augmented/NWARGXGD_aug2.mp4,Walking,Horse,Mammal
./video/animalkingdom_augmented/NWCLHRAC_aug0.mp4,Sensing,Jaguarundi Cat,Mammal
./video/animalkingdom_augmented/NWCLHRAC_aug1.mp4,Sensing,Jaguarundi Cat,Mammal
./video/animalkingdom_augmented/NWCLHRAC_aug2.mp4,Sensing,Jaguarundi Cat,Mammal
./video/animalkingdom_augmented/NWLFHRAC_aug0.mp4,Walking,Ocelot,Mammal
./video/animalkingdom_augmented/NWLFHRAC_aug1.mp4,Walking,Ocelot,Mammal
./video/animalkingdom_augmented/NWLFHRAC_aug2.mp4,Walking,Ocelot,Mammal
./video/animalkingdom_augmented/NWLVKAMC_aug0.mp4,Sensing,Lion,Mammal
./video/animalkingdom_augmented/NWLVKAMC_aug1.mp4,Sensing,Lion,Mammal
./video/animalkingdom_augmented/NWLVKAMC_aug2.mp4,Sensing,Lion,Mammal
./video/animalkingdom_augmented/NWNYNTEK_aug0.mp4,Eating,Prevosts Squirrel,Mammal
./video/animalkingdom_augmented/NWNYNTEK_aug1.mp4,Eating,Prevosts Squirrel,Mammal
./video/animalkingdom_augmented/NWNYNTEK_aug2.mp4,Eating,Prevosts Squirrel,Mammal
./video/animalkingdom_augmented/NXAGCDPO_aug0.mp4,Sensing,Leopard,Mammal
./video/animalkingdom_augmented/NXAGCDPO_aug1.mp4,Sensing,Leopard,Mammal
./video/animalkingdom_augmented/NXAGCDPO_aug2.mp4,Sensing,Leopard,Mammal
./video/animalkingdom_augmented/NYKBOXGD_aug0.mp4,Running,Horse,Mammal
./video/animalkingdom_augmented/NYKBOXGD_aug1.mp4,Running,Horse,Mammal
./video/animalkingdom_augmented/NYKBOXGD_aug2.mp4,Running,Horse,Mammal
./video/animalkingdom_augmented/NYUDTUDX_aug0.mp4,Sensing,Cheetah,Mammal
./video/animalkingdom_augmented/NYUDTUDX_aug1.mp4,Sensing,Cheetah,Mammal
./video/animalkingdom_augmented/NYUDTUDX_aug2.mp4,Sensing,Cheetah,Mammal
./video/animalkingdom_augmented/NZLUPXGD_aug0.mp4,Running,Horse,Mammal
./video/animalkingdom_augmented/NZLUPXGD_aug1.mp4,Running,Horse,Mammal
./video/animalkingdom_augmented/NZLUPXGD_aug2.mp4,Running,Horse,Mammal
./video/animalkingdom_augmented/NZZLYXGD_aug0.mp4,Sensing,Mountain Pygmy Possum,Mammal
./video/animalkingdom_augmented/NZZLYXGD_aug1.mp4,Sensing,Mountain Pygmy Possum,Mammal
./video/animalkingdom_augmented/NZZLYXGD_aug2.mp4,Sensing,Mountain Pygmy Possum,Mammal
./video/animalkingdom_augmented/OADKNXGD_aug0.mp4,Eating,Horse,Mammal
./video/animalkingdom_augmented/OADKNXGD_aug1.mp4,Eating,Horse,Mammal
./video/animalkingdom_augmented/OADKNXGD_aug2.mp4,Eating,Horse,Mammal
./video/animalkingdom_augmented/OAIWHUDX_aug0.mp4,Walking,Elephant,Mammal
./video/animalkingdom_augmented/OAIWHUDX_aug1.mp4,Walking,Elephant,Mammal
./video/animalkingdom_augmented/OAIWHUDX_aug2.mp4,Walking,Elephant,Mammal
./video/animalkingdom_augmented/OATVXFGA_aug0.mp4,Keeping still,Wildebeest,Mammal
./video/animalkingdom_augmented/OATVXFGA_aug1.mp4,Keeping still,Wildebeest,Mammal
./video/animalkingdom_augmented/OATVXFGA_aug2.mp4,Keeping still,Wildebeest,Mammal
./video/animalkingdom_augmented/OBWOZTEK_aug0.mp4,Eating,Elephant,Mammal
./video/animalkingdom_augmented/OBWOZTEK_aug1.mp4,Eating,Elephant,Mammal
./video/animalkingdom_augmented/OBWOZTEK_aug2.mp4,Eating,Elephant,Mammal
./video/animalkingdom_augmented/OEDFGSMJ_aug0.mp4,Walking,Marshbuck,Mammal
./video/animalkingdom_augmented/OEDFGSMJ_aug1.mp4,Walking,Marshbuck,Mammal
./video/animalkingdom_augmented/OEDFGSMJ_aug2.mp4,Walking,Marshbuck,Mammal
./video/animalkingdom_augmented/OEMJZRAC_aug0.mp4,Eating,Agouti,Mammal
./video/animalkingdom_augmented/OEMJZRAC_aug1.mp4,Eating,Agouti,Mammal
./video/animalkingdom_augmented/OEMJZRAC_aug2.mp4,Eating,Agouti,Mammal
./video/animalkingdom_augmented/OEPLXTEK_aug0.mp4,Walking,Asian Lion,Mammal
./video/animalkingdom_augmented/OEPLXTEK_aug1.mp4,Walking,Asian Lion,Mammal
./video/animalkingdom_augmented/OEPLXTEK_aug2.mp4,Walking,Asian Lion,Mammal
./video/animalkingdom_augmented/OETLERAC_aug0.mp4,Keeping still,Agouti,Mammal
./video/animalkingdom_augmented/OETLERAC_aug1.mp4,Keeping still,Agouti,Mammal
./video/animalkingdom_augmented/OETLERAC_aug2.mp4,Keeping still,Agouti,Mammal
./video/animalkingdom_augmented/OEVLAFGA_aug0.mp4,Walking,Polar Bear,Mammal
./video/animalkingdom_augmented/OEVLAFGA_aug1.mp4,Walking,Polar Bear,Mammal
./video/animalkingdom_augmented/OEVLAFGA_aug2.mp4,Walking,Polar Bear,Mammal
./video/animalkingdom_augmented/OEXDWKEW_aug0.mp4,Running,Goat,Mammal
./video/animalkingdom_augmented/OEXDWKEW_aug1.mp4,Running,Goat,Mammal
./video/animalkingdom_augmented/OEXDWKEW_aug2.mp4,Running,Goat,Mammal
./video/animalkingdom_augmented/OGDNWUPH_aug0.mp4,Eating,Squirrel,Mammal
./video/animalkingdom_augmented/OGDNWUPH_aug1.mp4,Eating,Squirrel,Mammal
./video/animalkingdom_augmented/OGDNWUPH_aug2.mp4,Eating,Squirrel,Mammal
./video/animalkingdom_augmented/OGWWRBQT_aug0.mp4,Eating,Raffles Banded Langur,Mammal
./video/animalkingdom_augmented/OGWWRBQT_aug1.mp4,Eating,Raffles Banded Langur,Mammal
./video/animalkingdom_augmented/OGWWRBQT_aug2.mp4,Eating,Raffles Banded Langur,Mammal
./video/animalkingdom_augmented/OIWQUVYU_aug0.mp4,Walking,Leopard,Mammal
./video/animalkingdom_augmented/OIWQUVYU_aug1.mp4,Walking,Leopard,Mammal
./video/animalkingdom_augmented/OIWQUVYU_aug2.mp4,Walking,Leopard,Mammal
./video/animalkingdom_augmented/OIYUSXGD_aug0.mp4,Running,Horse,Mammal
./video/animalkingdom_augmented/OIYUSXGD_aug1.mp4,Running,Horse,Mammal
./video/animalkingdom_augmented/OIYUSXGD_aug2.mp4,Running,Horse,Mammal
./video/animalkingdom_augmented/OJJFUVMP_aug0.mp4,Walking,Coyote,Mammal
./video/animalkingdom_augmented/OJJFUVMP_aug1.mp4,Walking,Coyote,Mammal
./video/animalkingdom_augmented/OJJFUVMP_aug2.mp4,Walking,Coyote,Mammal
./video/animalkingdom_augmented/OJLZXXGD_aug0.mp4,Running,Horse,Mammal
./video/animalkingdom_augmented/OJLZXXGD_aug1.mp4,Running,Horse,Mammal
./video/animalkingdom_augmented/OJLZXXGD_aug2.mp4,Running,Horse,Mammal
./video/animalkingdom_augmented/OKPCSFGA_aug0.mp4,Walking,Wolf,Mammal
./video/animalkingdom_augmented/OKPCSFGA_aug1.mp4,Walking,Wolf,Mammal
./video/animalkingdom_augmented/OKPCSFGA_aug2.mp4,Walking,Wolf,Mammal
./video/animalkingdom_augmented/OLAMJEBY_aug0.mp4,Jumping,Fox,Mammal
./video/animalkingdom_augmented/OLAMJEBY_aug1.mp4,Jumping,Fox,Mammal
./video/animalkingdom_augmented/OLAMJEBY_aug2.mp4,Jumping,Fox,Mammal
./video/animalkingdom_augmented/OLSEQBME_aug0.mp4,Walking,Horse,Mammal
./video/animalkingdom_augmented/OLSEQBME_aug1.mp4,Walking,Horse,Mammal
./video/animalkingdom_augmented/OLSEQBME_aug2.mp4,Walking,Horse,Mammal
./video/animalkingdom_augmented/OMJAGXGD_aug0.mp4,Running,Horse,Mammal
./video/animalkingdom_augmented/OMJAGXGD_aug1.mp4,Running,Horse,Mammal
./video/animalkingdom_augmented/OMJAGXGD_aug2.mp4,Running,Horse,Mammal
./video/animalkingdom_augmented/ONGMGXGD_aug0.mp4,Eating,Horse,Mammal
./video/animalkingdom_augmented/ONGMGXGD_aug1.mp4,Eating,Horse,Mammal
./video/animalkingdom_augmented/ONGMGXGD_aug2.mp4,Eating,Horse,Mammal
./video/animalkingdom_augmented/OOBVGDSN_aug0.mp4,Walking,Desert Fox,Mammal
./video/animalkingdom_augmented/OOBVGDSN_aug1.mp4,Walking,Desert Fox,Mammal
./video/animalkingdom_augmented/OOBVGDSN_aug2.mp4,Walking,Desert Fox,Mammal
./video/animalkingdom_augmented/OOEXBBME_aug0.mp4,Running,Horse,Mammal
./video/animalkingdom_augmented/OOEXBBME_aug1.mp4,Running,Horse,Mammal
./video/animalkingdom_augmented/OOEXBBME_aug2.mp4,Running,Horse,Mammal
./video/animalkingdom_augmented/OOMTVRAC_aug0.mp4,Walking,Ocelot,Mammal
./video/animalkingdom_augmented/OOMTVRAC_aug1.mp4,Walking,Ocelot,Mammal
./video/animalkingdom_augmented/OOMTVRAC_aug2.mp4,Walking,Ocelot,Mammal
./video/animalkingdom_augmented/OOTCBXGD_aug0.mp4,Running,Dog,Mammal
./video/animalkingdom_augmented/OOTCBXGD_aug1.mp4,Running,Dog,Mammal
./video/animalkingdom_augmented/OOTCBXGD_aug2.mp4,Running,Dog,Mammal
./video/animalkingdom_augmented/OOYUYNPL_aug0.mp4,Eating,Squirrel,Mammal
./video/animalkingdom_augmented/OOYUYNPL_aug1.mp4,Eating,Squirrel,Mammal
./video/animalkingdom_augmented/OOYUYNPL_aug2.mp4,Eating,Squirrel,Mammal
./video/animalkingdom_augmented/OQQRVXGD_aug0.mp4,Eating,Dog,Mammal
./video/animalkingdom_augmented/OQQRVXGD_aug1.mp4,Eating,Dog,Mammal
./video/animalkingdom_augmented/OQQRVXGD_aug2.mp4,Eating,Dog,Mammal
./video/animalkingdom_augmented/OQVSLNPO_aug0.mp4,Jumping,Lion,Mammal
./video/animalkingdom_augmented/OQVSLNPO_aug1.mp4,Jumping,Lion,Mammal
./video/animalkingdom_augmented/OQVSLNPO_aug2.mp4,Jumping,Lion,Mammal
./video/animalkingdom_augmented/OQZEBNPL_aug0.mp4,Keeping still,Squirrel,Mammal
./video/animalkingdom_augmented/OQZEBNPL_aug1.mp4,Keeping still,Squirrel,Mammal
./video/animalkingdom_augmented/OQZEBNPL_aug2.mp4,Keeping still,Squirrel,Mammal
./video/animalkingdom_augmented/ORUORXGD_aug0.mp4,Keeping still,Horse,Mammal
./video/animalkingdom_augmented/ORUORXGD_aug1.mp4,Keeping still,Horse,Mammal
./video/animalkingdom_augmented/ORUORXGD_aug2.mp4,Keeping still,Horse,Mammal
./video/animalkingdom_augmented/OTYBJXGD_aug0.mp4,Walking,Horse,Mammal
./video/animalkingdom_augmented/OTYBJXGD_aug1.mp4,Walking,Horse,Mammal
./video/animalkingdom_augmented/OTYBJXGD_aug2.mp4,Walking,Horse,Mammal
./video/animalkingdom_augmented/OUISIXGD_aug0.mp4,Walking,Horse,Mammal
./video/animalkingdom_augmented/OUISIXGD_aug1.mp4,Walking,Horse,Mammal
./video/animalkingdom_augmented/OUISIXGD_aug2.mp4,Walking,Horse,Mammal
./video/animalkingdom_augmented/OVMDWBQT_aug0.mp4,Eating,Lesser Mousedeer,Mammal
./video/animalkingdom_augmented/OVMDWBQT_aug1.mp4,Eating,Lesser Mousedeer,Mammal
./video/animalkingdom_augmented/OVMDWBQT_aug2.mp4,Eating,Lesser Mousedeer,Mammal
./video/animalkingdom_augmented/OVSJMMYV_aug0.mp4,Eating,Mountain Gorilla,Mammal
./video/animalkingdom_augmented/OVSJMMYV_aug1.mp4,Eating,Mountain Gorilla,Mammal
./video/animalkingdom_augmented/OVSJMMYV_aug2.mp4,Eating,Mountain Gorilla,Mammal
./video/animalkingdom_augmented/OVUTTNPL_aug0.mp4,Attending,Squirrel,Mammal
./video/animalkingdom_augmented/OVUTTNPL_aug1.mp4,Attending,Squirrel,Mammal
./video/animalkingdom_augmented/OVUTTNPL_aug2.mp4,Attending,Squirrel,Mammal
./video/animalkingdom_augmented/OXAFQFKM_aug0.mp4,Attending,Meerkat,Mammal
./video/animalkingdom_augmented/OXAFQFKM_aug1.mp4,Attending,Meerkat,Mammal
./video/animalkingdom_augmented/OXAFQFKM_aug2.mp4,Attending,Meerkat,Mammal
./video/animalkingdom_augmented/OXTZINPL_aug0.mp4,Keeping still,Chimpanzee,Mammal
./video/animalkingdom_augmented/OXTZINPL_aug1.mp4,Keeping still,Chimpanzee,Mammal
./video/animalkingdom_augmented/OXTZINPL_aug2.mp4,Keeping still,Chimpanzee,Mammal
./video/animalkingdom_augmented/OYFADXGD_aug0.mp4,Running,Horse,Mammal
./video/animalkingdom_augmented/OYFADXGD_aug1.mp4,Running,Horse,Mammal
./video/animalkingdom_augmented/OYFADXGD_aug2.mp4,Running,Horse,Mammal
./video/animalkingdom_augmented/OYTJJBQT_aug0.mp4,Keeping still,Plantain Squirrel,Mammal
./video/animalkingdom_augmented/OYTJJBQT_aug1.mp4,Keeping still,Plantain Squirrel,Mammal
./video/animalkingdom_augmented/OYTJJBQT_aug2.mp4,Keeping still,Plantain Squirrel,Mammal
./video/animalkingdom_augmented/OZUVUXDO_aug0.mp4,Walking,Tiger,Mammal
./video/animalkingdom_augmented/OZUVUXDO_aug1.mp4,Walking,Tiger,Mammal
./video/animalkingdom_augmented/OZUVUXDO_aug2.mp4,Walking,Tiger,Mammal
./video/animalkingdom_augmented/OZVOPFGA_aug0.mp4,Walking,Polar Bear,Mammal
./video/animalkingdom_augmented/OZVOPFGA_aug1.mp4,Walking,Polar Bear,Mammal
./video/animalkingdom_augmented/OZVOPFGA_aug2.mp4,Walking,Polar Bear,Mammal
./video/animalkingdom_augmented/PADTKUPH_aug0.mp4,Sensing,Chamois Goat Antelope,Mammal
./video/animalkingdom_augmented/PADTKUPH_aug1.mp4,Sensing,Chamois Goat Antelope,Mammal
./video/animalkingdom_augmented/PADTKUPH_aug2.mp4,Sensing,Chamois Goat Antelope,Mammal
./video/animalkingdom_augmented/PANOKUDX_aug0.mp4,Walking,Elephant,Mammal
./video/animalkingdom_augmented/PANOKUDX_aug1.mp4,Walking,Elephant,Mammal
./video/animalkingdom_augmented/PANOKUDX_aug2.mp4,Walking,Elephant,Mammal
./video/animalkingdom_augmented/PAOHHBQT_aug0.mp4,Keeping still,Colugo,Mammal
./video/animalkingdom_augmented/PAOHHBQT_aug1.mp4,Keeping still,Colugo,Mammal
./video/animalkingdom_augmented/PAOHHBQT_aug2.mp4,Keeping still,Colugo,Mammal
./video/animalkingdom_augmented/PBCMFBME_aug0.mp4,Running,Horse,Mammal
./video/animalkingdom_augmented/PBCMFBME_aug1.mp4,Running,Horse,Mammal
./video/animalkingdom_augmented/PBCMFBME_aug2.mp4,Running,Horse,Mammal
./video/animalkingdom_augmented/PBSFMXGD_aug0.mp4,Running,Horse,Mammal
./video/animalkingdom_augmented/PBSFMXGD_aug1.mp4,Running,Horse,Mammal
./video/animalkingdom_augmented/PBSFMXGD_aug2.mp4,Running,Horse,Mammal
./video/animalkingdom_augmented/PBUELVYU_aug0.mp4,Sensing,Leopard,Mammal
./video/animalkingdom_augmented/PBUELVYU_aug1.mp4,Sensing,Leopard,Mammal
./video/animalkingdom_augmented/PBUELVYU_aug2.mp4,Sensing,Leopard,Mammal
./video/animalkingdom_augmented/PBUSSSMJ_aug0.mp4,Walking,Elephant,Mammal
./video/animalkingdom_augmented/PBUSSSMJ_aug1.mp4,Walking,Elephant,Mammal
./video/animalkingdom_augmented/PBUSSSMJ_aug2.mp4,Walking,Elephant,Mammal
./video/animalkingdom_augmented/PBXOORSU_aug0.mp4,Sensing,Wolf,Mammal
./video/animalkingdom_augmented/PBXOORSU_aug1.mp4,Sensing,Wolf,Mammal
./video/animalkingdom_augmented/PBXOORSU_aug2.mp4,Sensing,Wolf,Mammal
./video/animalkingdom_augmented/PCQUDFGA_aug0.mp4,Walking,Caribou,Mammal
./video/animalkingdom_augmented/PCQUDFGA_aug1.mp4,Walking,Caribou,Mammal
./video/animalkingdom_augmented/PCQUDFGA_aug2.mp4,Walking,Caribou,Mammal
./video/animalkingdom_augmented/PDKECQRY_aug0.mp4,Sensing,Ring-Tailed Lemur,Mammal
./video/animalkingdom_augmented/PDKECQRY_aug1.mp4,Sensing,Ring-Tailed Lemur,Mammal
./video/animalkingdom_augmented/PDKECQRY_aug2.mp4,Sensing,Ring-Tailed Lemur,Mammal
./video/animalkingdom_augmented/PEFRDXGD_aug0.mp4,Jumping,Kangaroo,Mammal
./video/animalkingdom_augmented/PEFRDXGD_aug1.mp4,Jumping,Kangaroo,Mammal
./video/animalkingdom_augmented/PEFRDXGD_aug2.mp4,Jumping,Kangaroo,Mammal
./video/animalkingdom_augmented/PELWMAMC_aug0.mp4,Eating,Lion,Mammal
./video/animalkingdom_augmented/PELWMAMC_aug1.mp4,Eating,Lion,Mammal
./video/animalkingdom_augmented/PELWMAMC_aug2.mp4,Eating,Lion,Mammal
./video/animalkingdom_augmented/PEUCLKEW_aug0.mp4,Running,Goat,Mammal
./video/animalkingdom_augmented/PEUCLKEW_aug1.mp4,Running,Goat,Mammal
./video/animalkingdom_augmented/PEUCLKEW_aug2.mp4,Running,Goat,Mammal
./video/animalkingdom_augmented/PFFKFNSU_aug0.mp4,Running,Hyena,Mammal
./video/animalkingdom_augmented/PFFKFNSU_aug1.mp4,Running,Hyena,Mammal
./video/animalkingdom_augmented/PFFKFNSU_aug2.mp4,Running,Hyena,Mammal
./video/animalkingdom_augmented/PFKNCBQT_aug0.mp4,Eating,Plantain Squirrel,Mammal
./video/animalkingdom_augmented/PFKNCBQT_aug1.mp4,Eating,Plantain Squirrel,Mammal
./video/animalkingdom_augmented/PFKNCBQT_aug2.mp4,Eating,Plantain Squirrel,Mammal
./video/animalkingdom_augmented/PFNWIXGD_aug0.mp4,Running,Horse,Mammal
./video/animalkingdom_augmented/PFNWIXGD_aug1.mp4,Running,Horse,Mammal
./video/animalkingdom_augmented/PFNWIXGD_aug2.mp4,Running,Horse,Mammal
./video/animalkingdom_augmented/PGIYTTEK_aug0.mp4,Eating,Malayan Flying Fox,Mammal
./video/animalkingdom_augmented/PGIYTTEK_aug1.mp4,Eating,Malayan Flying Fox,Mammal
./video/animalkingdom_augmented/PGIYTTEK_aug2.mp4,Eating,Malayan Flying Fox,Mammal
./video/animalkingdom_augmented/PGVCNFFP_aug0.mp4,Eating,Maroon Macaque,Mammal
./video/animalkingdom_augmented/PGVCNFFP_aug1.mp4,Eating,Maroon Macaque,Mammal
./video/animalkingdom_augmented/PGVCNFFP_aug2.mp4,Eating,Maroon Macaque,Mammal
./video/animalkingdom_augmented/PGVXPTHG_aug0.mp4,Sensing,African Civet,Mammal
./video/animalkingdom_augmented/PGVXPTHG_aug1.mp4,Sensing,African Civet,Mammal
./video/animalkingdom_augmented/PGVXPTHG_aug2.mp4,Sensing,African Civet,Mammal
./video/animalkingdom_augmented/PHIFDXGD_aug0.mp4,Running,Horse,Mammal
./video/animalkingdom_augmented/PHIFDXGD_aug1.mp4,Running,Horse,Mammal
./video/animalkingdom_augmented/PHIFDXGD_aug2.mp4,Running,Horse,Mammal
./video/animalkingdom_augmented/PHYBNVYU_aug0.mp4,Walking,Leopard,Mammal
./video/animalkingdom_augmented/PHYBNVYU_aug1.mp4,Walking,Leopard,Mammal
./video/animalkingdom_augmented/PHYBNVYU_aug2.mp4,Walking,Leopard,Mammal
./video/animalkingdom_augmented/PIDCPXGD_aug0.mp4,Keeping still,Horse,Mammal
./video/animalkingdom_augmented/PIDCPXGD_aug1.mp4,Keeping still,Horse,Mammal
./video/animalkingdom_augmented/PIDCPXGD_aug2.mp4,Keeping still,Horse,Mammal
./video/animalkingdom_augmented/PIHIPXGD_aug0.mp4,Jumping,Kangaroo,Mammal
./video/animalkingdom_augmented/PIHIPXGD_aug1.mp4,Jumping,Kangaroo,Mammal
./video/animalkingdom_augmented/PIHIPXGD_aug2.mp4,Jumping,Kangaroo,Mammal
./video/animalkingdom_augmented/PJGXYXGD_aug0.mp4,Walking,Horse,Mammal
./video/animalkingdom_augmented/PJGXYXGD_aug1.mp4,Walking,Horse,Mammal
./video/animalkingdom_augmented/PJGXYXGD_aug2.mp4,Walking,Horse,Mammal
./video/animalkingdom_augmented/PJWDFXGD_aug0.mp4,Running,Horse,Mammal
./video/animalkingdom_augmented/PJWDFXGD_aug1.mp4,Running,Horse,Mammal
./video/animalkingdom_augmented/PJWDFXGD_aug2.mp4,Running,Horse,Mammal
./video/animalkingdom_augmented/PKHBHNPL_aug0.mp4,Attending,Grey Langur,Mammal
./video/animalkingdom_augmented/PKHBHNPL_aug1.mp4,Attending,Grey Langur,Mammal
./video/animalkingdom_augmented/PKHBHNPL_aug2.mp4,Attending,Grey Langur,Mammal
./video/animalkingdom_augmented/PKSIICIN_aug0.mp4,Eating,Cow,Mammal
./video/animalkingdom_augmented/PKSIICIN_aug1.mp4,Eating,Cow,Mammal
./video/animalkingdom_augmented/PKSIICIN_aug2.mp4,Eating,Cow,Mammal
./video/animalkingdom_augmented/PKZEHUDX_aug0.mp4,Walking,Cheetah,Mammal
./video/animalkingdom_augmented/PKZEHUDX_aug1.mp4,Walking,Cheetah,Mammal
./video/animalkingdom_augmented/PKZEHUDX_aug2.mp4,Walking,Cheetah,Mammal
./video/animalkingdom_augmented/PLBZFBQT_aug0.mp4,Jumping,Raffles Banded Langur,Mammal
./video/animalkingdom_augmented/PLBZFBQT_aug1.mp4,Jumping,Raffles Banded Langur,Mammal
./video/animalkingdom_augmented/PLBZFBQT_aug2.mp4,Jumping,Raffles Banded Langur,Mammal
./video/animalkingdom_augmented/PLJYQXGD_aug0.mp4,Running,Horse,Mammal
./video/animalkingdom_augmented/PLJYQXGD_aug1.mp4,Running,Horse,Mammal
./video/animalkingdom_augmented/PLJYQXGD_aug2.mp4,Running,Horse,Mammal
./video/animalkingdom_augmented/PLMDRTEK_aug0.mp4,Sensing,Thamin Deer,Mammal
./video/animalkingdom_augmented/PLMDRTEK_aug1.mp4,Sensing,Thamin Deer,Mammal
./video/animalkingdom_augmented/PLMDRTEK_aug2.mp4,Sensing,Thamin Deer,Mammal
./video/animalkingdom_augmented/PMIKUXGD_aug0.mp4,Running,Horse,Mammal
./video/animalkingdom_augmented/PMIKUXGD_aug1.mp4,Running,Horse,Mammal
./video/animalkingdom_augmented/PMIKUXGD_aug2.mp4,Running,Horse,Mammal
./video/animalkingdom_augmented/PMJPUGCS_aug0.mp4,Walking,Giraffe,Mammal
./video/animalkingdom_augmented/PMJPUGCS_aug1.mp4,Walking,Giraffe,Mammal
./video/animalkingdom_augmented/PMJPUGCS_aug2.mp4,Walking,Giraffe,Mammal
./video/animalkingdom_augmented/PNPMLFFP_aug0.mp4,Keeping still,Maroon Macaque,Mammal
./video/animalkingdom_augmented/PNPMLFFP_aug1.mp4,Keeping still,Maroon Macaque,Mammal
./video/animalkingdom_augmented/PNPMLFFP_aug2.mp4,Keeping still,Maroon Macaque,Mammal
./video/animalkingdom_augmented/PNPPXFFP_aug0.mp4,Attending,Maroon Macaque,Mammal
./video/animalkingdom_augmented/PNPPXFFP_aug1.mp4,Attending,Maroon Macaque,Mammal
./video/animalkingdom_augmented/PNPPXFFP_aug2.mp4,Attending,Maroon Macaque,Mammal
./video/animalkingdom_augmented/PODPPRAC_aug0.mp4,Jumping,Coyote,Mammal
./video/animalkingdom_augmented/PODPPRAC_aug1.mp4,Jumping,Coyote,Mammal
./video/animalkingdom_augmented/PODPPRAC_aug2.mp4,Jumping,Coyote,Mammal
./video/animalkingdom_augmented/POERUXGD_aug0.mp4,Eating,Horse,Mammal
./video/animalkingdom_augmented/POERUXGD_aug1.mp4,Eating,Horse,Mammal
./video/animalkingdom_augmented/POERUXGD_aug2.mp4,Eating,Horse,Mammal
./video/animalkingdom_augmented/POGBPNPO_aug0.mp4,Running,Hyena,Mammal
./video/animalkingdom_augmented/POGBPNPO_aug1.mp4,Running,Hyena,Mammal
./video/animalkingdom_augmented/POGBPNPO_aug2.mp4,Running,Hyena,Mammal
./video/animalkingdom_augmented/POKCKFFP_aug0.mp4,Running,Otter,Mammal
./video/animalkingdom_augmented/POKCKFFP_aug1.mp4,Running,Otter,Mammal
./video/animalkingdom_augmented/POKCKFFP_aug2.mp4,Running,Otter,Mammal
./video/animalkingdom_augmented/POKMBRAC_aug0.mp4,Eating,White Nosed Coati,Mammal
./video/animalkingdom_augmented/POKMBRAC_aug1.mp4,Eating,White Nosed Coati,Mammal
./video/animalkingdom_augmented/POKMBRAC_aug2.mp4,Eating,White Nosed Coati,Mammal
./video/animalkingdom_augmented/POXHLBQT_aug0.mp4,Jumping,Raffles Banded Langur,Mammal
./video/animalkingdom_augmented/POXHLBQT_aug1.mp4,Jumping,Raffles Banded Langur,Mammal
./video/animalkingdom_augmented/POXHLBQT_aug2.mp4,Jumping,Raffles Banded Langur,Mammal
./video/animalkingdom_augmented/PPDOPXGD_aug0.mp4,Running,Mountain Pygmy Possum,Mammal
./video/animalkingdom_augmented/PPDOPXGD_aug1.mp4,Running,Mountain Pygmy Possum,Mammal
./video/animalkingdom_augmented/PPDOPXGD_aug2.mp4,Running,Mountain Pygmy Possum,Mammal
./video/animalkingdom_augmented/PPFMWTEK_aug0.mp4,Keeping still,Colugo,Mammal
./video/animalkingdom_augmented/PPFMWTEK_aug1.mp4,Keeping still,Colugo,Mammal
./video/animalkingdom_augmented/PPFMWTEK_aug2.mp4,Keeping still,Colugo,Mammal
./video/animalkingdom_augmented/PTASHBQT_aug0.mp4,Eating,Otter,Mammal
./video/animalkingdom_augmented/PTASHBQT_aug1.mp4,Eating,Otter,Mammal
./video/animalkingdom_augmented/PTASHBQT_aug2.mp4,Eating,Otter,Mammal
./video/animalkingdom_augmented/PTGENDSN_aug0.mp4,Walking,Snow Leopard,Mammal
./video/animalkingdom_augmented/PTGENDSN_aug1.mp4,Walking,Snow Leopard,Mammal
./video/animalkingdom_augmented/PTGENDSN_aug2.mp4,Walking,Snow Leopard,Mammal
./video/animalkingdom_augmented/PTJWOMHZ_aug0.mp4,Eating,Horse Young,Mammal
./video/animalkingdom_augmented/PTJWOMHZ_aug1.mp4,Eating,Horse Young,Mammal
./video/animalkingdom_augmented/PTJWOMHZ_aug2.mp4,Eating,Horse Young,Mammal
./video/animalkingdom_augmented/PUQMGXGD_aug0.mp4,Jumping,Kangaroo,Mammal
./video/animalkingdom_augmented/PUQMGXGD_aug1.mp4,Jumping,Kangaroo,Mammal
./video/animalkingdom_augmented/PUQMGXGD_aug2.mp4,Jumping,Kangaroo,Mammal
./video/animalkingdom_augmented/PVOJLWBC_aug0.mp4,Running,Mongoose,Mammal
./video/animalkingdom_augmented/PVOJLWBC_aug1.mp4,Running,Mongoose,Mammal
./video/animalkingdom_augmented/PVOJLWBC_aug2.mp4,Running,Mongoose,Mammal
./video/animalkingdom_augmented/PVZDDTEK_aug0.mp4,Eating,Panda,Mammal
./video/animalkingdom_augmented/PVZDDTEK_aug1.mp4,Eating,Panda,Mammal
./video/animalkingdom_augmented/PVZDDTEK_aug2.mp4,Eating,Panda,Mammal
./video/animalkingdom_augmented/PWBDJXGD_aug0.mp4,Sensing,Kangaroo,Mammal
./video/animalkingdom_augmented/PWBDJXGD_aug1.mp4,Sensing,Kangaroo,Mammal
./video/animalkingdom_augmented/PWBDJXGD_aug2.mp4,Sensing,Kangaroo,Mammal
./video/animalkingdom_augmented/PWIOWTCN_aug0.mp4,Walking,Horse Young,Mammal
./video/animalkingdom_augmented/PWIOWTCN_aug1.mp4,Walking,Horse Young,Mammal
./video/animalkingdom_augmented/PWIOWTCN_aug2.mp4,Walking,Horse Young,Mammal
./video/animalkingdom_augmented/PWJTIFGA_aug0.mp4,Running,Wild Dog,Mammal
./video/animalkingdom_augmented/PWJTIFGA_aug1.mp4,Running,Wild Dog,Mammal
./video/animalkingdom_augmented/PWJTIFGA_aug2.mp4,Running,Wild Dog,Mammal
./video/animalkingdom_augmented/PWQJMNPO_aug0.mp4,Walking,Hyena,Mammal
./video/animalkingdom_augmented/PWQJMNPO_aug1.mp4,Walking,Hyena,Mammal
./video/animalkingdom_augmented/PWQJMNPO_aug2.mp4,Walking,Hyena,Mammal
./video/animalkingdom_augmented/PXMMUEBY_aug0.mp4,Walking,Fox,Mammal
./video/animalkingdom_augmented/PXMMUEBY_aug1.mp4,Walking,Fox,Mammal
./video/animalkingdom_augmented/PXMMUEBY_aug2.mp4,Walking,Fox,Mammal
./video/animalkingdom_augmented/PXZENNJC_aug0.mp4,Attending,Chimpanzee,Mammal
./video/animalkingdom_augmented/PXZENNJC_aug1.mp4,Attending,Chimpanzee,Mammal
./video/animalkingdom_augmented/PXZENNJC_aug2.mp4,Attending,Chimpanzee,Mammal
./video/animalkingdom_augmented/PYDAKRAC_aug0.mp4,Running,White Nosed Coati,Mammal
./video/animalkingdom_augmented/PYDAKRAC_aug1.mp4,Running,White Nosed Coati,Mammal
./video/animalkingdom_augmented/PYDAKRAC_aug2.mp4,Running,White Nosed Coati,Mammal
./video/animalkingdom_augmented/PYJOVRAC_aug0.mp4,Sensing,Jaguarundi Cat,Mammal
./video/animalkingdom_augmented/PYJOVRAC_aug1.mp4,Sensing,Jaguarundi Cat,Mammal
./video/animalkingdom_augmented/PYJOVRAC_aug2.mp4,Sensing,Jaguarundi Cat,Mammal
./video/animalkingdom_augmented/PZNOHXGD_aug0.mp4,Running,Horse,Mammal
./video/animalkingdom_augmented/PZNOHXGD_aug1.mp4,Running,Horse,Mammal
./video/animalkingdom_augmented/PZNOHXGD_aug2.mp4,Running,Horse,Mammal
./video/animalkingdom_augmented/QAAVHTEK_aug0.mp4,Sensing,Gibbon,Mammal
./video/animalkingdom_augmented/QAAVHTEK_aug1.mp4,Sensing,Gibbon,Mammal
./video/animalkingdom_augmented/QAAVHTEK_aug2.mp4,Sensing,Gibbon,Mammal
./video/animalkingdom_augmented/QAHQCHGA_aug0.mp4,Attending,Meerkat,Mammal
./video/animalkingdom_augmented/QAHQCHGA_aug1.mp4,Attending,Meerkat,Mammal
./video/animalkingdom_augmented/QAHQCHGA_aug2.mp4,Attending,Meerkat,Mammal
./video/animalkingdom_augmented/QALVSNXN_aug0.mp4,Keeping still,Sea Otter,Mammal
./video/animalkingdom_augmented/QALVSNXN_aug1.mp4,Keeping still,Sea Otter,Mammal
./video/animalkingdom_augmented/QALVSNXN_aug2.mp4,Keeping still,Sea Otter,Mammal
./video/animalkingdom_augmented/QAQUUXGD_aug0.mp4,Running,Horse,Mammal
./video/animalkingdom_augmented/QAQUUXGD_aug1.mp4,Running,Horse,Mammal
./video/animalkingdom_augmented/QAQUUXGD_aug2.mp4,Running,Horse,Mammal
./video/animalkingdom_augmented/QARHHEBY_aug0.mp4,Jumping,Fox,Mammal
./video/animalkingdom_augmented/QARHHEBY_aug1.mp4,Jumping,Fox,Mammal
./video/animalkingdom_augmented/QARHHEBY_aug2.mp4,Jumping,Fox,Mammal
./video/animalkingdom_augmented/QAXWTUDX_aug0.mp4,Walking,Zebra,Mammal
./video/animalkingdom_augmented/QAXWTUDX_aug1.mp4,Walking,Zebra,Mammal
./video/animalkingdom_augmented/QAXWTUDX_aug2.mp4,Walking,Zebra,Mammal
./video/animalkingdom_augmented/QBDJVRAC_aug0.mp4,Keeping still,Agouti,Mammal
./video/animalkingdom_augmented/QBDJVRAC_aug1.mp4,Keeping still,Agouti,Mammal
./video/animalkingdom_augmented/QBDJVRAC_aug2.mp4,Keeping still,Agouti,Mammal
./video/animalkingdom_augmented/QCAEVPIF_aug0.mp4,Attending,Grizzly Bear,Mammal
./video/animalkingdom_augmented/QCAEVPIF_aug1.mp4,Attending,Grizzly Bear,Mammal
./video/animalkingdom_augmented/QCAEVPIF_aug2.mp4,Attending,Grizzly Bear,Mammal
./video/animalkingdom_augmented/QCXQVFGA_aug0.mp4,Walking,Caribou,Mammal
./video/animalkingdom_augmented/QCXQVFGA_aug1.mp4,Walking,Caribou,Mammal
./video/animalkingdom_augmented/QCXQVFGA_aug2.mp4,Walking,Caribou,Mammal
./video/animalkingdom_augmented/QDESMRAC_aug0.mp4,Sensing,Capuchin Monkey,Mammal
./video/animalkingdom_augmented/QDESMRAC_aug1.mp4,Sensing,Capuchin Monkey,Mammal
./video/animalkingdom_augmented/QDESMRAC_aug2.mp4,Sensing,Capuchin Monkey,Mammal
./video/animalkingdom_augmented/QDHDOTEK_aug0.mp4,Walking,Malayan Tapir,Mammal
./video/animalkingdom_augmented/QDHDOTEK_aug1.mp4,Walking,Malayan Tapir,Mammal
./video/animalkingdom_augmented/QDHDOTEK_aug2.mp4,Walking,Malayan Tapir,Mammal
./video/animalkingdom_augmented/QDLEGNPL_aug0.mp4,Walking,Chimpanzee,Mammal
./video/animalkingdom_augmented/QDLEGNPL_aug1.mp4,Walking,Chimpanzee,Mammal
./video/animalkingdom_augmented/QDLEGNPL_aug2.mp4,Walking,Chimpanzee,Mammal
./video/animalkingdom_augmented/QEIVEUDX_aug0.mp4,Walking,Elephant,Mammal
./video/animalkingdom_augmented/QEIVEUDX_aug1.mp4,Walking,Elephant,Mammal
./video/animalkingdom_augmented/QEIVEUDX_aug2.mp4,Walking,Elephant,Mammal
./video/animalkingdom_augmented/QELNMVYU_aug0.mp4,Attending,Leopard,Mammal
./video/animalkingdom_augmented/QELNMVYU_aug1.mp4,Attending,Leopard,Mammal
./video/animalkingdom_augmented/QELNMVYU_aug2.mp4,Attending,Leopard,Mammal
./video/animalkingdom_augmented/QESPGDPR_aug0.mp4,Walking,Cougar,Mammal
./video/animalkingdom_augmented/QESPGDPR_aug1.mp4,Walking,Cougar,Mammal
./video/animalkingdom_augmented/QESPGDPR_aug2.mp4,Walking,Cougar,Mammal
./video/animalkingdom_augmented/QFDGSVYU_aug0.mp4,Walking,Leopard,Mammal
./video/animalkingdom_augmented/QFDGSVYU_aug1.mp4,Walking,Leopard,Mammal
./video/animalkingdom_augmented/QFDGSVYU_aug2.mp4,Walking,Leopard,Mammal
./video/animalkingdom_augmented/QFEZTLQI_aug0.mp4,Attending,Barking Deer,Mammal
./video/animalkingdom_augmented/QFEZTLQI_aug1.mp4,Attending,Barking Deer,Mammal
./video/animalkingdom_augmented/QFEZTLQI_aug2.mp4,Attending,Barking Deer,Mammal
./video/animalkingdom_augmented/QFPOKNPL_aug0.mp4,Keeping still,Squirrel,Mammal
./video/animalkingdom_augmented/QFPOKNPL_aug1.mp4,Keeping still,Squirrel,Mammal
./video/animalkingdom_augmented/QFPOKNPL_aug2.mp4,Keeping still,Squirrel,Mammal
./video/animalkingdom_augmented/QFTPBKEW_aug0.mp4,Walking,Goat,Mammal
./video/animalkingdom_augmented/QFTPBKEW_aug1.mp4,Walking,Goat,Mammal
./video/animalkingdom_augmented/QFTPBKEW_aug2.mp4,Walking,Goat,Mammal
./video/animalkingdom_augmented/QFXYXRSU_aug0.mp4,Keeping still,Wolf,Mammal
./video/animalkingdom_augmented/QFXYXRSU_aug1.mp4,Keeping still,Wolf,Mammal
./video/animalkingdom_augmented/QFXYXRSU_aug2.mp4,Keeping still,Wolf,Mammal
./video/animalkingdom_augmented/QGEJIRAC_aug0.mp4,Walking,Jaguarundi Cat,Mammal
./video/animalkingdom_augmented/QGEJIRAC_aug1.mp4,Walking,Jaguarundi Cat,Mammal
./video/animalkingdom_augmented/QGEJIRAC_aug2.mp4,Walking,Jaguarundi Cat,Mammal
./video/animalkingdom_augmented/QITKRXGD_aug0.mp4,Running,Horse,Mammal
./video/animalkingdom_augmented/QITKRXGD_aug1.mp4,Running,Horse,Mammal
./video/animalkingdom_augmented/QITKRXGD_aug2.mp4,Running,Horse,Mammal
./video/animalkingdom_augmented/QJLKWUDX_aug0.mp4,Walking,African Oryx,Mammal
./video/animalkingdom_augmented/QJLKWUDX_aug1.mp4,Walking,African Oryx,Mammal
./video/animalkingdom_augmented/QJLKWUDX_aug2.mp4,Walking,African Oryx,Mammal
./video/animalkingdom_augmented/QKGRQXGD_aug0.mp4,Running,Horse,Mammal
./video/animalkingdom_augmented/QKGRQXGD_aug1.mp4,Running,Horse,Mammal
./video/animalkingdom_augmented/QKGRQXGD_aug2.mp4,Running,Horse,Mammal
./video/animalkingdom_augmented/QKHRSBQT_aug0.mp4,Sensing,Colugo,Mammal
./video/animalkingdom_augmented/QKHRSBQT_aug1.mp4,Sensing,Colugo,Mammal
./video/animalkingdom_augmented/QKHRSBQT_aug2.mp4,Sensing,Colugo,Mammal
./video/animalkingdom_augmented/QKPIAXGD_aug0.mp4,Walking,Horse,Mammal
./video/animalkingdom_augmented/QKPIAXGD_aug1.mp4,Walking,Horse,Mammal
./video/animalkingdom_augmented/QKPIAXGD_aug2.mp4,Walking,Horse,Mammal
./video/animalkingdom_augmented/QKQWHPIF_aug0.mp4,Walking,Polar Bear,Mammal
./video/animalkingdom_augmented/QKQWHPIF_aug1.mp4,Walking,Polar Bear,Mammal
./video/animalkingdom_augmented/QKQWHPIF_aug2.mp4,Walking,Polar Bear,Mammal
./video/animalkingdom_augmented/QKVPFSMJ_aug0.mp4,Walking,Elephant,Mammal
./video/animalkingdom_augmented/QKVPFSMJ_aug1.mp4,Walking,Elephant,Mammal
./video/animalkingdom_augmented/QKVPFSMJ_aug2.mp4,Walking,Elephant,Mammal
./video/animalkingdom_augmented/QKYHRTHG_aug0.mp4,Attending,Campbells Monkey,Mammal
./video/animalkingdom_augmented/QKYHRTHG_aug1.mp4,Attending,Campbells Monkey,Mammal
./video/animalkingdom_augmented/QKYHRTHG_aug2.mp4,Attending,Campbells Monkey,Mammal
./video/animalkingdom_augmented/QLPKUWZF_aug0.mp4,Jumping,Bighorn Sheep,Mammal
./video/animalkingdom_augmented/QLPKUWZF_aug1.mp4,Jumping,Bighorn Sheep,Mammal
./video/animalkingdom_augmented/QLPKUWZF_aug2.mp4,Jumping,Bighorn Sheep,Mammal
./video/animalkingdom_augmented/QLUYHRAC_aug0.mp4,Walking,Capuchin Monkey,Mammal
./video/animalkingdom_augmented/QLUYHRAC_aug1.mp4,Walking,Capuchin Monkey,Mammal
./video/animalkingdom_augmented/QLUYHRAC_aug2.mp4,Walking,Capuchin Monkey,Mammal
./video/animalkingdom_augmented/QLZLPVMP_aug0.mp4,Eating,Coyote,Mammal
./video/animalkingdom_augmented/QLZLPVMP_aug1.mp4,Eating,Coyote,Mammal
./video/animalkingdom_augmented/QLZLPVMP_aug2.mp4,Eating,Coyote,Mammal
./video/animalkingdom_augmented/QMXOUTEK_aug0.mp4,Attending,Red-Ruffed Lemur,Mammal
./video/animalkingdom_augmented/QMXOUTEK_aug1.mp4,Attending,Red-Ruffed Lemur,Mammal
./video/animalkingdom_augmented/QMXOUTEK_aug2.mp4,Attending,Red-Ruffed Lemur,Mammal
./video/animalkingdom_augmented/QNFPPBME_aug0.mp4,Running,Horse,Mammal
./video/animalkingdom_augmented/QNFPPBME_aug1.mp4,Running,Horse,Mammal
./video/animalkingdom_augmented/QNFPPBME_aug2.mp4,Running,Horse,Mammal
./video/animalkingdom_augmented/QNIZFUDX_aug0.mp4,Walking,Cheetah,Mammal
./video/animalkingdom_augmented/QNIZFUDX_aug1.mp4,Walking,Cheetah,Mammal
./video/animalkingdom_augmented/QNIZFUDX_aug2.mp4,Walking,Cheetah,Mammal
./video/animalkingdom_augmented/QNZCVUDX_aug0.mp4,Walking,Leopard,Mammal
./video/animalkingdom_augmented/QNZCVUDX_aug1.mp4,Walking,Leopard,Mammal
./video/animalkingdom_augmented/QNZCVUDX_aug2.mp4,Walking,Leopard,Mammal
./video/animalkingdom_augmented/QOPQIVMP_aug0.mp4,Sensing,Bison,Mammal
./video/animalkingdom_augmented/QOPQIVMP_aug1.mp4,Sensing,Bison,Mammal
./video/animalkingdom_augmented/QOPQIVMP_aug2.mp4,Sensing,Bison,Mammal
./video/animalkingdom_augmented/QOYYQXGD_aug0.mp4,Sensing,Horse,Mammal
./video/animalkingdom_augmented/QOYYQXGD_aug1.mp4,Sensing,Horse,Mammal
./video/animalkingdom_augmented/QOYYQXGD_aug2.mp4,Sensing,Horse,Mammal
./video/animalkingdom_augmented/QPJKLQCN_aug0.mp4,Walking,Ibex,Mammal
./video/animalkingdom_augmented/QPJKLQCN_aug1.mp4,Walking,Ibex,Mammal
./video/animalkingdom_augmented/QPJKLQCN_aug2.mp4,Walking,Ibex,Mammal
./video/animalkingdom_augmented/QPOBECEI_aug0.mp4,Running,Chimpanzee,Mammal
./video/animalkingdom_augmented/QPOBECEI_aug1.mp4,Running,Chimpanzee,Mammal
./video/animalkingdom_augmented/QPOBECEI_aug2.mp4,Running,Chimpanzee,Mammal
./video/animalkingdom_augmented/QQENADSN_aug0.mp4,Jumping,Jaculus Jaculus,Mammal
./video/animalkingdom_augmented/QQENADSN_aug1.mp4,Jumping,Jaculus Jaculus,Mammal
./video/animalkingdom_augmented/QQENADSN_aug2.mp4,Jumping,Jaculus Jaculus,Mammal
./video/animalkingdom_augmented/QQGNTNJC_aug0.mp4,Attending,Chimpanzee,Mammal
./video/animalkingdom_augmented/QQGNTNJC_aug1.mp4,Attending,Chimpanzee,Mammal
./video/animalkingdom_augmented/QQGNTNJC_aug2.mp4,Attending,Chimpanzee,Mammal
./video/animalkingdom_augmented/QQLBSTEK_aug0.mp4,Walking,Sri Lankan Leopard,Mammal
./video/animalkingdom_augmented/QQLBSTEK_aug1.mp4,Walking,Sri Lankan Leopard,Mammal
./video/animalkingdom_augmented/QQLBSTEK_aug2.mp4,Walking,Sri Lankan Leopard,Mammal
./video/animalkingdom_augmented/QQZQVVYU_aug0.mp4,Attending,Leopard,Mammal
./video/animalkingdom_augmented/QQZQVVYU_aug1.mp4,Attending,Leopard,Mammal
./video/animalkingdom_augmented/QQZQVVYU_aug2.mp4,Attending,Leopard,Mammal
./video/animalkingdom_augmented/QRQOZFFP_aug0.mp4,Walking,Maroon Macaque,Mammal
./video/animalkingdom_augmented/QRQOZFFP_aug1.mp4,Walking,Maroon Macaque,Mammal
./video/animalkingdom_augmented/QRQOZFFP_aug2.mp4,Walking,Maroon Macaque,Mammal
./video/animalkingdom_augmented/QTSUUFGA_aug0.mp4,Running,Wildebeest,Mammal
./video/animalkingdom_augmented/QTSUUFGA_aug1.mp4,Running,Wildebeest,Mammal
./video/animalkingdom_augmented/QTSUUFGA_aug2.mp4,Running,Wildebeest,Mammal
./video/animalkingdom_augmented/QTXPJFGA_aug0.mp4,Eating,Wildebeest,Mammal
./video/animalkingdom_augmented/QTXPJFGA_aug1.mp4,Eating,Wildebeest,Mammal
./video/animalkingdom_augmented/QTXPJFGA_aug2.mp4,Eating,Wildebeest,Mammal
./video/animalkingdom_augmented/QUNGOFJG_aug0.mp4,Walking,Sumatran Serow,Mammal
./video/animalkingdom_augmented/QUNGOFJG_aug1.mp4,Walking,Sumatran Serow,Mammal
./video/animalkingdom_augmented/QUNGOFJG_aug2.mp4,Walking,Sumatran Serow,Mammal
./video/animalkingdom_augmented/QVDBKUDX_aug0.mp4,Sensing,Ibex,Mammal
./video/animalkingdom_augmented/QVDBKUDX_aug1.mp4,Sensing,Ibex,Mammal
./video/animalkingdom_augmented/QVDBKUDX_aug2.mp4,Sensing,Ibex,Mammal
./video/animalkingdom_augmented/QVFNHXGD_aug0.mp4,Walking,Horse,Mammal
./video/animalkingdom_augmented/QVFNHXGD_aug1.mp4,Walking,Horse,Mammal
./video/animalkingdom_augmented/QVFNHXGD_aug2.mp4,Walking,Horse,Mammal
./video/animalkingdom_augmented/QWFAKXGD_aug0.mp4,Eating,Kangaroo Young,Mammal
./video/animalkingdom_augmented/QWFAKXGD_aug1.mp4,Eating,Kangaroo Young,Mammal
./video/animalkingdom_augmented/QWFAKXGD_aug2.mp4,Eating,Kangaroo Young,Mammal
./video/animalkingdom_augmented/QWVRQXGD_aug0.mp4,Eating,Horse,Mammal
./video/animalkingdom_augmented/QWVRQXGD_aug1.mp4,Eating,Horse,Mammal
./video/animalkingdom_augmented/QWVRQXGD_aug2.mp4,Eating,Horse,Mammal
./video/animalkingdom_augmented/QXMGAHGA_aug0.mp4,Attending,Meerkat,Mammal
./video/animalkingdom_augmented/QXMGAHGA_aug1.mp4,Attending,Meerkat,Mammal
./video/animalkingdom_augmented/QXMGAHGA_aug2.mp4,Attending,Meerkat,Mammal
./video/animalkingdom_augmented/QXVMVUDX_aug0.mp4,Walking,Elephant,Mammal
./video/animalkingdom_augmented/QXVMVUDX_aug1.mp4,Walking,Elephant,Mammal
./video/animalkingdom_augmented/QXVMVUDX_aug2.mp4,Walking,Elephant,Mammal
./video/animalkingdom_augmented/QXXMJKEW_aug0.mp4,Sensing,Giraffe,Mammal
./video/animalkingdom_augmented/QXXMJKEW_aug1.mp4,Sensing,Giraffe,Mammal
./video/animalkingdom_augmented/QXXMJKEW_aug2.mp4,Sensing,Giraffe,Mammal
./video/animalkingdom_augmented/QYAQOIMN_aug0.mp4,Running,Yellow-Throated Martens,Mammal
./video/animalkingdom_augmented/QYAQOIMN_aug1.mp4,Running,Yellow-Throated Martens,Mammal
./video/animalkingdom_augmented/QYAQOIMN_aug2.mp4,Running,Yellow-Throated Martens,Mammal
./video/animalkingdom_augmented/QZFWCXGD_aug0.mp4,Eating,Horse,Mammal
./video/animalkingdom_augmented/QZFWCXGD_aug1.mp4,Eating,Horse,Mammal
./video/animalkingdom_augmented/QZFWCXGD_aug2.mp4,Eating,Horse,Mammal
./video/animalkingdom_augmented/QZOPUUDX_aug0.mp4,Walking,Cheetah,Mammal
./video/animalkingdom_augmented/QZOPUUDX_aug1.mp4,Walking,Cheetah,Mammal
./video/animalkingdom_augmented/QZOPUUDX_aug2.mp4,Walking,Cheetah,Mammal
./video/animalkingdom_augmented/RAFWEEBY_aug0.mp4,Walking,Fox,Mammal
./video/animalkingdom_augmented/RAFWEEBY_aug1.mp4,Walking,Fox,Mammal
./video/animalkingdom_augmented/RAFWEEBY_aug2.mp4,Walking,Fox,Mammal
./video/animalkingdom_augmented/RBPVFTCN_aug0.mp4,Eating,Horse Young,Mammal
./video/animalkingdom_augmented/RBPVFTCN_aug1.mp4,Eating,Horse Young,Mammal
./video/animalkingdom_augmented/RBPVFTCN_aug2.mp4,Eating,Horse Young,Mammal
./video/animalkingdom_augmented/RBSUEBQT_aug0.mp4,Jumping,Raffles Banded Langur,Mammal
./video/animalkingdom_augmented/RBSUEBQT_aug1.mp4,Jumping,Raffles Banded Langur,Mammal
./video/animalkingdom_augmented/RBSUEBQT_aug2.mp4,Jumping,Raffles Banded Langur,Mammal
./video/animalkingdom_augmented/RBZZJXGD_aug0.mp4,Jumping,Kangaroo,Mammal
./video/animalkingdom_augmented/RBZZJXGD_aug1.mp4,Jumping,Kangaroo,Mammal
./video/animalkingdom_augmented/RBZZJXGD_aug2.mp4,Jumping,Kangaroo,Mammal
./video/animalkingdom_augmented/RCEDZRAC_aug0.mp4,Walking,Jaguarundi Cat,Mammal
./video/animalkingdom_augmented/RCEDZRAC_aug1.mp4,Walking,Jaguarundi Cat,Mammal
./video/animalkingdom_augmented/RCEDZRAC_aug2.mp4,Walking,Jaguarundi Cat,Mammal
./video/animalkingdom_augmented/RCRWQDSN_aug0.mp4,Attending,Markhor Goat,Mammal
./video/animalkingdom_augmented/RCRWQDSN_aug1.mp4,Attending,Markhor Goat,Mammal
./video/animalkingdom_augmented/RCRWQDSN_aug2.mp4,Attending,Markhor Goat,Mammal
./video/animalkingdom_augmented/RCWNYRAC_aug0.mp4,Walking,Coyote,Mammal
./video/animalkingdom_augmented/RCWNYRAC_aug1.mp4,Walking,Coyote,Mammal
./video/animalkingdom_augmented/RCWNYRAC_aug2.mp4,Walking,Coyote,Mammal
./video/animalkingdom_augmented/RDKFYEBY_aug0.mp4,Jumping,Fox,Mammal
./video/animalkingdom_augmented/RDKFYEBY_aug1.mp4,Jumping,Fox,Mammal
./video/animalkingdom_augmented/RDKFYEBY_aug2.mp4,Jumping,Fox,Mammal
./video/animalkingdom_augmented/RDMDLXGD_aug0.mp4,Eating,Kangaroo Young,Mammal
./video/animalkingdom_augmented/RDMDLXGD_aug1.mp4,Eating,Kangaroo Young,Mammal
./video/animalkingdom_augmented/RDMDLXGD_aug2.mp4,Eating,Kangaroo Young,Mammal
./video/animalkingdom_augmented/RDQNPVYU_aug0.mp4,Keeping still,Leopard,Mammal
./video/animalkingdom_augmented/RDQNPVYU_aug1.mp4,Keeping still,Leopard,Mammal
./video/animalkingdom_augmented/RDQNPVYU_aug2.mp4,Keeping still,Leopard,Mammal
./video/animalkingdom_augmented/RGFLQBQT_aug0.mp4,Eating,Raffles Banded Langur,Mammal
./video/animalkingdom_augmented/RGFLQBQT_aug1.mp4,Eating,Raffles Banded Langur,Mammal
./video/animalkingdom_augmented/RGFLQBQT_aug2.mp4,Eating,Raffles Banded Langur,Mammal
./video/animalkingdom_augmented/RGPBZRAC_aug0.mp4,Running,Jaguarundi Cat,Mammal
./video/animalkingdom_augmented/RGPBZRAC_aug1.mp4,Running,Jaguarundi Cat,Mammal
./video/animalkingdom_augmented/RGPBZRAC_aug2.mp4,Running,Jaguarundi Cat,Mammal
./video/animalkingdom_augmented/RGVNRXGD_aug0.mp4,Walking,Echina,Mammal
./video/animalkingdom_augmented/RGVNRXGD_aug1.mp4,Walking,Echina,Mammal
./video/animalkingdom_augmented/RGVNRXGD_aug2.mp4,Walking,Echina,Mammal
./video/animalkingdom_augmented/RIJOBXGD_aug0.mp4,Keeping still,Mountain Pygmy Possum,Mammal
./video/animalkingdom_augmented/RIJOBXGD_aug1.mp4,Keeping still,Mountain Pygmy Possum,Mammal
./video/animalkingdom_augmented/RIJOBXGD_aug2.mp4,Keeping still,Mountain Pygmy Possum,Mammal
./video/animalkingdom_augmented/RJALNXGD_aug0.mp4,Running,Dog,Mammal
./video/animalkingdom_augmented/RJALNXGD_aug1.mp4,Running,Dog,Mammal
./video/animalkingdom_augmented/RJALNXGD_aug2.mp4,Running,Dog,Mammal
./video/animalkingdom_augmented/RJVCNRAC_aug0.mp4,Walking,Capuchin Monkey,Mammal
./video/animalkingdom_augmented/RJVCNRAC_aug1.mp4,Walking,Capuchin Monkey,Mammal
./video/animalkingdom_augmented/RJVCNRAC_aug2.mp4,Walking,Capuchin Monkey,Mammal
./video/animalkingdom_augmented/RKOTNQCN_aug0.mp4,Walking,Ibex,Mammal
./video/animalkingdom_augmented/RKOTNQCN_aug1.mp4,Walking,Ibex,Mammal
./video/animalkingdom_augmented/RKOTNQCN_aug2.mp4,Walking,Ibex,Mammal
./video/animalkingdom_augmented/RLFGTEZZ_aug0.mp4,Walking,Spotted Deer,Mammal
./video/animalkingdom_augmented/RLFGTEZZ_aug1.mp4,Walking,Spotted Deer,Mammal
./video/animalkingdom_augmented/RLFGTEZZ_aug2.mp4,Walking,Spotted Deer,Mammal
./video/animalkingdom_augmented/RLNXBXGD_aug0.mp4,Walking,Horse,Mammal
./video/animalkingdom_augmented/RLNXBXGD_aug1.mp4,Walking,Horse,Mammal
./video/animalkingdom_augmented/RLNXBXGD_aug2.mp4,Walking,Horse,Mammal
./video/animalkingdom_augmented/RLSGXNPL_aug0.mp4,Keeping still,Squirrel,Mammal
./video/animalkingdom_augmented/RLSGXNPL_aug1.mp4,Keeping still,Squirrel,Mammal
./video/animalkingdom_augmented/RLSGXNPL_aug2.mp4,Keeping still,Squirrel,Mammal
./video/animalkingdom_augmented/RLSZUKEW_aug0.mp4,Running,Pika,Mammal
./video/animalkingdom_augmented/RLSZUKEW_aug1.mp4,Running,Pika,Mammal
./video/animalkingdom_augmented/RLSZUKEW_aug2.mp4,Running,Pika,Mammal
./video/animalkingdom_augmented/RLUONTHG_aug0.mp4,Keeping still,Red River Hog,Mammal
./video/animalkingdom_augmented/RLUONTHG_aug1.mp4,Keeping still,Red River Hog,Mammal
./video/animalkingdom_augmented/RLUONTHG_aug2.mp4,Keeping still,Red River Hog,Mammal
./video/animalkingdom_augmented/RMDLHXGD_aug0.mp4,Eating,Kangaroo,Mammal
./video/animalkingdom_augmented/RMDLHXGD_aug1.mp4,Eating,Kangaroo,Mammal
./video/animalkingdom_augmented/RMDLHXGD_aug2.mp4,Eating,Kangaroo,Mammal
./video/animalkingdom_augmented/RNDTTFGA_aug0.mp4,Walking,Wolf,Mammal
./video/animalkingdom_augmented/RNDTTFGA_aug1.mp4,Walking,Wolf,Mammal
./video/animalkingdom_augmented/RNDTTFGA_aug2.mp4,Walking,Wolf,Mammal
./video/animalkingdom_augmented/RNPAHFFP_aug0.mp4,Eating,Otter,Mammal
./video/animalkingdom_augmented/RNPAHFFP_aug1.mp4,Eating,Otter,Mammal
./video/animalkingdom_augmented/RNPAHFFP_aug2.mp4,Eating,Otter,Mammal
./video/animalkingdom_augmented/ROVAOBQT_aug0.mp4,Eating,Raffles Banded Langur,Mammal
./video/animalkingdom_augmented/ROVAOBQT_aug1.mp4,Eating,Raffles Banded Langur,Mammal
./video/animalkingdom_augmented/ROVAOBQT_aug2.mp4,Eating,Raffles Banded Langur,Mammal
./video/animalkingdom_augmented/RPAJSBQT_aug0.mp4,Jumping,Raffles Banded Langur,Mammal
./video/animalkingdom_augmented/RPAJSBQT_aug1.mp4,Jumping,Raffles Banded Langur,Mammal
./video/animalkingdom_augmented/RPAJSBQT_aug2.mp4,Jumping,Raffles Banded Langur,Mammal
./video/animalkingdom_augmented/RPGXNFFP_aug0.mp4,Sensing,Maroon Macaque,Mammal
./video/animalkingdom_augmented/RPGXNFFP_aug1.mp4,Sensing,Maroon Macaque,Mammal
./video/animalkingdom_augmented/RPGXNFFP_aug2.mp4,Sensing,Maroon Macaque,Mammal
./video/animalkingdom_augmented/RPLFKNBD_aug0.mp4,Keeping still,Elephant,Mammal
./video/animalkingdom_augmented/RPLFKNBD_aug1.mp4,Keeping still,Elephant,Mammal
./video/animalkingdom_augmented/RPLFKNBD_aug2.mp4,Keeping still,Elephant,Mammal
./video/animalkingdom_augmented/RPTWVAMC_aug0.mp4,Eating,Lion,Mammal
./video/animalkingdom_augmented/RPTWVAMC_aug1.mp4,Eating,Lion,Mammal
./video/animalkingdom_augmented/RPTWVAMC_aug2.mp4,Eating,Lion,Mammal
./video/animalkingdom_augmented/RPVMBNPO_aug0.mp4,Keeping still,Hyena,Mammal
./video/animalkingdom_augmented/RPVMBNPO_aug1.mp4,Keeping still,Hyena,Mammal
./video/animalkingdom_augmented/RPVMBNPO_aug2.mp4,Keeping still,Hyena,Mammal
./video/animalkingdom_augmented/RQHFAHGA_aug0.mp4,Attending,Meerkat,Mammal
./video/animalkingdom_augmented/RQHFAHGA_aug1.mp4,Attending,Meerkat,Mammal
./video/animalkingdom_augmented/RQHFAHGA_aug2.mp4,Attending,Meerkat,Mammal
./video/animalkingdom_augmented/RQXAWFGA_aug0.mp4,Running,Wildebeest,Mammal
./video/animalkingdom_augmented/RQXAWFGA_aug1.mp4,Running,Wildebeest,Mammal
./video/animalkingdom_augmented/RQXAWFGA_aug2.mp4,Running,Wildebeest,Mammal
./video/animalkingdom_augmented/RRDRNRAC_aug0.mp4,Eating,Capuchin Monkey,Mammal
./video/animalkingdom_augmented/RRDRNRAC_aug1.mp4,Eating,Capuchin Monkey,Mammal
./video/animalkingdom_augmented/RRDRNRAC_aug2.mp4,Eating,Capuchin Monkey,Mammal
./video/animalkingdom_augmented/RRMNMXGD_aug0.mp4,Eating,Horse,Mammal
./video/animalkingdom_augmented/RRMNMXGD_aug1.mp4,Eating,Horse,Mammal
./video/animalkingdom_augmented/RRMNMXGD_aug2.mp4,Eating,Horse,Mammal
./video/animalkingdom_augmented/RRSUOXGD_aug0.mp4,Eating,Kangaroo,Mammal
./video/animalkingdom_augmented/RRSUOXGD_aug1.mp4,Eating,Kangaroo,Mammal
./video/animalkingdom_augmented/RRSUOXGD_aug2.mp4,Eating,Kangaroo,Mammal
./video/animalkingdom_augmented/RSAHUBME_aug0.mp4,Walking,Horse,Mammal
./video/animalkingdom_augmented/RSAHUBME_aug1.mp4,Walking,Horse,Mammal
./video/animalkingdom_augmented/RSAHUBME_aug2.mp4,Walking,Horse,Mammal
./video/animalkingdom_augmented/RSHHDXGD_aug0.mp4,Eating,Kangaroo,Mammal
./video/animalkingdom_augmented/RSHHDXGD_aug1.mp4,Eating,Kangaroo,Mammal
./video/animalkingdom_augmented/RSHHDXGD_aug2.mp4,Eating,Kangaroo,Mammal
./video/animalkingdom_augmented/RSNDRXGD_aug0.mp4,Attending,Horse,Mammal
./video/animalkingdom_augmented/RSNDRXGD_aug1.mp4,Attending,Horse,Mammal
./video/animalkingdom_augmented/RSNDRXGD_aug2.mp4,Attending,Horse,Mammal
./video/animalkingdom_augmented/RSNNETEK_aug0.mp4,Sensing,Sri Lankan Leopard,Mammal
./video/animalkingdom_augmented/RSNNETEK_aug1.mp4,Sensing,Sri Lankan Leopard,Mammal
./video/animalkingdom_augmented/RSNNETEK_aug2.mp4,Sensing,Sri Lankan Leopard,Mammal
./video/animalkingdom_augmented/RTCDLBQT_aug0.mp4,Jumping,Raffles Banded Langur,Mammal
./video/animalkingdom_augmented/RTCDLBQT_aug1.mp4,Jumping,Raffles Banded Langur,Mammal
./video/animalkingdom_augmented/RTCDLBQT_aug2.mp4,Jumping,Raffles Banded Langur,Mammal
./video/animalkingdom_augmented/RTEMEBQT_aug0.mp4,Sensing,Raffles Banded Langur,Mammal
./video/animalkingdom_augmented/RTEMEBQT_aug1.mp4,Sensing,Raffles Banded Langur,Mammal
./video/animalkingdom_augmented/RTEMEBQT_aug2.mp4,Sensing,Raffles Banded Langur,Mammal
./video/animalkingdom_augmented/RTHHRXGD_aug0.mp4,Running,Horse,Mammal
./video/animalkingdom_augmented/RTHHRXGD_aug1.mp4,Running,Horse,Mammal
./video/animalkingdom_augmented/RTHHRXGD_aug2.mp4,Running,Horse,Mammal
./video/animalkingdom_augmented/RTTMMBQT_aug0.mp4,Jumping,Plantain Squirrel,Mammal
./video/animalkingdom_augmented/RTTMMBQT_aug1.mp4,Jumping,Plantain Squirrel,Mammal
./video/animalkingdom_augmented/RTTMMBQT_aug2.mp4,Jumping,Plantain Squirrel,Mammal
./video/animalkingdom_augmented/RVFUTBQT_aug0.mp4,Jumping,Raffles Banded Langur,Mammal
./video/animalkingdom_augmented/RVFUTBQT_aug1.mp4,Jumping,Raffles Banded Langur,Mammal
./video/animalkingdom_augmented/RVFUTBQT_aug2.mp4,Jumping,Raffles Banded Langur,Mammal
./video/animalkingdom_augmented/RVHTPZON_aug0.mp4,Walking,Elephant,Mammal
./video/animalkingdom_augmented/RVHTPZON_aug1.mp4,Walking,Elephant,Mammal
./video/animalkingdom_augmented/RVHTPZON_aug2.mp4,Walking,Elephant,Mammal
./video/animalkingdom_augmented/RXIYDMHZ_aug0.mp4,Walking,Horse Young,Mammal
./video/animalkingdom_augmented/RXIYDMHZ_aug1.mp4,Walking,Horse Young,Mammal
./video/animalkingdom_augmented/RXIYDMHZ_aug2.mp4,Walking,Horse Young,Mammal
./video/animalkingdom_augmented/RYRVNXGD_aug0.mp4,Running,Horse,Mammal
./video/animalkingdom_augmented/RYRVNXGD_aug1.mp4,Running,Horse,Mammal
./video/animalkingdom_augmented/RYRVNXGD_aug2.mp4,Running,Horse,Mammal
./video/animalkingdom_augmented/RYTNBFFP_aug0.mp4,Eating,Otter,Mammal
./video/animalkingdom_augmented/RYTNBFFP_aug1.mp4,Eating,Otter,Mammal
./video/animalkingdom_augmented/RYTNBFFP_aug2.mp4,Eating,Otter,Mammal
./video/animalkingdom_augmented/RYYHWDSN_aug0.mp4,Walking,Markhor Goat,Mammal
./video/animalkingdom_augmented/RYYHWDSN_aug1.mp4,Walking,Markhor Goat,Mammal
./video/animalkingdom_augmented/RYYHWDSN_aug2.mp4,Walking,Markhor Goat,Mammal
./video/animalkingdom_augmented/RZCMTNPL_aug0.mp4,Walking,Squirrel,Mammal
./video/animalkingdom_augmented/RZCMTNPL_aug1.mp4,Walking,Squirrel,Mammal
./video/animalkingdom_augmented/RZCMTNPL_aug2.mp4,Walking,Squirrel,Mammal
./video/animalkingdom_augmented/SATLKKBT_aug0.mp4,Eating,Smooth-Coated Otter,Mammal
./video/animalkingdom_augmented/SATLKKBT_aug1.mp4,Eating,Smooth-Coated Otter,Mammal
./video/animalkingdom_augmented/SATLKKBT_aug2.mp4,Eating,Smooth-Coated Otter,Mammal
./video/animalkingdom_augmented/SBEZABQT_aug0.mp4,Sensing,Raffles Banded Langur,Mammal
./video/animalkingdom_augmented/SBEZABQT_aug1.mp4,Sensing,Raffles Banded Langur,Mammal
./video/animalkingdom_augmented/SBEZABQT_aug2.mp4,Sensing,Raffles Banded Langur,Mammal
./video/animalkingdom_augmented/SBGJWNJC_aug0.mp4,Walking,Elephant,Mammal
./video/animalkingdom_augmented/SBGJWNJC_aug1.mp4,Walking,Elephant,Mammal
./video/animalkingdom_augmented/SBGJWNJC_aug2.mp4,Walking,Elephant,Mammal
./video/animalkingdom_augmented/SBJJCRAC_aug0.mp4,Sensing,Coyote,Mammal
./video/animalkingdom_augmented/SBJJCRAC_aug1.mp4,Sensing,Coyote,Mammal
./video/animalkingdom_augmented/SBJJCRAC_aug2.mp4,Sensing,Coyote,Mammal
./video/animalkingdom_augmented/SBYESEZZ_aug0.mp4,Walking,Nilgai,Mammal
./video/animalkingdom_augmented/SBYESEZZ_aug1.mp4,Walking,Nilgai,Mammal
./video/animalkingdom_augmented/SBYESEZZ_aug2.mp4,Walking,Nilgai,Mammal
./video/animalkingdom_augmented/SCGCMBQT_aug0.mp4,Sensing,Raffles Banded Langur,Mammal
./video/animalkingdom_augmented/SCGCMBQT_aug1.mp4,Sensing,Raffles Banded Langur,Mammal
./video/animalkingdom_augmented/SCGCMBQT_aug2.mp4,Sensing,Raffles Banded Langur,Mammal
./video/animalkingdom_augmented/SCOZRXGD_aug0.mp4,Walking,Horse,Mammal
./video/animalkingdom_augmented/SCOZRXGD_aug1.mp4,Walking,Horse,Mammal
./video/animalkingdom_augmented/SCOZRXGD_aug2.mp4,Walking,Horse,Mammal
./video/animalkingdom_augmented/SDCUPTEK_aug0.mp4,Eating,Two-Toed Sloth,Mammal
./video/animalkingdom_augmented/SDCUPTEK_aug1.mp4,Eating,Two-Toed Sloth,Mammal
./video/animalkingdom_augmented/SDCUPTEK_aug2.mp4,Eating,Two-Toed Sloth,Mammal
./video/animalkingdom_augmented/SDFKMEBY_aug0.mp4,Eating,Fox,Mammal
./video/animalkingdom_augmented/SDFKMEBY_aug1.mp4,Eating,Fox,Mammal
./video/animalkingdom_augmented/SDFKMEBY_aug2.mp4,Eating,Fox,Mammal
./video/animalkingdom_augmented/SEAMDXGD_aug0.mp4,Jumping,Kangaroo,Mammal
./video/animalkingdom_augmented/SEAMDXGD_aug1.mp4,Jumping,Kangaroo,Mammal
./video/animalkingdom_augmented/SEAMDXGD_aug2.mp4,Jumping,Kangaroo,Mammal
./video/animalkingdom_augmented/SEOXWUDX_aug0.mp4,Walking,Cheetah,Mammal
./video/animalkingdom_augmented/SEOXWUDX_aug1.mp4,Walking,Cheetah,Mammal
./video/animalkingdom_augmented/SEOXWUDX_aug2.mp4,Walking,Cheetah,Mammal
./video/animalkingdom_augmented/SEVEJFGA_aug0.mp4,Walking,Elephant,Mammal
./video/animalkingdom_augmented/SEVEJFGA_aug1.mp4,Walking,Elephant,Mammal
./video/animalkingdom_augmented/SEVEJFGA_aug2.mp4,Walking,Elephant,Mammal
./video/animalkingdom_augmented/SFIQTXGD_aug0.mp4,Jumping,Kangaroo,Mammal
./video/animalkingdom_augmented/SFIQTXGD_aug1.mp4,Jumping,Kangaroo,Mammal
./video/animalkingdom_augmented/SFIQTXGD_aug2.mp4,Jumping,Kangaroo,Mammal
./video/animalkingdom_augmented/SFLYKXGD_aug0.mp4,Walking,Horse,Mammal
./video/animalkingdom_augmented/SFLYKXGD_aug1.mp4,Walking,Horse,Mammal
./video/animalkingdom_augmented/SFLYKXGD_aug2.mp4,Walking,Horse,Mammal
./video/animalkingdom_augmented/SFSRCXGD_aug0.mp4,Running,Dog,Mammal
./video/animalkingdom_augmented/SFSRCXGD_aug1.mp4,Running,Dog,Mammal
./video/animalkingdom_augmented/SFSRCXGD_aug2.mp4,Running,Dog,Mammal
./video/animalkingdom_augmented/SFUWLXGD_aug0.mp4,Keeping still,Kangaroo,Mammal
./video/animalkingdom_augmented/SFUWLXGD_aug1.mp4,Keeping still,Kangaroo,Mammal
./video/animalkingdom_augmented/SFUWLXGD_aug2.mp4,Keeping still,Kangaroo,Mammal
./video/animalkingdom_augmented/SGAWVRAC_aug0.mp4,Running,White Nosed Coati,Mammal
./video/animalkingdom_augmented/SGAWVRAC_aug1.mp4,Running,White Nosed Coati,Mammal
./video/animalkingdom_augmented/SGAWVRAC_aug2.mp4,Running,White Nosed Coati,Mammal
./video/animalkingdom_augmented/SHBTTVYU_aug0.mp4,Attending,Leopard,Mammal
./video/animalkingdom_augmented/SHBTTVYU_aug1.mp4,Attending,Leopard,Mammal
./video/animalkingdom_augmented/SHBTTVYU_aug2.mp4,Attending,Leopard,Mammal
./video/animalkingdom_augmented/SHELYVMS_aug0.mp4,Eating,Greater Mouse Deer,Mammal
./video/animalkingdom_augmented/SHELYVMS_aug1.mp4,Eating,Greater Mouse Deer,Mammal
./video/animalkingdom_augmented/SHELYVMS_aug2.mp4,Eating,Greater Mouse Deer,Mammal
./video/animalkingdom_augmented/SJDUEBME_aug0.mp4,Running,Horse,Mammal
./video/animalkingdom_augmented/SJDUEBME_aug1.mp4,Running,Horse,Mammal
./video/animalkingdom_augmented/SJDUEBME_aug2.mp4,Running,Horse,Mammal
./video/animalkingdom_augmented/SJNLCKEW_aug0.mp4,Keeping still,Pika,Mammal
./video/animalkingdom_augmented/SJNLCKEW_aug1.mp4,Keeping still,Pika,Mammal
./video/animalkingdom_augmented/SJNLCKEW_aug2.mp4,Keeping still,Pika,Mammal
./video/animalkingdom_augmented/SKNBJUDX_aug0.mp4,Walking,Elephant,Mammal
./video/animalkingdom_augmented/SKNBJUDX_aug1.mp4,Walking,Elephant,Mammal
./video/animalkingdom_augmented/SKNBJUDX_aug2.mp4,Walking,Elephant,Mammal
./video/animalkingdom_augmented/SKUAIXGD_aug0.mp4,Running,Horse,Mammal
./video/animalkingdom_augmented/SKUAIXGD_aug1.mp4,Running,Horse,Mammal
./video/animalkingdom_augmented/SKUAIXGD_aug2.mp4,Running,Horse,Mammal
./video/animalkingdom_augmented/SLEHQRAC_aug0.mp4,Walking,Tamandua,Mammal
./video/animalkingdom_augmented/SLEHQRAC_aug1.mp4,Walking,Tamandua,Mammal
./video/animalkingdom_augmented/SLEHQRAC_aug2.mp4,Walking,Tamandua,Mammal
./video/animalkingdom_augmented/SLNOPXGD_aug0.mp4,Running,Horse,Mammal
./video/animalkingdom_augmented/SLNOPXGD_aug1.mp4,Running,Horse,Mammal
./video/animalkingdom_augmented/SLNOPXGD_aug2.mp4,Running,Horse,Mammal
./video/animalkingdom_augmented/SMKAJXGD_aug0.mp4,Walking,Horse,Mammal
./video/animalkingdom_augmented/SMKAJXGD_aug1.mp4,Walking,Horse,Mammal
./video/animalkingdom_augmented/SMKAJXGD_aug2.mp4,Walking,Horse,Mammal
./video/animalkingdom_augmented/SMLRJXGD_aug0.mp4,Keeping still,Dog,Mammal
./video/animalkingdom_augmented/SMLRJXGD_aug1.mp4,Keeping still,Dog,Mammal
./video/animalkingdom_augmented/SMLRJXGD_aug2.mp4,Keeping still,Dog,Mammal
./video/animalkingdom_augmented/SMXLGRLL_aug0.mp4,Eating,Mouse,Mammal
./video/animalkingdom_augmented/SMXLGRLL_aug1.mp4,Eating,Mouse,Mammal
./video/animalkingdom_augmented/SMXLGRLL_aug2.mp4,Eating,Mouse,Mammal
./video/animalkingdom_augmented/SMYMRXDO_aug0.mp4,Running,Lion,Mammal
./video/animalkingdom_augmented/SMYMRXDO_aug1.mp4,Running,Lion,Mammal
./video/animalkingdom_augmented/SMYMRXDO_aug2.mp4,Running,Lion,Mammal
./video/animalkingdom_augmented/SNQLNTEK_aug0.mp4,Attending,Meerkat,Mammal
./video/animalkingdom_augmented/SNQLNTEK_aug1.mp4,Attending,Meerkat,Mammal
./video/animalkingdom_augmented/SNQLNTEK_aug2.mp4,Attending,Meerkat,Mammal
./video/animalkingdom_augmented/SOAWNVYU_aug0.mp4,Walking,Leopard,Mammal
./video/animalkingdom_augmented/SOAWNVYU_aug1.mp4,Walking,Leopard,Mammal
./video/animalkingdom_augmented/SOAWNVYU_aug2.mp4,Walking,Leopard,Mammal
./video/animalkingdom_augmented/SOFPPBQT_aug0.mp4,Running,Plantain Squirrel,Mammal
./video/animalkingdom_augmented/SOFPPBQT_aug1.mp4,Running,Plantain Squirrel,Mammal
./video/animalkingdom_augmented/SOFPPBQT_aug2.mp4,Running,Plantain Squirrel,Mammal
./video/animalkingdom_augmented/SQBJFXGD_aug0.mp4,Running,Mountain Pygmy Possum,Mammal
./video/animalkingdom_augmented/SQBJFXGD_aug1.mp4,Running,Mountain Pygmy Possum,Mammal
./video/animalkingdom_augmented/SQBJFXGD_aug2.mp4,Running,Mountain Pygmy Possum,Mammal
./video/animalkingdom_augmented/SQIWIBME_aug0.mp4,Sensing,Horse,Mammal
./video/animalkingdom_augmented/SQIWIBME_aug1.mp4,Sensing,Horse,Mammal
./video/animalkingdom_augmented/SQIWIBME_aug2.mp4,Sensing,Horse,Mammal
./video/animalkingdom_augmented/SQUDPXGD_aug0.mp4,Running,Horse,Mammal
./video/animalkingdom_augmented/SQUDPXGD_aug1.mp4,Running,Horse,Mammal
./video/animalkingdom_augmented/SQUDPXGD_aug2.mp4,Running,Horse,Mammal
./video/animalkingdom_augmented/SQZNJHGA_aug0.mp4,Attending,Giraffe,Mammal
./video/animalkingdom_augmented/SQZNJHGA_aug1.mp4,Attending,Giraffe,Mammal
./video/animalkingdom_augmented/SQZNJHGA_aug2.mp4,Attending,Giraffe,Mammal
./video/animalkingdom_augmented/SRVYHKEW_aug0.mp4,Sensing,Goat,Mammal
./video/animalkingdom_augmented/SRVYHKEW_aug1.mp4,Sensing,Goat,Mammal
./video/animalkingdom_augmented/SRVYHKEW_aug2.mp4,Sensing,Goat,Mammal
./video/animalkingdom_augmented/SRWTMNPL_aug0.mp4,Keeping still,Chimpanzee,Mammal
./video/animalkingdom_augmented/SRWTMNPL_aug1.mp4,Keeping still,Chimpanzee,Mammal
./video/animalkingdom_augmented/SRWTMNPL_aug2.mp4,Keeping still,Chimpanzee,Mammal
./video/animalkingdom_augmented/SSDRFEZZ_aug0.mp4,Walking,Civet Cat,Mammal
./video/animalkingdom_augmented/SSDRFEZZ_aug1.mp4,Walking,Civet Cat,Mammal
./video/animalkingdom_augmented/SSDRFEZZ_aug2.mp4,Walking,Civet Cat,Mammal
./video/animalkingdom_augmented/SSOVRFFP_aug0.mp4,Keeping still,Maroon Macaque,Mammal
./video/animalkingdom_augmented/SSOVRFFP_aug1.mp4,Keeping still,Maroon Macaque,Mammal
./video/animalkingdom_augmented/SSOVRFFP_aug2.mp4,Keeping still,Maroon Macaque,Mammal
./video/animalkingdom_augmented/SSWBYNPO_aug0.mp4,Walking,Lion,Mammal
./video/animalkingdom_augmented/SSWBYNPO_aug1.mp4,Walking,Lion,Mammal
./video/animalkingdom_augmented/SSWBYNPO_aug2.mp4,Walking,Lion,Mammal
./video/animalkingdom_augmented/SSZDRNPL_aug0.mp4,Walking,Grey Langur,Mammal
./video/animalkingdom_augmented/SSZDRNPL_aug1.mp4,Walking,Grey Langur,Mammal
./video/animalkingdom_augmented/SSZDRNPL_aug2.mp4,Walking,Grey Langur,Mammal
./video/animalkingdom_augmented/SVDNTFFP_aug0.mp4,Keeping still,Maroon Macaque,Mammal
./video/animalkingdom_augmented/SVDNTFFP_aug1.mp4,Keeping still,Maroon Macaque,Mammal
./video/animalkingdom_augmented/SVDNTFFP_aug2.mp4,Keeping still,Maroon Macaque,Mammal
./video/animalkingdom_augmented/SVIOCXGD_aug0.mp4,Attending,Kangaroo,Mammal
./video/animalkingdom_augmented/SVIOCXGD_aug1.mp4,Attending,Kangaroo,Mammal
./video/animalkingdom_augmented/SVIOCXGD_aug2.mp4,Attending,Kangaroo,Mammal
./video/animalkingdom_augmented/SWFHVBQT_aug0.mp4,Jumping,Plantain Squirrel,Mammal
./video/animalkingdom_augmented/SWFHVBQT_aug1.mp4,Jumping,Plantain Squirrel,Mammal
./video/animalkingdom_augmented/SWFHVBQT_aug2.mp4,Jumping,Plantain Squirrel,Mammal
./video/animalkingdom_augmented/SWNMEEUL_aug0.mp4,Keeping still,Leopard,Mammal
./video/animalkingdom_augmented/SWNMEEUL_aug1.mp4,Keeping still,Leopard,Mammal
./video/animalkingdom_augmented/SWNMEEUL_aug2.mp4,Keeping still,Leopard,Mammal
./video/animalkingdom_augmented/SXIRHFJG_aug0.mp4,Walking,Gaur,Mammal
./video/animalkingdom_augmented/SXIRHFJG_aug1.mp4,Walking,Gaur,Mammal
./video/animalkingdom_augmented/SXIRHFJG_aug2.mp4,Walking,Gaur,Mammal
./video/animalkingdom_augmented/SXYZOPIF_aug0.mp4,Sensing,Polar Bear,Mammal
./video/animalkingdom_augmented/SXYZOPIF_aug1.mp4,Sensing,Polar Bear,Mammal
./video/animalkingdom_augmented/SXYZOPIF_aug2.mp4,Sensing,Polar Bear,Mammal
./video/animalkingdom_augmented/SYJKEBQT_aug0.mp4,Attending,Raffles Banded Langur,Mammal
./video/animalkingdom_augmented/SYJKEBQT_aug1.mp4,Attending,Raffles Banded Langur,Mammal
./video/animalkingdom_augmented/SYJKEBQT_aug2.mp4,Attending,Raffles Banded Langur,Mammal
./video/animalkingdom_augmented/SYNHLDSN_aug0.mp4,Jumping,Jaculus Jaculus,Mammal
./video/animalkingdom_augmented/SYNHLDSN_aug1.mp4,Jumping,Jaculus Jaculus,Mammal
./video/animalkingdom_augmented/SYNHLDSN_aug2.mp4,Jumping,Jaculus Jaculus,Mammal
./video/animalkingdom_augmented/SZJBMXGD_aug0.mp4,Running,Horse,Mammal
./video/animalkingdom_augmented/SZJBMXGD_aug1.mp4,Running,Horse,Mammal
./video/animalkingdom_augmented/SZJBMXGD_aug2.mp4,Running,Horse,Mammal
./video/animalkingdom_augmented/SZZNBRAC_aug0.mp4,Keeping still,Agouti,Mammal
./video/animalkingdom_augmented/SZZNBRAC_aug1.mp4,Keeping still,Agouti,Mammal
./video/animalkingdom_augmented/SZZNBRAC_aug2.mp4,Keeping still,Agouti,Mammal
./video/animalkingdom_augmented/TAUEYSMJ_aug0.mp4,Walking,Elephant,Mammal
./video/animalkingdom_augmented/TAUEYSMJ_aug1.mp4,Walking,Elephant,Mammal
./video/animalkingdom_augmented/TAUEYSMJ_aug2.mp4,Walking,Elephant,Mammal
./video/animalkingdom_augmented/TAYQNAMC_aug0.mp4,Jumping,Lion Young,Mammal
./video/animalkingdom_augmented/TAYQNAMC_aug1.mp4,Jumping,Lion Young,Mammal
./video/animalkingdom_augmented/TAYQNAMC_aug2.mp4,Jumping,Lion Young,Mammal
./video/animalkingdom_augmented/TBRGPBQT_aug0.mp4,Eating,Raffles Banded Langur,Mammal
./video/animalkingdom_augmented/TBRGPBQT_aug1.mp4,Eating,Raffles Banded Langur,Mammal
./video/animalkingdom_augmented/TBRGPBQT_aug2.mp4,Eating,Raffles Banded Langur,Mammal
./video/animalkingdom_augmented/TDFQQVMP_aug0.mp4,Sensing,Beaver,Mammal
./video/animalkingdom_augmented/TDFQQVMP_aug1.mp4,Sensing,Beaver,Mammal
./video/animalkingdom_augmented/TDFQQVMP_aug2.mp4,Sensing,Beaver,Mammal
./video/animalkingdom_augmented/TDRFKDPR_aug0.mp4,Walking,Coyote,Mammal
./video/animalkingdom_augmented/TDRFKDPR_aug1.mp4,Walking,Coyote,Mammal
./video/animalkingdom_augmented/TDRFKDPR_aug2.mp4,Walking,Coyote,Mammal
./video/animalkingdom_augmented/TDRKZBME_aug0.mp4,Walking,Horse,Mammal
./video/animalkingdom_augmented/TDRKZBME_aug1.mp4,Walking,Horse,Mammal
./video/animalkingdom_augmented/TDRKZBME_aug2.mp4,Walking,Horse,Mammal
./video/animalkingdom_augmented/TDTRXTEK_aug0.mp4,Walking,Sunbear,Mammal
./video/animalkingdom_augmented/TDTRXTEK_aug1.mp4,Walking,Sunbear,Mammal
./video/animalkingdom_augmented/TDTRXTEK_aug2.mp4,Walking,Sunbear,Mammal
./video/animalkingdom_augmented/TEAEVKEW_aug0.mp4,Eating,Rabbit,Mammal
./video/animalkingdom_augmented/TEAEVKEW_aug1.mp4,Eating,Rabbit,Mammal
./video/animalkingdom_augmented/TEAEVKEW_aug2.mp4,Eating,Rabbit,Mammal
./video/animalkingdom_augmented/TECSOXGD_aug0.mp4,Running,Horse,Mammal
./video/animalkingdom_augmented/TECSOXGD_aug1.mp4,Running,Horse,Mammal
./video/animalkingdom_augmented/TECSOXGD_aug2.mp4,Running,Horse,Mammal
./video/animalkingdom_augmented/TEKPGCNX_aug0.mp4,Walking,Wolf,Mammal
./video/animalkingdom_augmented/TEKPGCNX_aug1.mp4,Walking,Wolf,Mammal
./video/animalkingdom_augmented/TEKPGCNX_aug2.mp4,Walking,Wolf,Mammal
./video/animalkingdom_augmented/TEQOPXGD_aug0.mp4,Running,Horse,Mammal
./video/animalkingdom_augmented/TEQOPXGD_aug1.mp4,Running,Horse,Mammal
./video/animalkingdom_augmented/TEQOPXGD_aug2.mp4,Running,Horse,Mammal
./video/animalkingdom_augmented/TEZHSBQT_aug0.mp4,Attending,Raffles Banded Langur,Mammal
./video/animalkingdom_augmented/TEZHSBQT_aug1.mp4,Attending,Raffles Banded Langur,Mammal
./video/animalkingdom_augmented/TEZHSBQT_aug2.mp4,Attending,Raffles Banded Langur,Mammal
./video/animalkingdom_augmented/TGCWAGCS_aug0.mp4,Sensing,Leopard,Mammal
./video/animalkingdom_augmented/TGCWAGCS_aug1.mp4,Sensing,Leopard,Mammal
./video/animalkingdom_augmented/TGCWAGCS_aug2.mp4,Sensing,Leopard,Mammal
./video/animalkingdom_augmented/TIQWILQI_aug0.mp4,Sensing,Barking Deer,Mammal
./video/animalkingdom_augmented/TIQWILQI_aug1.mp4,Sensing,Barking Deer,Mammal
./video/animalkingdom_augmented/TIQWILQI_aug2.mp4,Sensing,Barking Deer,Mammal
./video/animalkingdom_augmented/TJHQREQQ_aug0.mp4,Walking,Leopard,Mammal
./video/animalkingdom_augmented/TJHQREQQ_aug1.mp4,Walking,Leopard,Mammal
./video/animalkingdom_augmented/TJHQREQQ_aug2.mp4,Walking,Leopard,Mammal
./video/animalkingdom_augmented/TJXSVVYU_aug0.mp4,Sensing,Leopard,Mammal
./video/animalkingdom_augmented/TJXSVVYU_aug1.mp4,Sensing,Leopard,Mammal
./video/animalkingdom_augmented/TJXSVVYU_aug2.mp4,Sensing,Leopard,Mammal
./video/animalkingdom_augmented/TLFNEGCS_aug0.mp4,Attending,Elephant,Mammal
./video/animalkingdom_augmented/TLFNEGCS_aug1.mp4,Attending,Elephant,Mammal
./video/animalkingdom_augmented/TLFNEGCS_aug2.mp4,Attending,Elephant,Mammal
./video/animalkingdom_augmented/TLHREXGD_aug0.mp4,Running,Horse,Mammal
./video/animalkingdom_augmented/TLHREXGD_aug1.mp4,Running,Horse,Mammal
./video/animalkingdom_augmented/TLHREXGD_aug2.mp4,Running,Horse,Mammal
./video/animalkingdom_augmented/TLKZQCEI_aug0.mp4,Eating,Chimpanzee,Mammal
./video/animalkingdom_augmented/TLKZQCEI_aug1.mp4,Eating,Chimpanzee,Mammal
./video/animalkingdom_augmented/TLKZQCEI_aug2.mp4,Eating,Chimpanzee,Mammal
./video/animalkingdom_augmented/TMLYPEBY_aug0.mp4,Sensing,Fox,Mammal
./video/animalkingdom_augmented/TMLYPEBY_aug1.mp4,Sensing,Fox,Mammal
./video/animalkingdom_augmented/TMLYPEBY_aug2.mp4,Sensing,Fox,Mammal
./video/animalkingdom_augmented/TMTRUXGD_aug0.mp4,Eating,Horse,Mammal
./video/animalkingdom_augmented/TMTRUXGD_aug1.mp4,Eating,Horse,Mammal
./video/animalkingdom_augmented/TMTRUXGD_aug2.mp4,Eating,Horse,Mammal
./video/animalkingdom_augmented/TNQPRNPL_aug0.mp4,Sensing,Squirrel,Mammal
./video/animalkingdom_augmented/TNQPRNPL_aug1.mp4,Sensing,Squirrel,Mammal
./video/animalkingdom_augmented/TNQPRNPL_aug2.mp4,Sensing,Squirrel,Mammal
./video/animalkingdom_augmented/TOHQUFJG_aug0.mp4,Attending,Sambar Deer,Mammal
./video/animalkingdom_augmented/TOHQUFJG_aug1.mp4,Attending,Sambar Deer,Mammal
./video/animalkingdom_augmented/TOHQUFJG_aug2.mp4,Attending,Sambar Deer,Mammal
./video/animalkingdom_augmented/TOTDUUDX_aug0.mp4,Walking,Cheetah,Mammal
./video/animalkingdom_augmented/TOTDUUDX_aug1.mp4,Walking,Cheetah,Mammal
./video/animalkingdom_augmented/TOTDUUDX_aug2.mp4,Walking,Cheetah,Mammal
./video/animalkingdom_augmented/TOUYKXGD_aug0.mp4,Eating,Kangaroo,Mammal
./video/animalkingdom_augmented/TOUYKXGD_aug1.mp4,Eating,Kangaroo,Mammal
./video/animalkingdom_augmented/TOUYKXGD_aug2.mp4,Eating,Kangaroo,Mammal
./video/animalkingdom_augmented/TOYKCRAC_aug0.mp4,Walking,Capuchin Monkey,Mammal
./video/animalkingdom_augmented/TOYKCRAC_aug1.mp4,Walking,Capuchin Monkey,Mammal
./video/animalkingdom_augmented/TOYKCRAC_aug2.mp4,Walking,Capuchin Monkey,Mammal
./video/animalkingdom_augmented/TPXYDXGD_aug0.mp4,Sensing,Kangaroo,Mammal
./video/animalkingdom_augmented/TPXYDXGD_aug1.mp4,Sensing,Kangaroo,Mammal
./video/animalkingdom_augmented/TPXYDXGD_aug2.mp4,Sensing,Kangaroo,Mammal
./video/animalkingdom_augmented/TQBJBWBC_aug0.mp4,Running,Mongoose,Mammal
./video/animalkingdom_augmented/TQBJBWBC_aug1.mp4,Running,Mongoose,Mammal
./video/animalkingdom_augmented/TQBJBWBC_aug2.mp4,Running,Mongoose,Mammal
./video/animalkingdom_augmented/TQMAIUDX_aug0.mp4,Walking,Leopard,Mammal
./video/animalkingdom_augmented/TQMAIUDX_aug1.mp4,Walking,Leopard,Mammal
./video/animalkingdom_augmented/TQMAIUDX_aug2.mp4,Walking,Leopard,Mammal
./video/animalkingdom_augmented/TQOVJTHG_aug0.mp4,Sensing,Campbells Monkey,Mammal
./video/animalkingdom_augmented/TQOVJTHG_aug1.mp4,Sensing,Campbells Monkey,Mammal
./video/animalkingdom_augmented/TQOVJTHG_aug2.mp4,Sensing,Campbells Monkey,Mammal
./video/animalkingdom_augmented/TQVMIXGD_aug0.mp4,Walking,Horse,Mammal
./video/animalkingdom_augmented/TQVMIXGD_aug1.mp4,Walking,Horse,Mammal
./video/animalkingdom_augmented/TQVMIXGD_aug2.mp4,Walking,Horse,Mammal
./video/animalkingdom_augmented/TQZLNKEW_aug0.mp4,Eating,Giraffe,Mammal
./video/animalkingdom_augmented/TQZLNKEW_aug1.mp4,Eating,Giraffe,Mammal
./video/animalkingdom_augmented/TQZLNKEW_aug2.mp4,Eating,Giraffe,Mammal
./video/animalkingdom_augmented/TRBAWFGA_aug0.mp4,Running,Wolf,Mammal
./video/animalkingdom_augmented/TRBAWFGA_aug1.mp4,Running,Wolf,Mammal
./video/animalkingdom_augmented/TRBAWFGA_aug2.mp4,Running,Wolf,Mammal
./video/animalkingdom_augmented/TROMEXGD_aug0.mp4,Jumping,Rabbit,Mammal
./video/animalkingdom_augmented/TROMEXGD_aug1.mp4,Jumping,Rabbit,Mammal
./video/animalkingdom_augmented/TROMEXGD_aug2.mp4,Jumping,Rabbit,Mammal
./video/animalkingdom_augmented/TRWGVGCS_aug0.mp4,Running,Elephant,Mammal
./video/animalkingdom_augmented/TRWGVGCS_aug1.mp4,Running,Elephant,Mammal
./video/animalkingdom_augmented/TRWGVGCS_aug2.mp4,Running,Elephant,Mammal
./video/animalkingdom_augmented/TSDFHTCN_aug0.mp4,Eating,Horse Young,Mammal
./video/animalkingdom_augmented/TSDFHTCN_aug1.mp4,Eating,Horse Young,Mammal
./video/animalkingdom_augmented/TSDFHTCN_aug2.mp4,Eating,Horse Young,Mammal
./video/animalkingdom_augmented/TSDZSVYU_aug0.mp4,Jumping,Leopard,Mammal
./video/animalkingdom_augmented/TSDZSVYU_aug1.mp4,Jumping,Leopard,Mammal
./video/animalkingdom_augmented/TSDZSVYU_aug2.mp4,Jumping,Leopard,Mammal
./video/animalkingdom_augmented/TTOEWXGD_aug0.mp4,Walking,Wombat,Mammal
./video/animalkingdom_augmented/TTOEWXGD_aug1.mp4,Walking,Wombat,Mammal
./video/animalkingdom_augmented/TTOEWXGD_aug2.mp4,Walking,Wombat,Mammal
./video/animalkingdom_augmented/TUDZXBQT_aug0.mp4,Sensing,Raffles Banded Langur,Mammal
./video/animalkingdom_augmented/TUDZXBQT_aug1.mp4,Sensing,Raffles Banded Langur,Mammal
./video/animalkingdom_augmented/TUDZXBQT_aug2.mp4,Sensing,Raffles Banded Langur,Mammal
./video/animalkingdom_augmented/TUKWZXGD_aug0.mp4,Jumping,Kangaroo,Mammal
./video/animalkingdom_augmented/TUKWZXGD_aug1.mp4,Jumping,Kangaroo,Mammal
./video/animalkingdom_augmented/TUKWZXGD_aug2.mp4,Jumping,Kangaroo,Mammal
./video/animalkingdom_augmented/TUWTZNSU_aug0.mp4,Walking,Hyena,Mammal
./video/animalkingdom_augmented/TUWTZNSU_aug1.mp4,Walking,Hyena,Mammal
./video/animalkingdom_augmented/TUWTZNSU_aug2.mp4,Walking,Hyena,Mammal
./video/animalkingdom_augmented/TVQAXWBC_aug0.mp4,Running,Mongoose,Mammal
./video/animalkingdom_augmented/TVQAXWBC_aug1.mp4,Running,Mongoose,Mammal
./video/animalkingdom_augmented/TVQAXWBC_aug2.mp4,Running,Mongoose,Mammal
./video/animalkingdom_augmented/TWBUBBQT_aug0.mp4,Eating,Greater Mouse Deer,Mammal
./video/animalkingdom_augmented/TWBUBBQT_aug1.mp4,Eating,Greater Mouse Deer,Mammal
./video/animalkingdom_augmented/TWBUBBQT_aug2.mp4,Eating,Greater Mouse Deer,Mammal
./video/animalkingdom_augmented/TWLBLCNX_aug0.mp4,Walking,Wolf,Mammal
./video/animalkingdom_augmented/TWLBLCNX_aug1.mp4,Walking,Wolf,Mammal
./video/animalkingdom_augmented/TWLBLCNX_aug2.mp4,Walking,Wolf,Mammal
./video/animalkingdom_augmented/TWZUFBME_aug0.mp4,Walking,Horse,Mammal
./video/animalkingdom_augmented/TWZUFBME_aug1.mp4,Walking,Horse,Mammal
./video/animalkingdom_augmented/TWZUFBME_aug2.mp4,Walking,Horse,Mammal
./video/animalkingdom_augmented/TXYRIVMS_aug0.mp4,Eating,Greater Mouse Deer,Mammal
./video/animalkingdom_augmented/TXYRIVMS_aug1.mp4,Eating,Greater Mouse Deer,Mammal
./video/animalkingdom_augmented/TXYRIVMS_aug2.mp4,Eating,Greater Mouse Deer,Mammal
./video/animalkingdom_augmented/TYBNJSMJ_aug0.mp4,Walking,Marshbuck,Mammal
./video/animalkingdom_augmented/TYBNJSMJ_aug1.mp4,Walking,Marshbuck,Mammal
./video/animalkingdom_augmented/TYBNJSMJ_aug2.mp4,Walking,Marshbuck,Mammal
./video/animalkingdom_augmented/TYLDUUDX_aug0.mp4,Walking,Leopard,Mammal
./video/animalkingdom_augmented/TYLDUUDX_aug1.mp4,Walking,Leopard,Mammal
./video/animalkingdom_augmented/TYLDUUDX_aug2.mp4,Walking,Leopard,Mammal
./video/animalkingdom_augmented/TYTXFBQT_aug0.mp4,Running,Raffles Banded Langur,Mammal
./video/animalkingdom_augmented/TYTXFBQT_aug1.mp4,Running,Raffles Banded Langur,Mammal
./video/animalkingdom_augmented/TYTXFBQT_aug2.mp4,Running,Raffles Banded Langur,Mammal
./video/animalkingdom_augmented/UAAMXDPR_aug0.mp4,Walking,Cougar,Mammal
./video/animalkingdom_augmented/UAAMXDPR_aug1.mp4,Walking,Cougar,Mammal
./video/animalkingdom_augmented/UAAMXDPR_aug2.mp4,Walking,Cougar,Mammal
./video/animalkingdom_augmented/UAARUGCS_aug0.mp4,Running,Elephant,Mammal
./video/animalkingdom_augmented/UAARUGCS_aug1.mp4,Running,Elephant,Mammal
./video/animalkingdom_augmented/UAARUGCS_aug2.mp4,Running,Elephant,Mammal
./video/animalkingdom_augmented/UAVAIXGD_aug0.mp4,Running,Horse,Mammal
./video/animalkingdom_augmented/UAVAIXGD_aug1.mp4,Running,Horse,Mammal
./video/animalkingdom_augmented/UAVAIXGD_aug2.mp4,Running,Horse,Mammal
./video/animalkingdom_augmented/UBWOETHG_aug0.mp4,Walking,Giant Forest Hog,Mammal
./video/animalkingdom_augmented/UBWOETHG_aug1.mp4,Walking,Giant Forest Hog,Mammal
./video/animalkingdom_augmented/UBWOETHG_aug2.mp4,Walking,Giant Forest Hog,Mammal
./video/animalkingdom_augmented/UCEJCNBD_aug0.mp4,Walking,Stump-Tailed Macaque,Mammal
./video/animalkingdom_augmented/UCEJCNBD_aug1.mp4,Walking,Stump-Tailed Macaque,Mammal
./video/animalkingdom_augmented/UCEJCNBD_aug2.mp4,Walking,Stump-Tailed Macaque,Mammal
./video/animalkingdom_augmented/UCKOARAC_aug0.mp4,Walking,Jaguarundi Cat,Mammal
./video/animalkingdom_augmented/UCKOARAC_aug1.mp4,Walking,Jaguarundi Cat,Mammal
./video/animalkingdom_augmented/UCKOARAC_aug2.mp4,Walking,Jaguarundi Cat,Mammal
./video/animalkingdom_augmented/UEDNIAMC_aug0.mp4,Walking,Lion,Mammal
./video/animalkingdom_augmented/UEDNIAMC_aug1.mp4,Walking,Lion,Mammal
./video/animalkingdom_augmented/UEDNIAMC_aug2.mp4,Walking,Lion,Mammal
./video/animalkingdom_augmented/UEUQLDSN_aug0.mp4,Walking,Cheetah,Mammal
./video/animalkingdom_augmented/UEUQLDSN_aug1.mp4,Walking,Cheetah,Mammal
./video/animalkingdom_augmented/UEUQLDSN_aug2.mp4,Walking,Cheetah,Mammal
./video/animalkingdom_augmented/UFVKXFFP_aug0.mp4,Eating,Maroon Macaque,Mammal
./video/animalkingdom_augmented/UFVKXFFP_aug1.mp4,Eating,Maroon Macaque,Mammal
./video/animalkingdom_augmented/UFVKXFFP_aug2.mp4,Eating,Maroon Macaque,Mammal
./video/animalkingdom_augmented/UGXUWXGD_aug0.mp4,Attending,Horse,Mammal
./video/animalkingdom_augmented/UGXUWXGD_aug1.mp4,Attending,Horse,Mammal
./video/animalkingdom_augmented/UGXUWXGD_aug2.mp4,Attending,Horse,Mammal
./video/animalkingdom_augmented/UHTDGCNX_aug0.mp4,Sensing,Wolf,Mammal
./video/animalkingdom_augmented/UHTDGCNX_aug1.mp4,Sensing,Wolf,Mammal
./video/animalkingdom_augmented/UHTDGCNX_aug2.mp4,Sensing,Wolf,Mammal
./video/animalkingdom_augmented/UHYALUDX_aug0.mp4,Walking,Elephant,Mammal
./video/animalkingdom_augmented/UHYALUDX_aug1.mp4,Walking,Elephant,Mammal
./video/animalkingdom_augmented/UHYALUDX_aug2.mp4,Walking,Elephant,Mammal
./video/animalkingdom_augmented/UINTNEBY_aug0.mp4,Walking,Fox,Mammal
./video/animalkingdom_augmented/UINTNEBY_aug1.mp4,Walking,Fox,Mammal
./video/animalkingdom_augmented/UINTNEBY_aug2.mp4,Walking,Fox,Mammal
./video/animalkingdom_augmented/UISTSXGD_aug0.mp4,Jumping,Kangaroo,Mammal
./video/animalkingdom_augmented/UISTSXGD_aug1.mp4,Jumping,Kangaroo,Mammal
./video/animalkingdom_augmented/UISTSXGD_aug2.mp4,Jumping,Kangaroo,Mammal
./video/animalkingdom_augmented/UISXXGCS_aug0.mp4,Walking,Leopard,Mammal
./video/animalkingdom_augmented/UISXXGCS_aug1.mp4,Walking,Leopard,Mammal
./video/animalkingdom_augmented/UISXXGCS_aug2.mp4,Walking,Leopard,Mammal
./video/animalkingdom_augmented/UIXKNTEK_aug0.mp4,Walking,Malayan Tapir,Mammal
./video/animalkingdom_augmented/UIXKNTEK_aug1.mp4,Walking,Malayan Tapir,Mammal
./video/animalkingdom_augmented/UIXKNTEK_aug2.mp4,Walking,Malayan Tapir,Mammal
./video/animalkingdom_augmented/UJKVXRAC_aug0.mp4,Running,White Nosed Coati,Mammal
./video/animalkingdom_augmented/UJKVXRAC_aug1.mp4,Running,White Nosed Coati,Mammal
./video/animalkingdom_augmented/UJKVXRAC_aug2.mp4,Running,White Nosed Coati,Mammal
./video/animalkingdom_augmented/UJNRNUDX_aug0.mp4,Walking,Elephant,Mammal
./video/animalkingdom_augmented/UJNRNUDX_aug1.mp4,Walking,Elephant,Mammal
./video/animalkingdom_augmented/UJNRNUDX_aug2.mp4,Walking,Elephant,Mammal
./video/animalkingdom_augmented/UKNUWRAC_aug0.mp4,Running,White Nosed Coati,Mammal
./video/animalkingdom_augmented/UKNUWRAC_aug1.mp4,Running,White Nosed Coati,Mammal
./video/animalkingdom_augmented/UKNUWRAC_aug2.mp4,Running,White Nosed Coati,Mammal
./video/animalkingdom_augmented/ULXRQFFP_aug0.mp4,Eating,Maroon Macaque,Mammal
./video/animalkingdom_augmented/ULXRQFFP_aug1.mp4,Eating,Maroon Macaque,Mammal
./video/animalkingdom_augmented/ULXRQFFP_aug2.mp4,Eating,Maroon Macaque,Mammal
./video/animalkingdom_augmented/UMPBYBQT_aug0.mp4,Eating,Greater Mouse Deer,Mammal
./video/animalkingdom_augmented/UMPBYBQT_aug1.mp4,Eating,Greater Mouse Deer,Mammal
./video/animalkingdom_augmented/UMPBYBQT_aug2.mp4,Eating,Greater Mouse Deer,Mammal
./video/animalkingdom_augmented/UNCZLXGD_aug0.mp4,Eating,Horse,Mammal
./video/animalkingdom_augmented/UNCZLXGD_aug1.mp4,Eating,Horse,Mammal
./video/animalkingdom_augmented/UNCZLXGD_aug2.mp4,Eating,Horse,Mammal
./video/animalkingdom_augmented/UNOMEVMP_aug0.mp4,Walking,Moose,Mammal
./video/animalkingdom_augmented/UNOMEVMP_aug1.mp4,Walking,Moose,Mammal
./video/animalkingdom_augmented/UNOMEVMP_aug2.mp4,Walking,Moose,Mammal
./video/animalkingdom_augmented/UNZDCVYU_aug0.mp4,Walking,Leopard,Mammal
./video/animalkingdom_augmented/UNZDCVYU_aug1.mp4,Walking,Leopard,Mammal
./video/animalkingdom_augmented/UNZDCVYU_aug2.mp4,Walking,Leopard,Mammal
./video/animalkingdom_augmented/UOGSDXGD_aug0.mp4,Jumping,Kangaroo,Mammal
./video/animalkingdom_augmented/UOGSDXGD_aug1.mp4,Jumping,Kangaroo,Mammal
./video/animalkingdom_augmented/UOGSDXGD_aug2.mp4,Jumping,Kangaroo,Mammal
./video/animalkingdom_augmented/UOHILFGA_aug0.mp4,Running,Wolf,Mammal
./video/animalkingdom_augmented/UOHILFGA_aug1.mp4,Running,Wolf,Mammal
./video/animalkingdom_augmented/UOHILFGA_aug2.mp4,Running,Wolf,Mammal
./video/animalkingdom_augmented/UOUAKEBY_aug0.mp4,Keeping still,Fox,Mammal
./video/animalkingdom_augmented/UOUAKEBY_aug1.mp4,Keeping still,Fox,Mammal
./video/animalkingdom_augmented/UOUAKEBY_aug2.mp4,Keeping still,Fox,Mammal
./video/animalkingdom_augmented/UQBGXAMC_aug0.mp4,Walking,Lion Young,Mammal
./video/animalkingdom_augmented/UQBGXAMC_aug1.mp4,Walking,Lion Young,Mammal
./video/animalkingdom_augmented/UQBGXAMC_aug2.mp4,Walking,Lion Young,Mammal
./video/animalkingdom_augmented/URFJQDPR_aug0.mp4,Walking,Ocelot,Mammal
./video/animalkingdom_augmented/URFJQDPR_aug1.mp4,Walking,Ocelot,Mammal
./video/animalkingdom_augmented/URFJQDPR_aug2.mp4,Walking,Ocelot,Mammal
./video/animalkingdom_augmented/URHBCBQT_aug0.mp4,Keeping still,Raffles Banded Langur,Mammal
./video/animalkingdom_augmented/URHBCBQT_aug1.mp4,Keeping still,Raffles Banded Langur,Mammal
./video/animalkingdom_augmented/URHBCBQT_aug2.mp4,Keeping still,Raffles Banded Langur,Mammal
./video/animalkingdom_augmented/URVFZCEI_aug0.mp4,Eating,Chimpanzee,Mammal
./video/animalkingdom_augmented/URVFZCEI_aug1.mp4,Eating,Chimpanzee,Mammal
./video/animalkingdom_augmented/URVFZCEI_aug2.mp4,Eating,Chimpanzee,Mammal
./video/animalkingdom_augmented/URYQZFGA_aug0.mp4,Walking,Caribou,Mammal
./video/animalkingdom_augmented/URYQZFGA_aug1.mp4,Walking,Caribou,Mammal
./video/animalkingdom_augmented/URYQZFGA_aug2.mp4,Walking,Caribou,Mammal
./video/animalkingdom_augmented/USBCEAMC_aug0.mp4,Walking,Lion Young,Mammal
./video/animalkingdom_augmented/USBCEAMC_aug1.mp4,Walking,Lion Young,Mammal
./video/animalkingdom_augmented/USBCEAMC_aug2.mp4,Walking,Lion Young,Mammal
./video/animalkingdom_augmented/USORNTCN_aug0.mp4,Walking,Horse Young,Mammal
./video/animalkingdom_augmented/USORNTCN_aug1.mp4,Walking,Horse Young,Mammal
./video/animalkingdom_augmented/USORNTCN_aug2.mp4,Walking,Horse Young,Mammal
./video/animalkingdom_augmented/USUIPVMW_aug0.mp4,Walking,Mouse,Mammal
./video/animalkingdom_augmented/USUIPVMW_aug1.mp4,Walking,Mouse,Mammal
./video/animalkingdom_augmented/USUIPVMW_aug2.mp4,Walking,Mouse,Mammal
./video/animalkingdom_augmented/USVYLTEK_aug0.mp4,Walking,Boar,Mammal
./video/animalkingdom_augmented/USVYLTEK_aug1.mp4,Walking,Boar,Mammal
./video/animalkingdom_augmented/USVYLTEK_aug2.mp4,Walking,Boar,Mammal
./video/animalkingdom_augmented/UTPOPBME_aug0.mp4,Eating,Horse,Mammal
./video/animalkingdom_augmented/UTPOPBME_aug1.mp4,Eating,Horse,Mammal
./video/animalkingdom_augmented/UTPOPBME_aug2.mp4,Eating,Horse,Mammal
./video/animalkingdom_augmented/UTQKOTHG_aug0.mp4,Walking,African Golden Cat,Mammal
./video/animalkingdom_augmented/UTQKOTHG_aug1.mp4,Walking,African Golden Cat,Mammal
./video/animalkingdom_augmented/UTQKOTHG_aug2.mp4,Walking,African Golden Cat,Mammal
./video/animalkingdom_augmented/UTSETVMP_aug0.mp4,Sensing,Fox,Mammal
./video/animalkingdom_augmented/UTSETVMP_aug1.mp4,Sensing,Fox,Mammal
./video/animalkingdom_augmented/UTSETVMP_aug2.mp4,Sensing,Fox,Mammal
./video/animalkingdom_augmented/UUJLRUPH_aug0.mp4,Sensing,Squirrel,Mammal
./video/animalkingdom_augmented/UUJLRUPH_aug1.mp4,Sensing,Squirrel,Mammal
./video/animalkingdom_augmented/UUJLRUPH_aug2.mp4,Sensing,Squirrel,Mammal
./video/animalkingdom_augmented/UVDADNPL_aug0.mp4,Jumping,Squirrel,Mammal
./video/animalkingdom_augmented/UVDADNPL_aug1.mp4,Jumping,Squirrel,Mammal
./video/animalkingdom_augmented/UVDADNPL_aug2.mp4,Jumping,Squirrel,Mammal
./video/animalkingdom_augmented/UVXXANPL_aug0.mp4,Sensing,Grey Langur,Mammal
./video/animalkingdom_augmented/UVXXANPL_aug1.mp4,Sensing,Grey Langur,Mammal
./video/animalkingdom_augmented/UVXXANPL_aug2.mp4,Sensing,Grey Langur,Mammal
./video/animalkingdom_augmented/UXMDTUDX_aug0.mp4,Walking,Elephant,Mammal
./video/animalkingdom_augmented/UXMDTUDX_aug1.mp4,Walking,Elephant,Mammal
./video/animalkingdom_augmented/UXMDTUDX_aug2.mp4,Walking,Elephant,Mammal
./video/animalkingdom_augmented/UXNFAXGD_aug0.mp4,Eating,Dog,Mammal
./video/animalkingdom_augmented/UXNFAXGD_aug1.mp4,Eating,Dog,Mammal
./video/animalkingdom_augmented/UXNFAXGD_aug2.mp4,Eating,Dog,Mammal
./video/animalkingdom_augmented/UYFARXDO_aug0.mp4,Running,Giraffe,Mammal
./video/animalkingdom_augmented/UYFARXDO_aug1.mp4,Running,Giraffe,Mammal
./video/animalkingdom_augmented/UYFARXDO_aug2.mp4,Running,Giraffe,Mammal
./video/animalkingdom_augmented/UZAUDBQT_aug0.mp4,Eating,Plantain Squirrel,Mammal
./video/animalkingdom_augmented/UZAUDBQT_aug1.mp4,Eating,Plantain Squirrel,Mammal
./video/animalkingdom_augmented/UZAUDBQT_aug2.mp4,Eating,Plantain Squirrel,Mammal
./video/animalkingdom_augmented/UZGSYAEY_aug0.mp4,Attending,Camel,Mammal
./video/animalkingdom_augmented/UZGSYAEY_aug1.mp4,Attending,Camel,Mammal
./video/animalkingdom_augmented/UZGSYAEY_aug2.mp4,Attending,Camel,Mammal
./video/animalkingdom_augmented/UZTFSTEK_aug0.mp4,Walking,Red-Ruffed Lemur,Mammal
./video/animalkingdom_augmented/UZTFSTEK_aug1.mp4,Walking,Red-Ruffed Lemur,Mammal
./video/animalkingdom_augmented/UZTFSTEK_aug2.mp4,Walking,Red-Ruffed Lemur,Mammal
./video/animalkingdom_augmented/VAWMAXGD_aug0.mp4,Running,Horse,Mammal
./video/animalkingdom_augmented/VAWMAXGD_aug1.mp4,Running,Horse,Mammal
./video/animalkingdom_augmented/VAWMAXGD_aug2.mp4,Running,Horse,Mammal
./video/animalkingdom_augmented/VAXEMBQT_aug0.mp4,Eating,Plantain Squirrel,Mammal
./video/animalkingdom_augmented/VAXEMBQT_aug1.mp4,Eating,Plantain Squirrel,Mammal
./video/animalkingdom_augmented/VAXEMBQT_aug2.mp4,Eating,Plantain Squirrel,Mammal
./video/animalkingdom_augmented/VAZMATEK_aug0.mp4,Attending,Colugo,Mammal
./video/animalkingdom_augmented/VAZMATEK_aug1.mp4,Attending,Colugo,Mammal
./video/animalkingdom_augmented/VAZMATEK_aug2.mp4,Attending,Colugo,Mammal
./video/animalkingdom_augmented/VBDQBTHG_aug0.mp4,Sensing,Campbells Monkey,Mammal
./video/animalkingdom_augmented/VBDQBTHG_aug1.mp4,Sensing,Campbells Monkey,Mammal
./video/animalkingdom_augmented/VBDQBTHG_aug2.mp4,Sensing,Campbells Monkey,Mammal
./video/animalkingdom_augmented/VBOQPBQT_aug0.mp4,Sensing,Raffles Banded Langur,Mammal
./video/animalkingdom_augmented/VBOQPBQT_aug1.mp4,Sensing,Raffles Banded Langur,Mammal
./video/animalkingdom_augmented/VBOQPBQT_aug2.mp4,Sensing,Raffles Banded Langur,Mammal
./video/animalkingdom_augmented/VCPGFDSN_aug0.mp4,Jumping,Jaculus Jaculus,Mammal
./video/animalkingdom_augmented/VCPGFDSN_aug1.mp4,Jumping,Jaculus Jaculus,Mammal
./video/animalkingdom_augmented/VCPGFDSN_aug2.mp4,Jumping,Jaculus Jaculus,Mammal
./video/animalkingdom_augmented/VEMEECNX_aug0.mp4,Keeping still,Wolf,Mammal
./video/animalkingdom_augmented/VEMEECNX_aug1.mp4,Keeping still,Wolf,Mammal
./video/animalkingdom_augmented/VEMEECNX_aug2.mp4,Keeping still,Wolf,Mammal
./video/animalkingdom_augmented/VEUJRRAC_aug0.mp4,Eating,Capuchin Monkey,Mammal
./video/animalkingdom_augmented/VEUJRRAC_aug1.mp4,Eating,Capuchin Monkey,Mammal
./video/animalkingdom_augmented/VEUJRRAC_aug2.mp4,Eating,Capuchin Monkey,Mammal
./video/animalkingdom_augmented/VFIJYUDX_aug0.mp4,Walking,Elephant,Mammal
./video/animalkingdom_augmented/VFIJYUDX_aug1.mp4,Walking,Elephant,Mammal
./video/animalkingdom_augmented/VFIJYUDX_aug2.mp4,Walking,Elephant,Mammal
./video/animalkingdom_augmented/VFMHHBQT_aug0.mp4,Walking,Lesser Mousedeer,Mammal
./video/animalkingdom_augmented/VFMHHBQT_aug1.mp4,Walking,Lesser Mousedeer,Mammal
./video/animalkingdom_augmented/VFMHHBQT_aug2.mp4,Walking,Lesser Mousedeer,Mammal
./video/animalkingdom_augmented/VFYLFIMN_aug0.mp4,Walking,Asiatic Golden Cat,Mammal
./video/animalkingdom_augmented/VFYLFIMN_aug1.mp4,Walking,Asiatic Golden Cat,Mammal
./video/animalkingdom_augmented/VFYLFIMN_aug2.mp4,Walking,Asiatic Golden Cat,Mammal
./video/animalkingdom_augmented/VGALMFGA_aug0.mp4,Running,Wild Dog,Mammal
./video/animalkingdom_augmented/VGALMFGA_aug1.mp4,Running,Wild Dog,Mammal
./video/animalkingdom_augmented/VGALMFGA_aug2.mp4,Running,Wild Dog,Mammal
./video/animalkingdom_augmented/VGILMXGD_aug0.mp4,Walking,Horse,Mammal
./video/animalkingdom_augmented/VGILMXGD_aug1.mp4,Walking,Horse,Mammal
./video/animalkingdom_augmented/VGILMXGD_aug2.mp4,Walking,Horse,Mammal
./video/animalkingdom_augmented/VHJQPUDX_aug0.mp4,Walking,Elephant,Mammal
./video/animalkingdom_augmented/VHJQPUDX_aug1.mp4,Walking,Elephant,Mammal
./video/animalkingdom_augmented/VHJQPUDX_aug2.mp4,Walking,Elephant,Mammal
./video/animalkingdom_augmented/VHSVBMHZ_aug0.mp4,Eating,Horse Young,Mammal
./video/animalkingdom_augmented/VHSVBMHZ_aug1.mp4,Eating,Horse Young,Mammal
./video/animalkingdom_augmented/VHSVBMHZ_aug2.mp4,Eating,Horse Young,Mammal
./video/animalkingdom_augmented/VIBLSVMP_aug0.mp4,Keeping still,Deer,Mammal
./video/animalkingdom_augmented/VIBLSVMP_aug1.mp4,Keeping still,Deer,Mammal
./video/animalkingdom_augmented/VIBLSVMP_aug2.mp4,Keeping still,Deer,Mammal
./video/animalkingdom_augmented/VILYPFFP_aug0.mp4,Walking,Maroon Macaque,Mammal
./video/animalkingdom_augmented/VILYPFFP_aug1.mp4,Walking,Maroon Macaque,Mammal
./video/animalkingdom_augmented/VILYPFFP_aug2.mp4,Walking,Maroon Macaque,Mammal
./video/animalkingdom_augmented/VINJRFGA_aug0.mp4,Walking,Polar Bear,Mammal
./video/animalkingdom_augmented/VINJRFGA_aug1.mp4,Walking,Polar Bear,Mammal
./video/animalkingdom_augmented/VINJRFGA_aug2.mp4,Walking,Polar Bear,Mammal
./video/animalkingdom_augmented/VISBAIMN_aug0.mp4,Walking,Bearded Pig,Mammal
./video/animalkingdom_augmented/VISBAIMN_aug1.mp4,Walking,Bearded Pig,Mammal
./video/animalkingdom_augmented/VISBAIMN_aug2.mp4,Walking,Bearded Pig,Mammal
./video/animalkingdom_augmented/VIXWZXGD_aug0.mp4,Running,Horse,Mammal
./video/animalkingdom_augmented/VIXWZXGD_aug1.mp4,Running,Horse,Mammal
./video/animalkingdom_augmented/VIXWZXGD_aug2.mp4,Running,Horse,Mammal
./video/animalkingdom_augmented/VKBYQTCN_aug0.mp4,Eating,Horse Young,Mammal
./video/animalkingdom_augmented/VKBYQTCN_aug1.mp4,Eating,Horse Young,Mammal
./video/animalkingdom_augmented/VKBYQTCN_aug2.mp4,Eating,Horse Young,Mammal
./video/animalkingdom_augmented/VKIQRXGD_aug0.mp4,Walking,Horse,Mammal
./video/animalkingdom_augmented/VKIQRXGD_aug1.mp4,Walking,Horse,Mammal
./video/animalkingdom_augmented/VKIQRXGD_aug2.mp4,Walking,Horse,Mammal
./video/animalkingdom_augmented/VKWTNGCS_aug0.mp4,Running,Elephant,Mammal
./video/animalkingdom_augmented/VKWTNGCS_aug1.mp4,Running,Elephant,Mammal
./video/animalkingdom_augmented/VKWTNGCS_aug2.mp4,Running,Elephant,Mammal
./video/animalkingdom_augmented/VMTACXGD_aug0.mp4,Walking,Echina,Mammal
./video/animalkingdom_augmented/VMTACXGD_aug1.mp4,Walking,Echina,Mammal
./video/animalkingdom_augmented/VMTACXGD_aug2.mp4,Walking,Echina,Mammal
./video/animalkingdom_augmented/VNBTKNPL_aug0.mp4,Sensing,Squirrel,Mammal
./video/animalkingdom_augmented/VNBTKNPL_aug1.mp4,Sensing,Squirrel,Mammal
./video/animalkingdom_augmented/VNBTKNPL_aug2.mp4,Sensing,Squirrel,Mammal
./video/animalkingdom_augmented/VNHYSXGD_aug0.mp4,Running,Horse,Mammal
./video/animalkingdom_augmented/VNHYSXGD_aug1.mp4,Running,Horse,Mammal
./video/animalkingdom_augmented/VNHYSXGD_aug2.mp4,Running,Horse,Mammal
./video/animalkingdom_augmented/VNVJRBQT_aug0.mp4,Sensing,Raffles Banded Langur,Mammal
./video/animalkingdom_augmented/VNVJRBQT_aug1.mp4,Sensing,Raffles Banded Langur,Mammal
./video/animalkingdom_augmented/VNVJRBQT_aug2.mp4,Sensing,Raffles Banded Langur,Mammal
./video/animalkingdom_augmented/VOCEPBQT_aug0.mp4,Keeping still,Raffles Banded Langur,Mammal
./video/animalkingdom_augmented/VOCEPBQT_aug1.mp4,Keeping still,Raffles Banded Langur,Mammal
./video/animalkingdom_augmented/VOCEPBQT_aug2.mp4,Keeping still,Raffles Banded Langur,Mammal
./video/animalkingdom_augmented/VOGOEXGD_aug0.mp4,Eating,Horse,Mammal
./video/animalkingdom_augmented/VOGOEXGD_aug1.mp4,Eating,Horse,Mammal
./video/animalkingdom_augmented/VOGOEXGD_aug2.mp4,Eating,Horse,Mammal
./video/animalkingdom_augmented/VOYATBQT_aug0.mp4,Jumping,Raffles Banded Langur,Mammal
./video/animalkingdom_augmented/VOYATBQT_aug1.mp4,Jumping,Raffles Banded Langur,Mammal
./video/animalkingdom_augmented/VOYATBQT_aug2.mp4,Jumping,Raffles Banded Langur,Mammal
./video/animalkingdom_augmented/VPHGQVMP_aug0.mp4,Eating,Bison,Mammal
./video/animalkingdom_augmented/VPHGQVMP_aug1.mp4,Eating,Bison,Mammal
./video/animalkingdom_augmented/VPHGQVMP_aug2.mp4,Eating,Bison,Mammal
./video/animalkingdom_augmented/VPHJJNPO_aug0.mp4,Attending,Lion,Mammal
./video/animalkingdom_augmented/VPHJJNPO_aug1.mp4,Attending,Lion,Mammal
./video/animalkingdom_augmented/VPHJJNPO_aug2.mp4,Attending,Lion,Mammal
./video/animalkingdom_augmented/VPSUEUDX_aug0.mp4,Walking,Leopard,Mammal
./video/animalkingdom_augmented/VPSUEUDX_aug1.mp4,Walking,Leopard,Mammal
./video/animalkingdom_augmented/VPSUEUDX_aug2.mp4,Walking,Leopard,Mammal
./video/animalkingdom_augmented/VRANOBQT_aug0.mp4,Eating,Greater Mouse Deer,Mammal
./video/animalkingdom_augmented/VRANOBQT_aug1.mp4,Eating,Greater Mouse Deer,Mammal
./video/animalkingdom_augmented/VRANOBQT_aug2.mp4,Eating,Greater Mouse Deer,Mammal
./video/animalkingdom_augmented/VREFBTHG_aug0.mp4,Walking,Yellow-Backed Duiker,Mammal
./video/animalkingdom_augmented/VREFBTHG_aug1.mp4,Walking,Yellow-Backed Duiker,Mammal
./video/animalkingdom_augmented/VREFBTHG_aug2.mp4,Walking,Yellow-Backed Duiker,Mammal
./video/animalkingdom_augmented/VRXTWTHG_aug0.mp4,Walking,Red River Hog,Mammal
./video/animalkingdom_augmented/VRXTWTHG_aug1.mp4,Walking,Red River Hog,Mammal
./video/animalkingdom_augmented/VRXTWTHG_aug2.mp4,Walking,Red River Hog,Mammal
./video/animalkingdom_augmented/VSGNZXGD_aug0.mp4,Walking,Horse,Mammal
./video/animalkingdom_augmented/VSGNZXGD_aug1.mp4,Walking,Horse,Mammal
./video/animalkingdom_augmented/VSGNZXGD_aug2.mp4,Walking,Horse,Mammal
./video/animalkingdom_augmented/VSMYFUDX_aug0.mp4,Walking,Cheetah,Mammal
./video/animalkingdom_augmented/VSMYFUDX_aug1.mp4,Walking,Cheetah,Mammal
./video/animalkingdom_augmented/VSMYFUDX_aug2.mp4,Walking,Cheetah,Mammal
./video/animalkingdom_augmented/VTAEYRAC_aug0.mp4,Sensing,Capuchin Monkey,Mammal
./video/animalkingdom_augmented/VTAEYRAC_aug1.mp4,Sensing,Capuchin Monkey,Mammal
./video/animalkingdom_augmented/VTAEYRAC_aug2.mp4,Sensing,Capuchin Monkey,Mammal
./video/animalkingdom_augmented/VTVPENBD_aug0.mp4,Keeping still,Malayan Porcupine,Mammal
./video/animalkingdom_augmented/VTVPENBD_aug1.mp4,Keeping still,Malayan Porcupine,Mammal
./video/animalkingdom_augmented/VTVPENBD_aug2.mp4,Keeping still,Malayan Porcupine,Mammal
./video/animalkingdom_augmented/VUJUSRAC_aug0.mp4,Jumping,Coyote,Mammal
./video/animalkingdom_augmented/VUJUSRAC_aug1.mp4,Jumping,Coyote,Mammal
./video/animalkingdom_augmented/VUJUSRAC_aug2.mp4,Jumping,Coyote,Mammal
./video/animalkingdom_augmented/VULEBNPL_aug0.mp4,Walking,Grey Langur,Mammal
./video/animalkingdom_augmented/VULEBNPL_aug1.mp4,Walking,Grey Langur,Mammal
./video/animalkingdom_augmented/VULEBNPL_aug2.mp4,Walking,Grey Langur,Mammal
./video/animalkingdom_augmented/VURVXXGD_aug0.mp4,Running,Horse,Mammal
./video/animalkingdom_augmented/VURVXXGD_aug1.mp4,Running,Horse,Mammal
./video/animalkingdom_augmented/VURVXXGD_aug2.mp4,Running,Horse,Mammal
./video/animalkingdom_augmented/VVESKXGD_aug0.mp4,Keeping still,Kangaroo,Mammal
./video/animalkingdom_augmented/VVESKXGD_aug1.mp4,Keeping still,Kangaroo,Mammal
./video/animalkingdom_augmented/VVESKXGD_aug2.mp4,Keeping still,Kangaroo,Mammal
./video/animalkingdom_augmented/VVNPWTEK_aug0.mp4,Attending,White Tiger,Mammal
./video/animalkingdom_augmented/VVNPWTEK_aug1.mp4,Attending,White Tiger,Mammal
./video/animalkingdom_augmented/VVNPWTEK_aug2.mp4,Attending,White Tiger,Mammal
./video/animalkingdom_augmented/VVQFTRAC_aug0.mp4,Walking,Racoon,Mammal
./video/animalkingdom_augmented/VVQFTRAC_aug1.mp4,Walking,Racoon,Mammal
./video/animalkingdom_augmented/VVQFTRAC_aug2.mp4,Walking,Racoon,Mammal
./video/animalkingdom_augmented/VVTBOEZZ_aug0.mp4,Walking,Sambar Deer,Mammal
./video/animalkingdom_augmented/VVTBOEZZ_aug1.mp4,Walking,Sambar Deer,Mammal
./video/animalkingdom_augmented/VVTBOEZZ_aug2.mp4,Walking,Sambar Deer,Mammal
./video/animalkingdom_augmented/VWRISDSN_aug0.mp4,Walking,Snow Leopard,Mammal
./video/animalkingdom_augmented/VWRISDSN_aug1.mp4,Walking,Snow Leopard,Mammal
./video/animalkingdom_augmented/VWRISDSN_aug2.mp4,Walking,Snow Leopard,Mammal
./video/animalkingdom_augmented/VXTCCQCN_aug0.mp4,Walking,Ibex,Mammal
./video/animalkingdom_augmented/VXTCCQCN_aug1.mp4,Walking,Ibex,Mammal
./video/animalkingdom_augmented/VXTCCQCN_aug2.mp4,Walking,Ibex,Mammal
./video/animalkingdom_augmented/VXWSRXGD_aug0.mp4,Running,Horse,Mammal
./video/animalkingdom_augmented/VXWSRXGD_aug1.mp4,Running,Horse,Mammal
./video/animalkingdom_augmented/VXWSRXGD_aug2.mp4,Running,Horse,Mammal
./video/animalkingdom_augmented/VYYGCUDX_aug0.mp4,Walking,Leopard,Mammal
./video/animalkingdom_augmented/VYYGCUDX_aug1.mp4,Walking,Leopard,Mammal
./video/animalkingdom_augmented/VYYGCUDX_aug2.mp4,Walking,Leopard,Mammal
./video/animalkingdom_augmented/VZAYVNPL_aug0.mp4,Attending,Chimpanzee,Mammal
./video/animalkingdom_augmented/VZAYVNPL_aug1.mp4,Attending,Chimpanzee,Mammal
./video/animalkingdom_augmented/VZAYVNPL_aug2.mp4,Attending,Chimpanzee,Mammal
./video/animalkingdom_augmented/VZGTCUDX_aug0.mp4,Attending,Leopard,Mammal
./video/animalkingdom_augmented/VZGTCUDX_aug1.mp4,Attending,Leopard,Mammal
./video/animalkingdom_augmented/VZGTCUDX_aug2.mp4,Attending,Leopard,Mammal
./video/animalkingdom_augmented/VZNCZTHG_aug0.mp4,Eating,Olive Colobus,Mammal
./video/animalkingdom_augmented/VZNCZTHG_aug1.mp4,Eating,Olive Colobus,Mammal
./video/animalkingdom_augmented/VZNCZTHG_aug2.mp4,Eating,Olive Colobus,Mammal
./video/animalkingdom_augmented/VZNGJVMW_aug0.mp4,Keeping still,Mouse,Mammal
./video/animalkingdom_augmented/VZNGJVMW_aug1.mp4,Keeping still,Mouse,Mammal
./video/animalkingdom_augmented/VZNGJVMW_aug2.mp4,Keeping still,Mouse,Mammal
./video/animalkingdom_augmented/WAUTGCNX_aug0.mp4,Walking,Wolf,Mammal
./video/animalkingdom_augmented/WAUTGCNX_aug1.mp4,Walking,Wolf,Mammal
./video/animalkingdom_augmented/WAUTGCNX_aug2.mp4,Walking,Wolf,Mammal
./video/animalkingdom_augmented/WBKGUIQR_aug0.mp4,Running,Mongoose,Mammal
./video/animalkingdom_augmented/WBKGUIQR_aug1.mp4,Running,Mongoose,Mammal
./video/animalkingdom_augmented/WBKGUIQR_aug2.mp4,Running,Mongoose,Mammal
./video/animalkingdom_augmented/WBRIIXGD_aug0.mp4,Running,Horse,Mammal
./video/animalkingdom_augmented/WBRIIXGD_aug1.mp4,Running,Horse,Mammal
./video/animalkingdom_augmented/WBRIIXGD_aug2.mp4,Running,Horse,Mammal
./video/animalkingdom_augmented/WCLYVFFP_aug0.mp4,Running,Otter,Mammal
./video/animalkingdom_augmented/WCLYVFFP_aug1.mp4,Running,Otter,Mammal
./video/animalkingdom_augmented/WCLYVFFP_aug2.mp4,Running,Otter,Mammal
./video/animalkingdom_augmented/WCXUZRLL_aug0.mp4,Running,Mouse,Mammal
./video/animalkingdom_augmented/WCXUZRLL_aug1.mp4,Running,Mouse,Mammal
./video/animalkingdom_augmented/WCXUZRLL_aug2.mp4,Running,Mouse,Mammal
./video/animalkingdom_augmented/WDDLCXGD_aug0.mp4,Eating,Kangaroo,Mammal
./video/animalkingdom_augmented/WDDLCXGD_aug1.mp4,Eating,Kangaroo,Mammal
./video/animalkingdom_augmented/WDDLCXGD_aug2.mp4,Eating,Kangaroo,Mammal
./video/animalkingdom_augmented/WDSFSXGD_aug0.mp4,Running,Horse,Mammal
./video/animalkingdom_augmented/WDSFSXGD_aug1.mp4,Running,Horse,Mammal
./video/animalkingdom_augmented/WDSFSXGD_aug2.mp4,Running,Horse,Mammal
./video/animalkingdom_augmented/WEEYSAMC_aug0.mp4,Walking,Lion Young,Mammal
./video/animalkingdom_augmented/WEEYSAMC_aug1.mp4,Walking,Lion Young,Mammal
./video/animalkingdom_augmented/WEEYSAMC_aug2.mp4,Walking,Lion Young,Mammal
./video/animalkingdom_augmented/WEKKSFFP_aug0.mp4,Eating,Otter,Mammal
./video/animalkingdom_augmented/WEKKSFFP_aug1.mp4,Eating,Otter,Mammal
./video/animalkingdom_augmented/WEKKSFFP_aug2.mp4,Eating,Otter,Mammal
./video/animalkingdom_augmented/WEVILBME_aug0.mp4,Walking,Horse,Mammal
./video/animalkingdom_augmented/WEVILBME_aug1.mp4,Walking,Horse,Mammal
./video/animalkingdom_augmented/WEVILBME_aug2.mp4,Walking,Horse,Mammal
./video/animalkingdom_augmented/WFKBBXGD_aug0.mp4,Running,Horse,Mammal
./video/animalkingdom_augmented/WFKBBXGD_aug1.mp4,Running,Horse,Mammal
./video/animalkingdom_augmented/WFKBBXGD_aug2.mp4,Running,Horse,Mammal
./video/animalkingdom_augmented/WGCGUBQT_aug0.mp4,Keeping still,Raffles Banded Langur,Mammal
./video/animalkingdom_augmented/WGCGUBQT_aug1.mp4,Keeping still,Raffles Banded Langur,Mammal
./video/animalkingdom_augmented/WGCGUBQT_aug2.mp4,Keeping still,Raffles Banded Langur,Mammal
./video/animalkingdom_augmented/WGNIZTEK_aug0.mp4,Attending,Red Ruffed Lemur,Mammal
./video/animalkingdom_augmented/WGNIZTEK_aug1.mp4,Attending,Red Ruffed Lemur,Mammal
./video/animalkingdom_augmented/WGNIZTEK_aug2.mp4,Attending,Red Ruffed Lemur,Mammal
./video/animalkingdom_augmented/WGTWACNX_aug0.mp4,Walking,Wolf,Mammal
./video/animalkingdom_augmented/WGTWACNX_aug1.mp4,Walking,Wolf,Mammal
./video/animalkingdom_augmented/WGTWACNX_aug2.mp4,Walking,Wolf,Mammal
./video/animalkingdom_augmented/WHHMUBQT_aug0.mp4,Eating,Otter,Mammal
./video/animalkingdom_augmented/WHHMUBQT_aug1.mp4,Eating,Otter,Mammal
./video/animalkingdom_augmented/WHHMUBQT_aug2.mp4,Eating,Otter,Mammal
./video/animalkingdom_augmented/WIECTBQT_aug0.mp4,Eating,Plantain Squirrel,Mammal
./video/animalkingdom_augmented/WIECTBQT_aug1.mp4,Eating,Plantain Squirrel,Mammal
./video/animalkingdom_augmented/WIECTBQT_aug2.mp4,Eating,Plantain Squirrel,Mammal
./video/animalkingdom_augmented/WJDMZBQT_aug0.mp4,Eating,Raffles Banded Langur,Mammal
./video/animalkingdom_augmented/WJDMZBQT_aug1.mp4,Eating,Raffles Banded Langur,Mammal
./video/animalkingdom_augmented/WJDMZBQT_aug2.mp4,Eating,Raffles Banded Langur,Mammal
./video/animalkingdom_augmented/WKIUCXGD_aug0.mp4,Running,Horse,Mammal
./video/animalkingdom_augmented/WKIUCXGD_aug1.mp4,Running,Horse,Mammal
./video/animalkingdom_augmented/WKIUCXGD_aug2.mp4,Running,Horse,Mammal
./video/animalkingdom_augmented/WKNRKBQT_aug0.mp4,Keeping still,Greater Mouse Deer,Mammal
./video/animalkingdom_augmented/WKNRKBQT_aug1.mp4,Keeping still,Greater Mouse Deer,Mammal
./video/animalkingdom_augmented/WKNRKBQT_aug2.mp4,Keeping still,Greater Mouse Deer,Mammal
./video/animalkingdom_augmented/WKQQZUDX_aug0.mp4,Walking,African Oryx,Mammal
./video/animalkingdom_augmented/WKQQZUDX_aug1.mp4,Walking,African Oryx,Mammal
./video/animalkingdom_augmented/WKQQZUDX_aug2.mp4,Walking,African Oryx,Mammal
./video/animalkingdom_augmented/WLZCHQCN_aug0.mp4,Sensing,Ibex,Mammal
./video/animalkingdom_augmented/WLZCHQCN_aug1.mp4,Sensing,Ibex,Mammal
./video/animalkingdom_augmented/WLZCHQCN_aug2.mp4,Sensing,Ibex,Mammal
./video/animalkingdom_augmented/WMASQTCN_aug0.mp4,Walking,Horse Young,Mammal
./video/animalkingdom_augmented/WMASQTCN_aug1.mp4,Walking,Horse Young,Mammal
./video/animalkingdom_augmented/WMASQTCN_aug2.mp4,Walking,Horse Young,Mammal
./video/animalkingdom_augmented/WMCOATHG_aug0.mp4,Sensing,King Colobus,Mammal
./video/animalkingdom_augmented/WMCOATHG_aug1.mp4,Sensing,King Colobus,Mammal
./video/animalkingdom_augmented/WMCOATHG_aug2.mp4,Sensing,King Colobus,Mammal
./video/animalkingdom_augmented/WMHLJTHG_aug0.mp4,Sensing,Campbells Monkey,Mammal
./video/animalkingdom_augmented/WMHLJTHG_aug1.mp4,Sensing,Campbells Monkey,Mammal
./video/animalkingdom_augmented/WMHLJTHG_aug2.mp4,Sensing,Campbells Monkey,Mammal
./video/animalkingdom_augmented/WMWBCBQT_aug0.mp4,Eating,Raffles Banded Langur,Mammal
./video/animalkingdom_augmented/WMWBCBQT_aug1.mp4,Eating,Raffles Banded Langur,Mammal
./video/animalkingdom_augmented/WMWBCBQT_aug2.mp4,Eating,Raffles Banded Langur,Mammal
./video/animalkingdom_augmented/WNRLYBME_aug0.mp4,Running,Horse,Mammal
./video/animalkingdom_augmented/WNRLYBME_aug1.mp4,Running,Horse,Mammal
./video/animalkingdom_augmented/WNRLYBME_aug2.mp4,Running,Horse,Mammal
./video/animalkingdom_augmented/WOCUYBQT_aug0.mp4,Keeping still,Raffles Banded Langur,Mammal
./video/animalkingdom_augmented/WOCUYBQT_aug1.mp4,Keeping still,Raffles Banded Langur,Mammal
./video/animalkingdom_augmented/WOCUYBQT_aug2.mp4,Keeping still,Raffles Banded Langur,Mammal
./video/animalkingdom_augmented/WOIIZSMJ_aug0.mp4,Sensing,Marshbuck,Mammal
./video/animalkingdom_augmented/WOIIZSMJ_aug1.mp4,Sensing,Marshbuck,Mammal
./video/animalkingdom_augmented/WOIIZSMJ_aug2.mp4,Sensing,Marshbuck,Mammal
./video/animalkingdom_augmented/WOPPQEBY_aug0.mp4,Keeping still,Fox,Mammal
./video/animalkingdom_augmented/WOPPQEBY_aug1.mp4,Keeping still,Fox,Mammal
./video/animalkingdom_augmented/WOPPQEBY_aug2.mp4,Keeping still,Fox,Mammal
./video/animalkingdom_augmented/WORNWHGA_aug0.mp4,Sensing,Meerkat,Mammal
./video/animalkingdom_augmented/WORNWHGA_aug1.mp4,Sensing,Meerkat,Mammal
./video/animalkingdom_augmented/WORNWHGA_aug2.mp4,Sensing,Meerkat,Mammal
./video/animalkingdom_augmented/WRANOTEK_aug0.mp4,Attending,Meerkat,Mammal
./video/animalkingdom_augmented/WRANOTEK_aug1.mp4,Attending,Meerkat,Mammal
./video/animalkingdom_augmented/WRANOTEK_aug2.mp4,Attending,Meerkat,Mammal
./video/animalkingdom_augmented/WRQLLBQT_aug0.mp4,Eating,Raffles Banded Langur,Mammal
./video/animalkingdom_augmented/WRQLLBQT_aug1.mp4,Eating,Raffles Banded Langur,Mammal
./video/animalkingdom_augmented/WRQLLBQT_aug2.mp4,Eating,Raffles Banded Langur,Mammal
./video/animalkingdom_augmented/WRVQOBQT_aug0.mp4,Eating,Lesser Mousedeer,Mammal
./video/animalkingdom_augmented/WRVQOBQT_aug1.mp4,Eating,Lesser Mousedeer,Mammal
./video/animalkingdom_augmented/WRVQOBQT_aug2.mp4,Eating,Lesser Mousedeer,Mammal
./video/animalkingdom_augmented/WSBLPTHG_aug0.mp4,Keeping still,Red River Hog,Mammal
./video/animalkingdom_augmented/WSBLPTHG_aug1.mp4,Keeping still,Red River Hog,Mammal
./video/animalkingdom_augmented/WSBLPTHG_aug2.mp4,Keeping still,Red River Hog,Mammal
./video/animalkingdom_augmented/WUAQFEZZ_aug0.mp4,Walking,Bengal Tiger,Mammal
./video/animalkingdom_augmented/WUAQFEZZ_aug1.mp4,Walking,Bengal Tiger,Mammal
./video/animalkingdom_augmented/WUAQFEZZ_aug2.mp4,Walking,Bengal Tiger,Mammal
./video/animalkingdom_augmented/WUXVGNSU_aug0.mp4,Walking,Hyena,Mammal
./video/animalkingdom_augmented/WUXVGNSU_aug1.mp4,Walking,Hyena,Mammal
./video/animalkingdom_augmented/WUXVGNSU_aug2.mp4,Walking,Hyena,Mammal
./video/animalkingdom_augmented/WVTLUUDX_aug0.mp4,Walking,Cheetah,Mammal
./video/animalkingdom_augmented/WVTLUUDX_aug1.mp4,Walking,Cheetah,Mammal
./video/animalkingdom_augmented/WVTLUUDX_aug2.mp4,Walking,Cheetah,Mammal
./video/animalkingdom_augmented/WYJZHGCS_aug0.mp4,Walking,Giraffe,Mammal
./video/animalkingdom_augmented/WYJZHGCS_aug1.mp4,Walking,Giraffe,Mammal
./video/animalkingdom_augmented/WYJZHGCS_aug2.mp4,Walking,Giraffe,Mammal
./video/animalkingdom_augmented/WYMPJHGA_aug0.mp4,Attending,Meerkat,Mammal
./video/animalkingdom_augmented/WYMPJHGA_aug1.mp4,Attending,Meerkat,Mammal
./video/animalkingdom_augmented/WYMPJHGA_aug2.mp4,Attending,Meerkat,Mammal
./video/animalkingdom_augmented/WZNVOFFP_aug0.mp4,Running,Maroon Macaque,Mammal
./video/animalkingdom_augmented/WZNVOFFP_aug1.mp4,Running,Maroon Macaque,Mammal
./video/animalkingdom_augmented/WZNVOFFP_aug2.mp4,Running,Maroon Macaque,Mammal
./video/animalkingdom_augmented/WZUCGUDX_aug0.mp4,Walking,Leopard,Mammal
./video/animalkingdom_augmented/WZUCGUDX_aug1.mp4,Walking,Leopard,Mammal
./video/animalkingdom_augmented/WZUCGUDX_aug2.mp4,Walking,Leopard,Mammal
./video/animalkingdom_augmented/WZUIAXGD_aug0.mp4,Attending,Dog,Mammal
./video/animalkingdom_augmented/WZUIAXGD_aug1.mp4,Attending,Dog,Mammal
./video/animalkingdom_augmented/WZUIAXGD_aug2.mp4,Attending,Dog,Mammal
./video/animalkingdom_augmented/WZUNXUDX_aug0.mp4,Walking,Wildebeest,Mammal
./video/animalkingdom_augmented/WZUNXUDX_aug1.mp4,Walking,Wildebeest,Mammal
./video/animalkingdom_augmented/WZUNXUDX_aug2.mp4,Walking,Wildebeest,Mammal
./video/animalkingdom_augmented/WZXPNXGD_aug0.mp4,Running,Horse,Mammal
./video/animalkingdom_augmented/WZXPNXGD_aug1.mp4,Running,Horse,Mammal
./video/animalkingdom_augmented/WZXPNXGD_aug2.mp4,Running,Horse,Mammal
./video/animalkingdom_augmented/XAJSPKEW_aug0.mp4,Running,Pika,Mammal
./video/animalkingdom_augmented/XAJSPKEW_aug1.mp4,Running,Pika,Mammal
./video/animalkingdom_augmented/XAJSPKEW_aug2.mp4,Running,Pika,Mammal
./video/animalkingdom_augmented/XAPSLVMP_aug0.mp4,Keeping still,Bison,Mammal
./video/animalkingdom_augmented/XAPSLVMP_aug1.mp4,Keeping still,Bison,Mammal
./video/animalkingdom_augmented/XAPSLVMP_aug2.mp4,Keeping still,Bison,Mammal
./video/animalkingdom_augmented/XATQFKEW_aug0.mp4,Running,Pika,Mammal
./video/animalkingdom_augmented/XATQFKEW_aug1.mp4,Running,Pika,Mammal
./video/animalkingdom_augmented/XATQFKEW_aug2.mp4,Running,Pika,Mammal
./video/animalkingdom_augmented/XAXTAKTR_aug0.mp4,Keeping still,Mouse,Mammal
./video/animalkingdom_augmented/XAXTAKTR_aug1.mp4,Keeping still,Mouse,Mammal
./video/animalkingdom_augmented/XAXTAKTR_aug2.mp4,Keeping still,Mouse,Mammal
./video/animalkingdom_augmented/XBGXWNJC_aug0.mp4,Attending,Cheetah,Mammal
./video/animalkingdom_augmented/XBGXWNJC_aug1.mp4,Attending,Cheetah,Mammal
./video/animalkingdom_augmented/XBGXWNJC_aug2.mp4,Attending,Cheetah,Mammal
./video/animalkingdom_augmented/XBYOARLL_aug0.mp4,Sensing,Southern Grasshopper Mouse,Mammal
./video/animalkingdom_augmented/XBYOARLL_aug1.mp4,Sensing,Southern Grasshopper Mouse,Mammal
./video/animalkingdom_augmented/XBYOARLL_aug2.mp4,Sensing,Southern Grasshopper Mouse,Mammal
./video/animalkingdom_augmented/XCDEDMHZ_aug0.mp4,Eating,Horse Young,Mammal
./video/animalkingdom_augmented/XCDEDMHZ_aug1.mp4,Eating,Horse Young,Mammal
./video/animalkingdom_augmented/XCDEDMHZ_aug2.mp4,Eating,Horse Young,Mammal
./video/animalkingdom_augmented/XCLFRBQT_aug0.mp4,Attending,Raffles Banded Langur,Mammal
./video/animalkingdom_augmented/XCLFRBQT_aug1.mp4,Attending,Raffles Banded Langur,Mammal
./video/animalkingdom_augmented/XCLFRBQT_aug2.mp4,Attending,Raffles Banded Langur,Mammal
./video/animalkingdom_augmented/XCQEYBQT_aug0.mp4,Attending,Greater Mouse Deer,Mammal
./video/animalkingdom_augmented/XCQEYBQT_aug1.mp4,Attending,Greater Mouse Deer,Mammal
./video/animalkingdom_augmented/XCQEYBQT_aug2.mp4,Attending,Greater Mouse Deer,Mammal
./video/animalkingdom_augmented/XDVZUFGA_aug0.mp4,Walking,Wolf,Mammal
./video/animalkingdom_augmented/XDVZUFGA_aug1.mp4,Walking,Wolf,Mammal
./video/animalkingdom_augmented/XDVZUFGA_aug2.mp4,Walking,Wolf,Mammal
./video/animalkingdom_augmented/XEAGNXDO_aug0.mp4,Walking,Lion,Mammal
./video/animalkingdom_augmented/XEAGNXDO_aug1.mp4,Walking,Lion,Mammal
./video/animalkingdom_augmented/XEAGNXDO_aug2.mp4,Walking,Lion,Mammal
./video/animalkingdom_augmented/XFIHQEBY_aug0.mp4,Walking,Fox,Mammal
./video/animalkingdom_augmented/XFIHQEBY_aug1.mp4,Walking,Fox,Mammal
./video/animalkingdom_augmented/XFIHQEBY_aug2.mp4,Walking,Fox,Mammal
./video/animalkingdom_augmented/XGKJCBQT_aug0.mp4,Keeping still,Raffles Banded Langur,Mammal
./video/animalkingdom_augmented/XGKJCBQT_aug1.mp4,Keeping still,Raffles Banded Langur,Mammal
./video/animalkingdom_augmented/XGKJCBQT_aug2.mp4,Keeping still,Raffles Banded Langur,Mammal
./video/animalkingdom_augmented/XGTSONSU_aug0.mp4,Walking,Hyena,Mammal
./video/animalkingdom_augmented/XGTSONSU_aug1.mp4,Walking,Hyena,Mammal
./video/animalkingdom_augmented/XGTSONSU_aug2.mp4,Walking,Hyena,Mammal
./video/animalkingdom_augmented/XIKWDBQT_aug0.mp4,Attending,Raffles Banded Langur,Mammal
./video/animalkingdom_augmented/XIKWDBQT_aug1.mp4,Attending,Raffles Banded Langur,Mammal
./video/animalkingdom_augmented/XIKWDBQT_aug2.mp4,Attending,Raffles Banded Langur,Mammal
./video/animalkingdom_augmented/XJNPBRAC_aug0.mp4,Walking,Capuchin Monkey,Mammal
./video/animalkingdom_augmented/XJNPBRAC_aug1.mp4,Walking,Capuchin Monkey,Mammal
./video/animalkingdom_augmented/XJNPBRAC_aug2.mp4,Walking,Capuchin Monkey,Mammal
./video/animalkingdom_augmented/XKDIPRLL_aug0.mp4,Walking,Mouse,Mammal
./video/animalkingdom_augmented/XKDIPRLL_aug1.mp4,Walking,Mouse,Mammal
./video/animalkingdom_augmented/XKDIPRLL_aug2.mp4,Walking,Mouse,Mammal
./video/animalkingdom_augmented/XLCQTUDX_aug0.mp4,Walking,Leopard,Mammal
./video/animalkingdom_augmented/XLCQTUDX_aug1.mp4,Walking,Leopard,Mammal
./video/animalkingdom_augmented/XLCQTUDX_aug2.mp4,Walking,Leopard,Mammal
./video/animalkingdom_augmented/XLPAQXGD_aug0.mp4,Walking,Horse,Mammal
./video/animalkingdom_augmented/XLPAQXGD_aug1.mp4,Walking,Horse,Mammal
./video/animalkingdom_augmented/XLPAQXGD_aug2.mp4,Walking,Horse,Mammal
./video/animalkingdom_augmented/XMMRKDSN_aug0.mp4,Running,Snow Leopard,Mammal
./video/animalkingdom_augmented/XMMRKDSN_aug1.mp4,Running,Snow Leopard,Mammal
./video/animalkingdom_augmented/XMMRKDSN_aug2.mp4,Running,Snow Leopard,Mammal
./video/animalkingdom_augmented/XOAJLTHG_aug0.mp4,Attending,Campbells Monkey,Mammal
./video/animalkingdom_augmented/XOAJLTHG_aug1.mp4,Attending,Campbells Monkey,Mammal
./video/animalkingdom_augmented/XOAJLTHG_aug2.mp4,Attending,Campbells Monkey,Mammal
./video/animalkingdom_augmented/XOOHHUDX_aug0.mp4,Walking,Elephant,Mammal
./video/animalkingdom_augmented/XOOHHUDX_aug1.mp4,Walking,Elephant,Mammal
./video/animalkingdom_augmented/XOOHHUDX_aug2.mp4,Walking,Elephant,Mammal
./video/animalkingdom_augmented/XQTLYMYV_aug0.mp4,Sensing,Gorilla,Mammal
./video/animalkingdom_augmented/XQTLYMYV_aug1.mp4,Sensing,Gorilla,Mammal
./video/animalkingdom_augmented/XQTLYMYV_aug2.mp4,Sensing,Gorilla,Mammal
./video/animalkingdom_augmented/XQYXSXGD_aug0.mp4,Walking,Horse,Mammal
./video/animalkingdom_augmented/XQYXSXGD_aug1.mp4,Walking,Horse,Mammal
./video/animalkingdom_augmented/XQYXSXGD_aug2.mp4,Walking,Horse,Mammal
./video/animalkingdom_augmented/XRFXXRAC_aug0.mp4,Walking,Capuchin Monkey,Mammal
./video/animalkingdom_augmented/XRFXXRAC_aug1.mp4,Walking,Capuchin Monkey,Mammal
./video/animalkingdom_augmented/XRFXXRAC_aug2.mp4,Walking,Capuchin Monkey,Mammal
./video/animalkingdom_augmented/XRTWVFGA_aug0.mp4,Walking,Wolf,Mammal
./video/animalkingdom_augmented/XRTWVFGA_aug1.mp4,Walking,Wolf,Mammal
./video/animalkingdom_augmented/XRTWVFGA_aug2.mp4,Walking,Wolf,Mammal
./video/animalkingdom_augmented/XSKHAVYU_aug0.mp4,Attending,Leopard,Mammal
./video/animalkingdom_augmented/XSKHAVYU_aug1.mp4,Attending,Leopard,Mammal
./video/animalkingdom_augmented/XSKHAVYU_aug2.mp4,Attending,Leopard,Mammal
./video/animalkingdom_augmented/XSOAWXGD_aug0.mp4,Running,Horse,Mammal
./video/animalkingdom_augmented/XSOAWXGD_aug1.mp4,Running,Horse,Mammal
./video/animalkingdom_augmented/XSOAWXGD_aug2.mp4,Running,Horse,Mammal
./video/animalkingdom_augmented/XSSZNKEW_aug0.mp4,Keeping still,Cheetah,Mammal
./video/animalkingdom_augmented/XSSZNKEW_aug1.mp4,Keeping still,Cheetah,Mammal
./video/animalkingdom_augmented/XSSZNKEW_aug2.mp4,Keeping still,Cheetah,Mammal
./video/animalkingdom_augmented/XTJMAXGD_aug0.mp4,Walking,Horse,Mammal
./video/animalkingdom_augmented/XTJMAXGD_aug1.mp4,Walking,Horse,Mammal
./video/animalkingdom_augmented/XTJMAXGD_aug2.mp4,Walking,Horse,Mammal
./video/animalkingdom_augmented/XTQLFRAC_aug0.mp4,Walking,White Nosed Coati,Mammal
./video/animalkingdom_augmented/XTQLFRAC_aug1.mp4,Walking,White Nosed Coati,Mammal
./video/animalkingdom_augmented/XTQLFRAC_aug2.mp4,Walking,White Nosed Coati,Mammal
./video/animalkingdom_augmented/XUTEXXGD_aug0.mp4,Keeping still,Kangaroo,Mammal
./video/animalkingdom_augmented/XUTEXXGD_aug1.mp4,Keeping still,Kangaroo,Mammal
./video/animalkingdom_augmented/XUTEXXGD_aug2.mp4,Keeping still,Kangaroo,Mammal
./video/animalkingdom_augmented/XVIHQBQT_aug0.mp4,Jumping,Raffles Banded Langur,Mammal
./video/animalkingdom_augmented/XVIHQBQT_aug1.mp4,Jumping,Raffles Banded Langur,Mammal
./video/animalkingdom_augmented/XVIHQBQT_aug2.mp4,Jumping,Raffles Banded Langur,Mammal
./video/animalkingdom_augmented/XWEVERAC_aug0.mp4,Walking,Tamandua,Mammal
./video/animalkingdom_augmented/XWEVERAC_aug1.mp4,Walking,Tamandua,Mammal
./video/animalkingdom_augmented/XWEVERAC_aug2.mp4,Walking,Tamandua,Mammal
./video/animalkingdom_augmented/XXHVQBQT_aug0.mp4,Jumping,Raffles Banded Langur,Mammal
./video/animalkingdom_augmented/XXHVQBQT_aug1.mp4,Jumping,Raffles Banded Langur,Mammal
./video/animalkingdom_augmented/XXHVQBQT_aug2.mp4,Jumping,Raffles Banded Langur,Mammal
./video/animalkingdom_augmented/XYXUJIMN_aug0.mp4,Walking,Marbled Cat,Mammal
./video/animalkingdom_augmented/XYXUJIMN_aug1.mp4,Walking,Marbled Cat,Mammal
./video/animalkingdom_augmented/XYXUJIMN_aug2.mp4,Walking,Marbled Cat,Mammal
./video/animalkingdom_augmented/YBSATFGA_aug0.mp4,Running,Wolf,Mammal
./video/animalkingdom_augmented/YBSATFGA_aug1.mp4,Running,Wolf,Mammal
./video/animalkingdom_augmented/YBSATFGA_aug2.mp4,Running,Wolf,Mammal
./video/animalkingdom_augmented/YBSWUGCS_aug0.mp4,Running,Elephant,Mammal
./video/animalkingdom_augmented/YBSWUGCS_aug1.mp4,Running,Elephant,Mammal
./video/animalkingdom_augmented/YBSWUGCS_aug2.mp4,Running,Elephant,Mammal
./video/animalkingdom_augmented/YCSCMFGA_aug0.mp4,Walking,Caribou,Mammal
./video/animalkingdom_augmented/YCSCMFGA_aug1.mp4,Walking,Caribou,Mammal
./video/animalkingdom_augmented/YCSCMFGA_aug2.mp4,Walking,Caribou,Mammal
./video/animalkingdom_augmented/YDLJBIMN_aug0.mp4,Walking,Asian Tapir,Mammal
./video/animalkingdom_augmented/YDLJBIMN_aug1.mp4,Walking,Asian Tapir,Mammal
./video/animalkingdom_augmented/YDLJBIMN_aug2.mp4,Walking,Asian Tapir,Mammal
./video/animalkingdom_augmented/YDMHPUDX_aug0.mp4,Keeping still,Zebra,Mammal
./video/animalkingdom_augmented/YDMHPUDX_aug1.mp4,Keeping still,Zebra,Mammal
./video/animalkingdom_augmented/YDMHPUDX_aug2.mp4,Keeping still,Zebra,Mammal
./video/animalkingdom_augmented/YDYNZXGD_aug0.mp4,Walking,Horse,Mammal
./video/animalkingdom_augmented/YDYNZXGD_aug1.mp4,Walking,Horse,Mammal
./video/animalkingdom_augmented/YDYNZXGD_aug2.mp4,Walking,Horse,Mammal
./video/animalkingdom_augmented/YEXJPWBC_aug0.mp4,Running,Mongoose,Mammal
./video/animalkingdom_augmented/YEXJPWBC_aug1.mp4,Running,Mongoose,Mammal
./video/animalkingdom_augmented/YEXJPWBC_aug2.mp4,Running,Mongoose,Mammal
./video/animalkingdom_augmented/YEYILXGD_aug0.mp4,Walking,Dog,Mammal
./video/animalkingdom_augmented/YEYILXGD_aug1.mp4,Walking,Dog,Mammal
./video/animalkingdom_augmented/YEYILXGD_aug2.mp4,Walking,Dog,Mammal
./video/animalkingdom_augmented/YFFMSFGA_aug0.mp4,Running,Caribou,Mammal
./video/animalkingdom_augmented/YFFMSFGA_aug1.mp4,Running,Caribou,Mammal
./video/animalkingdom_augmented/YFFMSFGA_aug2.mp4,Running,Caribou,Mammal
./video/animalkingdom_augmented/YFQALQCN_aug0.mp4,Walking,Ibex,Mammal
./video/animalkingdom_augmented/YFQALQCN_aug1.mp4,Walking,Ibex,Mammal
./video/animalkingdom_augmented/YFQALQCN_aug2.mp4,Walking,Ibex,Mammal
./video/animalkingdom_augmented/YGINATHG_aug0.mp4,Attending,Campbells Monkey,Mammal
./video/animalkingdom_augmented/YGINATHG_aug1.mp4,Attending,Campbells Monkey,Mammal
./video/animalkingdom_augmented/YGINATHG_aug2.mp4,Attending,Campbells Monkey,Mammal
./video/animalkingdom_augmented/YHLTVFFP_aug0.mp4,Sensing,Maroon Macaque,Mammal
./video/animalkingdom_augmented/YHLTVFFP_aug1.mp4,Sensing,Maroon Macaque,Mammal
./video/animalkingdom_augmented/YHLTVFFP_aug2.mp4,Sensing,Maroon Macaque,Mammal
./video/animalkingdom_augmented/YHTQTQCN_aug0.mp4,Walking,Ibex,Mammal
./video/animalkingdom_augmented/YHTQTQCN_aug1.mp4,Walking,Ibex,Mammal
./video/animalkingdom_augmented/YHTQTQCN_aug2.mp4,Walking,Ibex,Mammal
./video/animalkingdom_augmented/YIWNGXGD_aug0.mp4,Running,Horse,Mammal
./video/animalkingdom_augmented/YIWNGXGD_aug1.mp4,Running,Horse,Mammal
./video/animalkingdom_augmented/YIWNGXGD_aug2.mp4,Running,Horse,Mammal
./video/animalkingdom_augmented/YJQYTRAC_aug0.mp4,Attending,Agouti,Mammal
./video/animalkingdom_augmented/YJQYTRAC_aug1.mp4,Attending,Agouti,Mammal
./video/animalkingdom_augmented/YJQYTRAC_aug2.mp4,Attending,Agouti,Mammal
./video/animalkingdom_augmented/YJZATXGD_aug0.mp4,Walking,Echina,Mammal
./video/animalkingdom_augmented/YJZATXGD_aug1.mp4,Walking,Echina,Mammal
./video/animalkingdom_augmented/YJZATXGD_aug2.mp4,Walking,Echina,Mammal
./video/animalkingdom_augmented/YKCGNBQT_aug0.mp4,Jumping,Raffles Banded Langur,Mammal
./video/animalkingdom_augmented/YKCGNBQT_aug1.mp4,Jumping,Raffles Banded Langur,Mammal
./video/animalkingdom_augmented/YKCGNBQT_aug2.mp4,Jumping,Raffles Banded Langur,Mammal
./video/animalkingdom_augmented/YKEBWZON_aug0.mp4,Eating,Elephant,Mammal
./video/animalkingdom_augmented/YKEBWZON_aug1.mp4,Eating,Elephant,Mammal
./video/animalkingdom_augmented/YKEBWZON_aug2.mp4,Eating,Elephant,Mammal
./video/animalkingdom_augmented/YLITPBQT_aug0.mp4,Eating,Plantain Squirrel,Mammal
./video/animalkingdom_augmented/YLITPBQT_aug1.mp4,Eating,Plantain Squirrel,Mammal
./video/animalkingdom_augmented/YLITPBQT_aug2.mp4,Eating,Plantain Squirrel,Mammal
./video/animalkingdom_augmented/YLOXBXGD_aug0.mp4,Running,Horse,Mammal
./video/animalkingdom_augmented/YLOXBXGD_aug1.mp4,Running,Horse,Mammal
./video/animalkingdom_augmented/YLOXBXGD_aug2.mp4,Running,Horse,Mammal
./video/animalkingdom_augmented/YLZBNFGA_aug0.mp4,Running,Wild Dog,Mammal
./video/animalkingdom_augmented/YLZBNFGA_aug1.mp4,Running,Wild Dog,Mammal
./video/animalkingdom_augmented/YLZBNFGA_aug2.mp4,Running,Wild Dog,Mammal
./video/animalkingdom_augmented/YMBPTRAC_aug0.mp4,Keeping still,Agouti,Mammal
./video/animalkingdom_augmented/YMBPTRAC_aug1.mp4,Keeping still,Agouti,Mammal
./video/animalkingdom_augmented/YMBPTRAC_aug2.mp4,Keeping still,Agouti,Mammal
./video/animalkingdom_augmented/YMCRZUPH_aug0.mp4,Eating,Squirrel,Mammal
./video/animalkingdom_augmented/YMCRZUPH_aug1.mp4,Eating,Squirrel,Mammal
./video/animalkingdom_augmented/YMCRZUPH_aug2.mp4,Eating,Squirrel,Mammal
./video/animalkingdom_augmented/YNKRCRAC_aug0.mp4,Walking,Racoon,Mammal
./video/animalkingdom_augmented/YNKRCRAC_aug1.mp4,Walking,Racoon,Mammal
./video/animalkingdom_augmented/YNKRCRAC_aug2.mp4,Walking,Racoon,Mammal
./video/animalkingdom_augmented/YNOZOQCN_aug0.mp4,Sensing,Ibex,Mammal
./video/animalkingdom_augmented/YNOZOQCN_aug1.mp4,Sensing,Ibex,Mammal
./video/animalkingdom_augmented/YNOZOQCN_aug2.mp4,Sensing,Ibex,Mammal
./video/animalkingdom_augmented/YNRFIXGD_aug0.mp4,Running,Horse,Mammal
./video/animalkingdom_augmented/YNRFIXGD_aug1.mp4,Running,Horse,Mammal
./video/animalkingdom_augmented/YNRFIXGD_aug2.mp4,Running,Horse,Mammal
./video/animalkingdom_augmented/YOHBCTEK_aug0.mp4,Walking,White Rhinoceros,Mammal
./video/animalkingdom_augmented/YOHBCTEK_aug1.mp4,Walking,White Rhinoceros,Mammal
./video/animalkingdom_augmented/YOHBCTEK_aug2.mp4,Walking,White Rhinoceros,Mammal
./video/animalkingdom_augmented/YOQBGVYU_aug0.mp4,Walking,Leopard,Mammal
./video/animalkingdom_augmented/YOQBGVYU_aug1.mp4,Walking,Leopard,Mammal
./video/animalkingdom_augmented/YOQBGVYU_aug2.mp4,Walking,Leopard,Mammal
./video/animalkingdom_augmented/YQMGIVYU_aug0.mp4,Sensing,Leopard,Mammal
./video/animalkingdom_augmented/YQMGIVYU_aug1.mp4,Sensing,Leopard,Mammal
./video/animalkingdom_augmented/YQMGIVYU_aug2.mp4,Sensing,Leopard,Mammal
./video/animalkingdom_augmented/YRLCQRAC_aug0.mp4,Walking,Opossum,Mammal
./video/animalkingdom_augmented/YRLCQRAC_aug1.mp4,Walking,Opossum,Mammal
./video/animalkingdom_augmented/YRLCQRAC_aug2.mp4,Walking,Opossum,Mammal
./video/animalkingdom_augmented/YRPRBRAC_aug0.mp4,Running,White Nosed Coati,Mammal
./video/animalkingdom_augmented/YRPRBRAC_aug1.mp4,Running,White Nosed Coati,Mammal
./video/animalkingdom_augmented/YRPRBRAC_aug2.mp4,Running,White Nosed Coati,Mammal
./video/animalkingdom_augmented/YRWRWNPL_aug0.mp4,Jumping,Squirrel,Mammal
./video/animalkingdom_augmented/YRWRWNPL_aug1.mp4,Jumping,Squirrel,Mammal
./video/animalkingdom_augmented/YRWRWNPL_aug2.mp4,Jumping,Squirrel,Mammal
./video/animalkingdom_augmented/YSVFJCNX_aug0.mp4,Walking,Wolf,Mammal
./video/animalkingdom_augmented/YSVFJCNX_aug1.mp4,Walking,Wolf,Mammal
./video/animalkingdom_augmented/YSVFJCNX_aug2.mp4,Walking,Wolf,Mammal
./video/animalkingdom_augmented/YSWYIBME_aug0.mp4,Eating,Horse,Mammal
./video/animalkingdom_augmented/YSWYIBME_aug1.mp4,Eating,Horse,Mammal
./video/animalkingdom_augmented/YSWYIBME_aug2.mp4,Eating,Horse,Mammal
./video/animalkingdom_augmented/YSXPPBQT_aug0.mp4,Keeping still,Greater Mouse Deer,Mammal
./video/animalkingdom_augmented/YSXPPBQT_aug1.mp4,Keeping still,Greater Mouse Deer,Mammal
./video/animalkingdom_augmented/YSXPPBQT_aug2.mp4,Keeping still,Greater Mouse Deer,Mammal
./video/animalkingdom_augmented/YTDEHWBC_aug0.mp4,Keeping still,Mongoose,Mammal
./video/animalkingdom_augmented/YTDEHWBC_aug1.mp4,Keeping still,Mongoose,Mammal
./video/animalkingdom_augmented/YTDEHWBC_aug2.mp4,Keeping still,Mongoose,Mammal
./video/animalkingdom_augmented/YXJGIUDX_aug0.mp4,Walking,Elephant,Mammal
./video/animalkingdom_augmented/YXJGIUDX_aug1.mp4,Walking,Elephant,Mammal
./video/animalkingdom_augmented/YXJGIUDX_aug2.mp4,Walking,Elephant,Mammal
./video/animalkingdom_augmented/YYNJITEK_aug0.mp4,Sensing,Red-Ruffed Lemur,Mammal
./video/animalkingdom_augmented/YYNJITEK_aug1.mp4,Sensing,Red-Ruffed Lemur,Mammal
./video/animalkingdom_augmented/YYNJITEK_aug2.mp4,Sensing,Red-Ruffed Lemur,Mammal
./video/animalkingdom_augmented/ZACRFDPO_aug0.mp4,Sensing,Leopard,Mammal
./video/animalkingdom_augmented/ZACRFDPO_aug1.mp4,Sensing,Leopard,Mammal
./video/animalkingdom_augmented/ZACRFDPO_aug2.mp4,Sensing,Leopard,Mammal
./video/animalkingdom_augmented/ZEJKKDSN_aug0.mp4,Sensing,Jaculus Jaculus,Mammal
./video/animalkingdom_augmented/ZEJKKDSN_aug1.mp4,Sensing,Jaculus Jaculus,Mammal
./video/animalkingdom_augmented/ZEJKKDSN_aug2.mp4,Sensing,Jaculus Jaculus,Mammal
./video/animalkingdom_augmented/ZFQVBXGD_aug0.mp4,Eating,Kangaroo,Mammal
./video/animalkingdom_augmented/ZFQVBXGD_aug1.mp4,Eating,Kangaroo,Mammal
./video/animalkingdom_augmented/ZFQVBXGD_aug2.mp4,Eating,Kangaroo,Mammal
./video/animalkingdom_augmented/ZGKKBTCN_aug0.mp4,Walking,Horse Young,Mammal
./video/animalkingdom_augmented/ZGKKBTCN_aug1.mp4,Walking,Horse Young,Mammal
./video/animalkingdom_augmented/ZGKKBTCN_aug2.mp4,Walking,Horse Young,Mammal
./video/animalkingdom_augmented/ZGLTOTHG_aug0.mp4,Attending,Campbells Monkey,Mammal
./video/animalkingdom_augmented/ZGLTOTHG_aug1.mp4,Attending,Campbells Monkey,Mammal
./video/animalkingdom_augmented/ZGLTOTHG_aug2.mp4,Attending,Campbells Monkey,Mammal
./video/animalkingdom_augmented/ZGNADXGD_aug0.mp4,Running,Dog,Mammal
./video/animalkingdom_augmented/ZGNADXGD_aug1.mp4,Running,Dog,Mammal
./video/animalkingdom_augmented/ZGNADXGD_aug2.mp4,Running,Dog,Mammal
./video/animalkingdom_augmented/ZGQWJRAC_aug0.mp4,Walking,Racoon,Mammal
./video/animalkingdom_augmented/ZGQWJRAC_aug1.mp4,Walking,Racoon,Mammal
./video/animalkingdom_augmented/ZGQWJRAC_aug2.mp4,Walking,Racoon,Mammal
./video/animalkingdom_augmented/ZGSQSBME_aug0.mp4,Walking,Horse,Mammal
./video/animalkingdom_augmented/ZGSQSBME_aug1.mp4,Walking,Horse,Mammal
./video/animalkingdom_augmented/ZGSQSBME_aug2.mp4,Walking,Horse,Mammal
./video/animalkingdom_augmented/ZHXSIKTR_aug0.mp4,Keeping still,Mouse,Mammal
./video/animalkingdom_augmented/ZHXSIKTR_aug1.mp4,Keeping still,Mouse,Mammal
./video/animalkingdom_augmented/ZHXSIKTR_aug2.mp4,Keeping still,Mouse,Mammal
./video/animalkingdom_augmented/ZJZMUTHG_aug0.mp4,Walking,Red River Hog,Mammal
./video/animalkingdom_augmented/ZJZMUTHG_aug1.mp4,Walking,Red River Hog,Mammal
./video/animalkingdom_augmented/ZJZMUTHG_aug2.mp4,Walking,Red River Hog,Mammal
./video/animalkingdom_augmented/ZKCGGXGD_aug0.mp4,Jumping,Kangaroo,Mammal
./video/animalkingdom_augmented/ZKCGGXGD_aug1.mp4,Jumping,Kangaroo,Mammal
./video/animalkingdom_augmented/ZKCGGXGD_aug2.mp4,Jumping,Kangaroo,Mammal
./video/animalkingdom_augmented/ZKDDYCEI_aug0.mp4,Walking,Chimpanzee,Mammal
./video/animalkingdom_augmented/ZKDDYCEI_aug1.mp4,Walking,Chimpanzee,Mammal
./video/animalkingdom_augmented/ZKDDYCEI_aug2.mp4,Walking,Chimpanzee,Mammal
./video/animalkingdom_augmented/ZKEUJGCS_aug0.mp4,Running,Lion,Mammal
./video/animalkingdom_augmented/ZKEUJGCS_aug1.mp4,Running,Lion,Mammal
./video/animalkingdom_augmented/ZKEUJGCS_aug2.mp4,Running,Lion,Mammal
./video/animalkingdom_augmented/ZKGPKTEK_aug0.mp4,Sensing,Meerkat,Mammal
./video/animalkingdom_augmented/ZKGPKTEK_aug1.mp4,Sensing,Meerkat,Mammal
./video/animalkingdom_augmented/ZKGPKTEK_aug2.mp4,Sensing,Meerkat,Mammal
./video/animalkingdom_augmented/ZKKIJBQT_aug0.mp4,Eating,Greater Mouse Deer,Mammal
./video/animalkingdom_augmented/ZKKIJBQT_aug1.mp4,Eating,Greater Mouse Deer,Mammal
./video/animalkingdom_augmented/ZKKIJBQT_aug2.mp4,Eating,Greater Mouse Deer,Mammal
./video/animalkingdom_augmented/ZLBHWDPR_aug0.mp4,Walking,Capuchin Monkey,Mammal
./video/animalkingdom_augmented/ZLBHWDPR_aug1.mp4,Walking,Capuchin Monkey,Mammal
./video/animalkingdom_augmented/ZLBHWDPR_aug2.mp4,Walking,Capuchin Monkey,Mammal
./video/animalkingdom_augmented/ZLNBTVYU_aug0.mp4,Walking,Leopard,Mammal
./video/animalkingdom_augmented/ZLNBTVYU_aug1.mp4,Walking,Leopard,Mammal
./video/animalkingdom_augmented/ZLNBTVYU_aug2.mp4,Walking,Leopard,Mammal
./video/animalkingdom_augmented/ZLZGGXGD_aug0.mp4,Attending,Horse,Mammal
./video/animalkingdom_augmented/ZLZGGXGD_aug1.mp4,Attending,Horse,Mammal
./video/animalkingdom_augmented/ZLZGGXGD_aug2.mp4,Attending,Horse,Mammal
./video/animalkingdom_augmented/ZMMKTXGD_aug0.mp4,Sensing,Horse,Mammal
./video/animalkingdom_augmented/ZMMKTXGD_aug1.mp4,Sensing,Horse,Mammal
./video/animalkingdom_augmented/ZMMKTXGD_aug2.mp4,Sensing,Horse,Mammal
./video/animalkingdom_augmented/ZNIVVAMC_aug0.mp4,Walking,Lion Young,Mammal
./video/animalkingdom_augmented/ZNIVVAMC_aug1.mp4,Walking,Lion Young,Mammal
./video/animalkingdom_augmented/ZNIVVAMC_aug2.mp4,Walking,Lion Young,Mammal
./video/animalkingdom_augmented/ZNNXYEZZ_aug0.mp4,Attending,Sambar Deer,Mammal
./video/animalkingdom_augmented/ZNNXYEZZ_aug1.mp4,Attending,Sambar Deer,Mammal
./video/animalkingdom_augmented/ZNNXYEZZ_aug2.mp4,Attending,Sambar Deer,Mammal
./video/animalkingdom_augmented/ZNRVZHGA_aug0.mp4,Attending,Meerkat,Mammal
./video/animalkingdom_augmented/ZNRVZHGA_aug1.mp4,Attending,Meerkat,Mammal
./video/animalkingdom_augmented/ZNRVZHGA_aug2.mp4,Attending,Meerkat,Mammal
./video/animalkingdom_augmented/ZOEKYFYY_aug0.mp4,Attending,Otter,Mammal
./video/animalkingdom_augmented/ZOEKYFYY_aug1.mp4,Attending,Otter,Mammal
./video/animalkingdom_augmented/ZOEKYFYY_aug2.mp4,Attending,Otter,Mammal
./video/animalkingdom_augmented/ZOSSITCN_aug0.mp4,Walking,Horse Young,Mammal
./video/animalkingdom_augmented/ZOSSITCN_aug1.mp4,Walking,Horse Young,Mammal
./video/animalkingdom_augmented/ZOSSITCN_aug2.mp4,Walking,Horse Young,Mammal
./video/animalkingdom_augmented/ZOTKPRSU_aug0.mp4,Running,Wolf,Mammal
./video/animalkingdom_augmented/ZOTKPRSU_aug1.mp4,Running,Wolf,Mammal
./video/animalkingdom_augmented/ZOTKPRSU_aug2.mp4,Running,Wolf,Mammal
./video/animalkingdom_augmented/ZOXWLEBY_aug0.mp4,Sensing,Fox,Mammal
./video/animalkingdom_augmented/ZOXWLEBY_aug1.mp4,Sensing,Fox,Mammal
./video/animalkingdom_augmented/ZOXWLEBY_aug2.mp4,Sensing,Fox,Mammal
./video/animalkingdom_augmented/ZPWXTBQT_aug0.mp4,Attending,Greater Mouse Deer,Mammal
./video/animalkingdom_augmented/ZPWXTBQT_aug1.mp4,Attending,Greater Mouse Deer,Mammal
./video/animalkingdom_augmented/ZPWXTBQT_aug2.mp4,Attending,Greater Mouse Deer,Mammal
./video/animalkingdom_augmented/ZQGZGIVA_aug0.mp4,Attending,Sea Otter,Mammal
./video/animalkingdom_augmented/ZQGZGIVA_aug1.mp4,Attending,Sea Otter,Mammal
./video/animalkingdom_augmented/ZQGZGIVA_aug2.mp4,Attending,Sea Otter,Mammal
./video/animalkingdom_augmented/ZSIDUGCS_aug0.mp4,Attending,Leopard,Mammal
./video/animalkingdom_augmented/ZSIDUGCS_aug1.mp4,Attending,Leopard,Mammal
./video/animalkingdom_augmented/ZSIDUGCS_aug2.mp4,Attending,Leopard,Mammal
./video/animalkingdom_augmented/ZSNECFJG_aug0.mp4,Eating,Malayan Tapir,Mammal
./video/animalkingdom_augmented/ZSNECFJG_aug1.mp4,Eating,Malayan Tapir,Mammal
./video/animalkingdom_augmented/ZSNECFJG_aug2.mp4,Eating,Malayan Tapir,Mammal
./video/animalkingdom_augmented/ZSXHCTEK_aug0.mp4,Eating,White-Faced Saki Monkey,Mammal
./video/animalkingdom_augmented/ZSXHCTEK_aug1.mp4,Eating,White-Faced Saki Monkey,Mammal
./video/animalkingdom_augmented/ZSXHCTEK_aug2.mp4,Eating,White-Faced Saki Monkey,Mammal
./video/animalkingdom_augmented/ZTUGLXGD_aug0.mp4,Jumping,Mountain Pygmy Possum,Mammal
./video/animalkingdom_augmented/ZTUGLXGD_aug1.mp4,Jumping,Mountain Pygmy Possum,Mammal
./video/animalkingdom_augmented/ZTUGLXGD_aug2.mp4,Jumping,Mountain Pygmy Possum,Mammal
./video/animalkingdom_augmented/ZUKMHRAC_aug0.mp4,Jumping,Capuchin Monkey,Mammal
./video/animalkingdom_augmented/ZUKMHRAC_aug1.mp4,Jumping,Capuchin Monkey,Mammal
./video/animalkingdom_augmented/ZUKMHRAC_aug2.mp4,Jumping,Capuchin Monkey,Mammal
./video/animalkingdom_augmented/ZURDMKEW_aug0.mp4,Jumping,Stoat,Mammal
./video/animalkingdom_augmented/ZURDMKEW_aug1.mp4,Jumping,Stoat,Mammal
./video/animalkingdom_augmented/ZURDMKEW_aug2.mp4,Jumping,Stoat,Mammal
./video/animalkingdom_augmented/ZXAKMMYV_aug0.mp4,Attending,Gorilla,Mammal
./video/animalkingdom_augmented/ZXAKMMYV_aug1.mp4,Attending,Gorilla,Mammal
./video/animalkingdom_augmented/ZXAKMMYV_aug2.mp4,Attending,Gorilla,Mammal
./video/animalkingdom_augmented/ZYCHRRAC_aug0.mp4,Walking,Racoon,Mammal
./video/animalkingdom_augmented/ZYCHRRAC_aug1.mp4,Walking,Racoon,Mammal
./video/animalkingdom_augmented/ZYCHRRAC_aug2.mp4,Walking,Racoon,Mammal
./video/animalkingdom_augmented/ZYEXPGCS_aug0.mp4,Walking,Elephant,Mammal
./video/animalkingdom_augmented/ZYEXPGCS_aug1.mp4,Walking,Elephant,Mammal
./video/animalkingdom_augmented/ZYEXPGCS_aug2.mp4,Walking,Elephant,Mammal
./video/animalkingdom_augmented/ZYLJEAEY_aug0.mp4,Attending,Monkey,Mammal
./video/animalkingdom_augmented/ZYLJEAEY_aug1.mp4,Attending,Monkey,Mammal
./video/animalkingdom_augmented/ZYLJEAEY_aug2.mp4,Attending,Monkey,Mammal
./video/animalkingdom_augmented/ZZMKWNPL_aug0.mp4,Keeping still,Chimpanzee,Mammal
./video/animalkingdom_augmented/ZZMKWNPL_aug1.mp4,Keeping still,Chimpanzee,Mammal
./video/animalkingdom_augmented/ZZMKWNPL_aug2.mp4,Keeping still,Chimpanzee,Mammal
./video/animalkingdom_augmented/ACURLDSN_aug0.mp4,Sensing,Cheetah,Mammal
./video/animalkingdom_augmented/ACURLDSN_aug1.mp4,Sensing,Cheetah,Mammal
./video/animalkingdom_augmented/ACURLDSN_aug2.mp4,Sensing,Cheetah,Mammal
./video/animalkingdom_augmented/AEMZBKEW_aug0.mp4,Walking,Goat,Mammal
./video/animalkingdom_augmented/AEMZBKEW_aug1.mp4,Walking,Goat,Mammal
./video/animalkingdom_augmented/AEMZBKEW_aug2.mp4,Walking,Goat,Mammal
./video/animalkingdom_augmented/AGILRCNX_aug0.mp4,Sensing,Wolf,Mammal
./video/animalkingdom_augmented/AGILRCNX_aug1.mp4,Sensing,Wolf,Mammal
./video/animalkingdom_augmented/AGILRCNX_aug2.mp4,Sensing,Wolf,Mammal
./video/animalkingdom_augmented/AHPRXAMC_aug0.mp4,Walking,Lion,Mammal
./video/animalkingdom_augmented/AHPRXAMC_aug1.mp4,Walking,Lion,Mammal
./video/animalkingdom_augmented/AHPRXAMC_aug2.mp4,Walking,Lion,Mammal
./video/animalkingdom_augmented/AKRYLKEW_aug0.mp4,Running,Goat,Mammal
./video/animalkingdom_augmented/AKRYLKEW_aug1.mp4,Running,Goat,Mammal
./video/animalkingdom_augmented/AKRYLKEW_aug2.mp4,Running,Goat,Mammal
./video/animalkingdom_augmented/AKVEINPL_aug0.mp4,Attending,Squirrel,Mammal
./video/animalkingdom_augmented/AKVEINPL_aug1.mp4,Attending,Squirrel,Mammal
./video/animalkingdom_augmented/AKVEINPL_aug2.mp4,Attending,Squirrel,Mammal
./video/animalkingdom_augmented/ASYDRFGA_aug0.mp4,Attending,Caribou,Mammal
./video/animalkingdom_augmented/ASYDRFGA_aug1.mp4,Attending,Caribou,Mammal
./video/animalkingdom_augmented/ASYDRFGA_aug2.mp4,Attending,Caribou,Mammal
./video/animalkingdom_augmented/AXSLLFGA_aug0.mp4,Walking,Zebra,Mammal
./video/animalkingdom_augmented/AXSLLFGA_aug1.mp4,Walking,Zebra,Mammal
./video/animalkingdom_augmented/AXSLLFGA_aug2.mp4,Walking,Zebra,Mammal
./video/animalkingdom_augmented/BAEOZNPO_aug0.mp4,Walking,Lion,Mammal
./video/animalkingdom_augmented/BAEOZNPO_aug1.mp4,Walking,Lion,Mammal
./video/animalkingdom_augmented/BAEOZNPO_aug2.mp4,Walking,Lion,Mammal
./video/animalkingdom_augmented/BBECHBQT_aug0.mp4,Running,Plantain Squirrel,Mammal
./video/animalkingdom_augmented/BBECHBQT_aug1.mp4,Running,Plantain Squirrel,Mammal
./video/animalkingdom_augmented/BBECHBQT_aug2.mp4,Running,Plantain Squirrel,Mammal
./video/animalkingdom_augmented/BFBBMEBY_aug0.mp4,Sensing,Fox,Mammal
./video/animalkingdom_augmented/BFBBMEBY_aug1.mp4,Sensing,Fox,Mammal
./video/animalkingdom_augmented/BFBBMEBY_aug2.mp4,Sensing,Fox,Mammal
./video/animalkingdom_augmented/BFGQKGCS_aug0.mp4,Walking,Elephant,Mammal
./video/animalkingdom_augmented/BFGQKGCS_aug1.mp4,Walking,Elephant,Mammal
./video/animalkingdom_augmented/BFGQKGCS_aug2.mp4,Walking,Elephant,Mammal
./video/animalkingdom_augmented/BHAACICI_aug0.mp4,Keeping still,Cheetah,Mammal
./video/animalkingdom_augmented/BHAACICI_aug1.mp4,Keeping still,Cheetah,Mammal
./video/animalkingdom_augmented/BHAACICI_aug2.mp4,Keeping still,Cheetah,Mammal
./video/animalkingdom_augmented/BSIVMFKM_aug0.mp4,Walking,Meerkat,Mammal
./video/animalkingdom_augmented/BSIVMFKM_aug1.mp4,Walking,Meerkat,Mammal
./video/animalkingdom_augmented/BSIVMFKM_aug2.mp4,Walking,Meerkat,Mammal
./video/animalkingdom_augmented/BUXMRCEI_aug0.mp4,Running,Chimpanzee,Mammal
./video/animalkingdom_augmented/BUXMRCEI_aug1.mp4,Running,Chimpanzee,Mammal
./video/animalkingdom_augmented/BUXMRCEI_aug2.mp4,Running,Chimpanzee,Mammal
./video/animalkingdom_augmented/BVXNBKEW_aug0.mp4,Running,Pika,Mammal
./video/animalkingdom_augmented/BVXNBKEW_aug1.mp4,Running,Pika,Mammal
./video/animalkingdom_augmented/BVXNBKEW_aug2.mp4,Running,Pika,Mammal
./video/animalkingdom_augmented/BVYMFKEW_aug0.mp4,Running,Pika,Mammal
./video/animalkingdom_augmented/BVYMFKEW_aug1.mp4,Running,Pika,Mammal
./video/animalkingdom_augmented/BVYMFKEW_aug2.mp4,Running,Pika,Mammal
./video/animalkingdom_augmented/BWSZOIMN_aug0.mp4,Running,Short-Clawed Otter,Mammal
./video/animalkingdom_augmented/BWSZOIMN_aug1.mp4,Running,Short-Clawed Otter,Mammal
./video/animalkingdom_augmented/BWSZOIMN_aug2.mp4,Running,Short-Clawed Otter,Mammal
./video/animalkingdom_augmented/BXDRVEBY_aug0.mp4,Sensing,Fox,Mammal
./video/animalkingdom_augmented/BXDRVEBY_aug1.mp4,Sensing,Fox,Mammal
./video/animalkingdom_augmented/BXDRVEBY_aug2.mp4,Sensing,Fox,Mammal
./video/animalkingdom_augmented/BYFDLEZZ_aug0.mp4,Walking,Civet Cat,Mammal
./video/animalkingdom_augmented/BYFDLEZZ_aug1.mp4,Walking,Civet Cat,Mammal
./video/animalkingdom_augmented/BYFDLEZZ_aug2.mp4,Walking,Civet Cat,Mammal
./video/animalkingdom_augmented/CAOOPFGA_aug0.mp4,Running,Wildebeest,Mammal
./video/animalkingdom_augmented/CAOOPFGA_aug1.mp4,Running,Wildebeest,Mammal
./video/animalkingdom_augmented/CAOOPFGA_aug2.mp4,Running,Wildebeest,Mammal
./video/animalkingdom_augmented/CBSKBFYY_aug0.mp4,Eating,Squirrel,Mammal
./video/animalkingdom_augmented/CBSKBFYY_aug1.mp4,Eating,Squirrel,Mammal
./video/animalkingdom_augmented/CBSKBFYY_aug2.mp4,Eating,Squirrel,Mammal
./video/animalkingdom_augmented/CCFBBEZZ_aug0.mp4,Walking,Bengal Tiger,Mammal
./video/animalkingdom_augmented/CCFBBEZZ_aug1.mp4,Walking,Bengal Tiger,Mammal
./video/animalkingdom_augmented/CCFBBEZZ_aug2.mp4,Walking,Bengal Tiger,Mammal
./video/animalkingdom_augmented/CCPMEKEW_aug0.mp4,Walking,Giraffe,Mammal
./video/animalkingdom_augmented/CCPMEKEW_aug1.mp4,Walking,Giraffe,Mammal
./video/animalkingdom_augmented/CCPMEKEW_aug2.mp4,Walking,Giraffe,Mammal
./video/animalkingdom_augmented/CCQNQKEW_aug0.mp4,Jumping,Stoat,Mammal
./video/animalkingdom_augmented/CCQNQKEW_aug1.mp4,Jumping,Stoat,Mammal
./video/animalkingdom_augmented/CCQNQKEW_aug2.mp4,Jumping,Stoat,Mammal
./video/animalkingdom_augmented/CDUOEEBY_aug0.mp4,Jumping,Fox,Mammal
./video/animalkingdom_augmented/CDUOEEBY_aug1.mp4,Jumping,Fox,Mammal
./video/animalkingdom_augmented/CDUOEEBY_aug2.mp4,Jumping,Fox,Mammal
./video/animalkingdom_augmented/CEGXIFKM_aug0.mp4,Walking,Meerkat,Mammal
./video/animalkingdom_augmented/CEGXIFKM_aug1.mp4,Walking,Meerkat,Mammal
./video/animalkingdom_augmented/CEGXIFKM_aug2.mp4,Walking,Meerkat,Mammal
./video/animalkingdom_augmented/CFUGEAMC_aug0.mp4,Walking,Lion,Mammal
./video/animalkingdom_augmented/CFUGEAMC_aug1.mp4,Walking,Lion,Mammal
./video/animalkingdom_augmented/CFUGEAMC_aug2.mp4,Walking,Lion,Mammal
./video/animalkingdom_augmented/CMEXXNPO_aug0.mp4,Keeping still,Hyena,Mammal
./video/animalkingdom_augmented/CMEXXNPO_aug1.mp4,Keeping still,Hyena,Mammal
./video/animalkingdom_augmented/CMEXXNPO_aug2.mp4,Keeping still,Hyena,Mammal
./video/animalkingdom_augmented/COPQBBQT_aug0.mp4,Eating,Otter,Mammal
./video/animalkingdom_augmented/COPQBBQT_aug1.mp4,Eating,Otter,Mammal
./video/animalkingdom_augmented/COPQBBQT_aug2.mp4,Eating,Otter,Mammal
./video/animalkingdom_augmented/CTHPVFGA_aug0.mp4,Running,Wildebeest,Mammal
./video/animalkingdom_augmented/CTHPVFGA_aug1.mp4,Running,Wildebeest,Mammal
./video/animalkingdom_augmented/CTHPVFGA_aug2.mp4,Running,Wildebeest,Mammal
./video/animalkingdom_augmented/CWDUPFGA_aug0.mp4,Running,Caribou,Mammal
./video/animalkingdom_augmented/CWDUPFGA_aug1.mp4,Running,Caribou,Mammal
./video/animalkingdom_augmented/CWDUPFGA_aug2.mp4,Running,Caribou,Mammal
./video/animalkingdom_augmented/CWUSGFGA_aug0.mp4,Jumping,Wolf,Mammal
./video/animalkingdom_augmented/CWUSGFGA_aug1.mp4,Jumping,Wolf,Mammal
./video/animalkingdom_augmented/CWUSGFGA_aug2.mp4,Jumping,Wolf,Mammal
./video/animalkingdom_augmented/CYWSCKEW_aug0.mp4,Attending,Stoat,Mammal
./video/animalkingdom_augmented/CYWSCKEW_aug1.mp4,Attending,Stoat,Mammal
./video/animalkingdom_augmented/CYWSCKEW_aug2.mp4,Attending,Stoat,Mammal
./video/animalkingdom_augmented/CZGHEEZZ_aug0.mp4,Keeping still,Spotted Deer,Mammal
./video/animalkingdom_augmented/CZGHEEZZ_aug1.mp4,Keeping still,Spotted Deer,Mammal
./video/animalkingdom_augmented/CZGHEEZZ_aug2.mp4,Keeping still,Spotted Deer,Mammal
./video/animalkingdom_augmented/DBMJTZQJ_aug0.mp4,Eating,Otter,Mammal
./video/animalkingdom_augmented/DBMJTZQJ_aug1.mp4,Eating,Otter,Mammal
./video/animalkingdom_augmented/DBMJTZQJ_aug2.mp4,Eating,Otter,Mammal
./video/animalkingdom_augmented/DDKMIEZZ_aug0.mp4,Walking,Sambar Deer,Mammal
./video/animalkingdom_augmented/DDKMIEZZ_aug1.mp4,Walking,Sambar Deer,Mammal
./video/animalkingdom_augmented/DDKMIEZZ_aug2.mp4,Walking,Sambar Deer,Mammal
./video/animalkingdom_augmented/DDODPFGA_aug0.mp4,Sensing,Monkey,Mammal
./video/animalkingdom_augmented/DDODPFGA_aug1.mp4,Sensing,Monkey,Mammal
./video/animalkingdom_augmented/DDODPFGA_aug2.mp4,Sensing,Monkey,Mammal
./video/animalkingdom_augmented/DHACIKEW_aug0.mp4,Sensing,Stoat,Mammal
./video/animalkingdom_augmented/DHACIKEW_aug1.mp4,Sensing,Stoat,Mammal
./video/animalkingdom_augmented/DHACIKEW_aug2.mp4,Sensing,Stoat,Mammal
./video/animalkingdom_augmented/DJLQKNPL_aug0.mp4,Jumping,Squirrel,Mammal
./video/animalkingdom_augmented/DJLQKNPL_aug1.mp4,Jumping,Squirrel,Mammal
./video/animalkingdom_augmented/DJLQKNPL_aug2.mp4,Jumping,Squirrel,Mammal
./video/animalkingdom_augmented/DOUAHKEW_aug0.mp4,Walking,Giraffe,Mammal
./video/animalkingdom_augmented/DOUAHKEW_aug1.mp4,Walking,Giraffe,Mammal
./video/animalkingdom_augmented/DOUAHKEW_aug2.mp4,Walking,Giraffe,Mammal
./video/animalkingdom_augmented/DUMCHKEW_aug0.mp4,Walking,Goat,Mammal
./video/animalkingdom_augmented/DUMCHKEW_aug1.mp4,Walking,Goat,Mammal
./video/animalkingdom_augmented/DUMCHKEW_aug2.mp4,Walking,Goat,Mammal
./video/animalkingdom_augmented/DUNTUKEW_aug0.mp4,Eating,Pika,Mammal
./video/animalkingdom_augmented/DUNTUKEW_aug1.mp4,Eating,Pika,Mammal
./video/animalkingdom_augmented/DUNTUKEW_aug2.mp4,Eating,Pika,Mammal
./video/animalkingdom_augmented/DXNQUKEW_aug0.mp4,Running,Pika,Mammal
./video/animalkingdom_augmented/DXNQUKEW_aug1.mp4,Running,Pika,Mammal
./video/animalkingdom_augmented/DXNQUKEW_aug2.mp4,Running,Pika,Mammal
./video/animalkingdom_augmented/DZMSKXDO_aug0.mp4,Walking,Lion,Mammal
./video/animalkingdom_augmented/DZMSKXDO_aug1.mp4,Walking,Lion,Mammal
./video/animalkingdom_augmented/DZMSKXDO_aug2.mp4,Walking,Lion,Mammal
./video/animalkingdom_augmented/EBOJNFGA_aug0.mp4,Running,Wild Dog,Mammal
./video/animalkingdom_augmented/EBOJNFGA_aug1.mp4,Running,Wild Dog,Mammal
./video/animalkingdom_augmented/EBOJNFGA_aug2.mp4,Running,Wild Dog,Mammal
./video/animalkingdom_augmented/ECQRGFGA_aug0.mp4,Running,Wolf,Mammal
./video/animalkingdom_augmented/ECQRGFGA_aug1.mp4,Running,Wolf,Mammal
./video/animalkingdom_augmented/ECQRGFGA_aug2.mp4,Running,Wolf,Mammal
./video/animalkingdom_augmented/EDNIWFYY_aug0.mp4,Sensing,Otter,Mammal
./video/animalkingdom_augmented/EDNIWFYY_aug1.mp4,Sensing,Otter,Mammal
./video/animalkingdom_augmented/EDNIWFYY_aug2.mp4,Sensing,Otter,Mammal
./video/animalkingdom_augmented/EGJBKAMC_aug0.mp4,Sensing,Lion,Mammal
./video/animalkingdom_augmented/EGJBKAMC_aug1.mp4,Sensing,Lion,Mammal
./video/animalkingdom_augmented/EGJBKAMC_aug2.mp4,Sensing,Lion,Mammal
./video/animalkingdom_augmented/ENCQCCNX_aug0.mp4,Walking,Wolf,Mammal
./video/animalkingdom_augmented/ENCQCCNX_aug1.mp4,Walking,Wolf,Mammal
./video/animalkingdom_augmented/ENCQCCNX_aug2.mp4,Walking,Wolf,Mammal
./video/animalkingdom_augmented/EPSKNAMC_aug0.mp4,Sensing,Lion Young,Mammal
./video/animalkingdom_augmented/EPSKNAMC_aug1.mp4,Sensing,Lion Young,Mammal
./video/animalkingdom_augmented/EPSKNAMC_aug2.mp4,Sensing,Lion Young,Mammal
./video/animalkingdom_augmented/ETTESEBY_aug0.mp4,Jumping,Fox,Mammal
./video/animalkingdom_augmented/ETTESEBY_aug1.mp4,Jumping,Fox,Mammal
./video/animalkingdom_augmented/ETTESEBY_aug2.mp4,Jumping,Fox,Mammal
./video/animalkingdom_augmented/EVQRFFGA_aug0.mp4,Walking,Wild Dog,Mammal
./video/animalkingdom_augmented/EVQRFFGA_aug1.mp4,Walking,Wild Dog,Mammal
./video/animalkingdom_augmented/EVQRFFGA_aug2.mp4,Walking,Wild Dog,Mammal
./video/animalkingdom_augmented/EVUWKEBY_aug0.mp4,Walking,Fox,Mammal
./video/animalkingdom_augmented/EVUWKEBY_aug1.mp4,Walking,Fox,Mammal
./video/animalkingdom_augmented/EVUWKEBY_aug2.mp4,Walking,Fox,Mammal
./video/animalkingdom_augmented/EWGAWZQJ_aug0.mp4,Running,Otter,Mammal
./video/animalkingdom_augmented/EWGAWZQJ_aug1.mp4,Running,Otter,Mammal
./video/animalkingdom_augmented/EWGAWZQJ_aug2.mp4,Running,Otter,Mammal
./video/animalkingdom_augmented/EYUYUNPO_aug0.mp4,Walking,Lion,Mammal
./video/animalkingdom_augmented/EYUYUNPO_aug1.mp4,Walking,Lion,Mammal
./video/animalkingdom_augmented/EYUYUNPO_aug2.mp4,Walking,Lion,Mammal
./video/animalkingdom_augmented/FCMXJDSN_aug0.mp4,Running,Buffalo,Mammal
./video/animalkingdom_augmented/FCMXJDSN_aug1.mp4,Running,Buffalo,Mammal
./video/animalkingdom_augmented/FCMXJDSN_aug2.mp4,Running,Buffalo,Mammal
./video/animalkingdom_augmented/FETWZXDO_aug0.mp4,Eating,Rhinoceros,Mammal
./video/animalkingdom_augmented/FETWZXDO_aug1.mp4,Eating,Rhinoceros,Mammal
./video/animalkingdom_augmented/FETWZXDO_aug2.mp4,Eating,Rhinoceros,Mammal
./video/animalkingdom_augmented/FFYKNAMC_aug0.mp4,Walking,Lion Young,Mammal
./video/animalkingdom_augmented/FFYKNAMC_aug1.mp4,Walking,Lion Young,Mammal
./video/animalkingdom_augmented/FFYKNAMC_aug2.mp4,Walking,Lion Young,Mammal
./video/animalkingdom_augmented/FGLLYIMN_aug0.mp4,Walking,Mitred Leaf Monkey,Mammal
./video/animalkingdom_augmented/FGLLYIMN_aug1.mp4,Walking,Mitred Leaf Monkey,Mammal
./video/animalkingdom_augmented/FGLLYIMN_aug2.mp4,Walking,Mitred Leaf Monkey,Mammal
./video/animalkingdom_augmented/FIFMGDSN_aug0.mp4,Walking,Cheetah,Mammal
./video/animalkingdom_augmented/FIFMGDSN_aug1.mp4,Walking,Cheetah,Mammal
./video/animalkingdom_augmented/FIFMGDSN_aug2.mp4,Walking,Cheetah,Mammal
./video/animalkingdom_augmented/FJFUPNBD_aug0.mp4,Sensing,Pig-Tailed Macaque,Mammal
./video/animalkingdom_augmented/FJFUPNBD_aug1.mp4,Sensing,Pig-Tailed Macaque,Mammal
./video/animalkingdom_augmented/FJFUPNBD_aug2.mp4,Sensing,Pig-Tailed Macaque,Mammal
./video/animalkingdom_augmented/FJLSEEBY_aug0.mp4,Attending,Fox,Mammal
./video/animalkingdom_augmented/FJLSEEBY_aug1.mp4,Attending,Fox,Mammal
./video/animalkingdom_augmented/FJLSEEBY_aug2.mp4,Attending,Fox,Mammal
./video/animalkingdom_augmented/FOQZQZON_aug0.mp4,Attending,Deer,Mammal
./video/animalkingdom_augmented/FOQZQZON_aug1.mp4,Attending,Deer,Mammal
./video/animalkingdom_augmented/FOQZQZON_aug2.mp4,Attending,Deer,Mammal
./video/animalkingdom_augmented/FQVKNDSN_aug0.mp4,Running,Cheetah,Mammal
./video/animalkingdom_augmented/FQVKNDSN_aug1.mp4,Running,Cheetah,Mammal
./video/animalkingdom_augmented/FQVKNDSN_aug2.mp4,Running,Cheetah,Mammal
./video/animalkingdom_augmented/FRDHDBQT_aug0.mp4,Eating,Otter,Mammal
./video/animalkingdom_augmented/FRDHDBQT_aug1.mp4,Eating,Otter,Mammal
./video/animalkingdom_augmented/FRDHDBQT_aug2.mp4,Eating,Otter,Mammal
./video/animalkingdom_augmented/FSCZHDSN_aug0.mp4,Running,Snow Leopard,Mammal
./video/animalkingdom_augmented/FSCZHDSN_aug1.mp4,Running,Snow Leopard,Mammal
./video/animalkingdom_augmented/FSCZHDSN_aug2.mp4,Running,Snow Leopard,Mammal
./video/animalkingdom_augmented/FTGNWAMC_aug0.mp4,Walking,Lion Young,Mammal
./video/animalkingdom_augmented/FTGNWAMC_aug1.mp4,Walking,Lion Young,Mammal
./video/animalkingdom_augmented/FTGNWAMC_aug2.mp4,Walking,Lion Young,Mammal
./video/animalkingdom_augmented/FUXKHZQJ_aug0.mp4,Walking,Otter,Mammal
./video/animalkingdom_augmented/FUXKHZQJ_aug1.mp4,Walking,Otter,Mammal
./video/animalkingdom_augmented/FUXKHZQJ_aug2.mp4,Walking,Otter,Mammal
./video/animalkingdom_augmented/FVTDENPL_aug0.mp4,Sensing,Squirrel,Mammal
./video/animalkingdom_augmented/FVTDENPL_aug1.mp4,Sensing,Squirrel,Mammal
./video/animalkingdom_augmented/FVTDENPL_aug2.mp4,Sensing,Squirrel,Mammal
./video/animalkingdom_augmented/FYSOWKEW_aug0.mp4,Sensing,Pika,Mammal
./video/animalkingdom_augmented/FYSOWKEW_aug1.mp4,Sensing,Pika,Mammal
./video/animalkingdom_augmented/FYSOWKEW_aug2.mp4,Sensing,Pika,Mammal
./video/animalkingdom_augmented/GAUMQAMC_aug0.mp4,Walking,Lion Young,Mammal
./video/animalkingdom_augmented/GAUMQAMC_aug1.mp4,Walking,Lion Young,Mammal
./video/animalkingdom_augmented/GAUMQAMC_aug2.mp4,Walking,Lion Young,Mammal
./video/animalkingdom_augmented/GDATEKEW_aug0.mp4,Jumping,Stoat,Mammal
./video/animalkingdom_augmented/GDATEKEW_aug1.mp4,Jumping,Stoat,Mammal
./video/animalkingdom_augmented/GDATEKEW_aug2.mp4,Jumping,Stoat,Mammal
./video/animalkingdom_augmented/GGCFQAMC_aug0.mp4,Walking,Lion Young,Mammal
./video/animalkingdom_augmented/GGCFQAMC_aug1.mp4,Walking,Lion Young,Mammal
./video/animalkingdom_augmented/GGCFQAMC_aug2.mp4,Walking,Lion Young,Mammal
./video/animalkingdom_augmented/GLGKREBY_aug0.mp4,Walking,Fox,Mammal
./video/animalkingdom_augmented/GLGKREBY_aug1.mp4,Walking,Fox,Mammal
./video/animalkingdom_augmented/GLGKREBY_aug2.mp4,Walking,Fox,Mammal
./video/animalkingdom_augmented/GNBTWWZF_aug0.mp4,Jumping,Bighorn Sheep,Mammal
./video/animalkingdom_augmented/GNBTWWZF_aug1.mp4,Jumping,Bighorn Sheep,Mammal
./video/animalkingdom_augmented/GNBTWWZF_aug2.mp4,Jumping,Bighorn Sheep,Mammal
./video/animalkingdom_augmented/GVVCNKEW_aug0.mp4,Running,Pika,Mammal
./video/animalkingdom_augmented/GVVCNKEW_aug1.mp4,Running,Pika,Mammal
./video/animalkingdom_augmented/GVVCNKEW_aug2.mp4,Running,Pika,Mammal
./video/animalkingdom_augmented/GZDAWFKM_aug0.mp4,Keeping still,Meerkat,Mammal
./video/animalkingdom_augmented/GZDAWFKM_aug1.mp4,Keeping still,Meerkat,Mammal
./video/animalkingdom_augmented/GZDAWFKM_aug2.mp4,Keeping still,Meerkat,Mammal
./video/animalkingdom_augmented/HALGEFKM_aug0.mp4,Sensing,Meerkat,Mammal
./video/animalkingdom_augmented/HALGEFKM_aug1.mp4,Sensing,Meerkat,Mammal
./video/animalkingdom_augmented/HALGEFKM_aug2.mp4,Sensing,Meerkat,Mammal
./video/animalkingdom_augmented/HANCMEBY_aug0.mp4,Keeping still,Fox,Mammal
./video/animalkingdom_augmented/HANCMEBY_aug1.mp4,Keeping still,Fox,Mammal
./video/animalkingdom_augmented/HANCMEBY_aug2.mp4,Keeping still,Fox,Mammal
./video/animalkingdom_augmented/HERLMFYY_aug0.mp4,Keeping still,Otter,Mammal
./video/animalkingdom_augmented/HERLMFYY_aug1.mp4,Keeping still,Otter,Mammal
./video/animalkingdom_augmented/HERLMFYY_aug2.mp4,Keeping still,Otter,Mammal
./video/animalkingdom_augmented/HFGASFGA_aug0.mp4,Walking,Elephant,Mammal
./video/animalkingdom_augmented/HFGASFGA_aug1.mp4,Walking,Elephant,Mammal
./video/animalkingdom_augmented/HFGASFGA_aug2.mp4,Walking,Elephant,Mammal
./video/animalkingdom_augmented/HJVGHKEW_aug0.mp4,Jumping,Pika,Mammal
./video/animalkingdom_augmented/HJVGHKEW_aug1.mp4,Jumping,Pika,Mammal
./video/animalkingdom_augmented/HJVGHKEW_aug2.mp4,Jumping,Pika,Mammal
./video/animalkingdom_augmented/HLTTPEZZ_aug0.mp4,Attending,Sambar Deer,Mammal
./video/animalkingdom_augmented/HLTTPEZZ_aug1.mp4,Attending,Sambar Deer,Mammal
./video/animalkingdom_augmented/HLTTPEZZ_aug2.mp4,Attending,Sambar Deer,Mammal
./video/animalkingdom_augmented/HNOQRDSN_aug0.mp4,Jumping,Jaculus Jaculus,Mammal
./video/animalkingdom_augmented/HNOQRDSN_aug1.mp4,Jumping,Jaculus Jaculus,Mammal
./video/animalkingdom_augmented/HNOQRDSN_aug2.mp4,Jumping,Jaculus Jaculus,Mammal
./video/animalkingdom_augmented/HPPJAFGA_aug0.mp4,Walking,Caribou,Mammal
./video/animalkingdom_augmented/HPPJAFGA_aug1.mp4,Walking,Caribou,Mammal
./video/animalkingdom_augmented/HPPJAFGA_aug2.mp4,Walking,Caribou,Mammal
./video/animalkingdom_augmented/HQIISNPL_aug0.mp4,Walking,Squirrel,Mammal
./video/animalkingdom_augmented/HQIISNPL_aug1.mp4,Walking,Squirrel,Mammal
./video/animalkingdom_augmented/HQIISNPL_aug2.mp4,Walking,Squirrel,Mammal
./video/animalkingdom_augmented/HQPWKNPO_aug0.mp4,Walking,Lion,Mammal
./video/animalkingdom_augmented/HQPWKNPO_aug1.mp4,Walking,Lion,Mammal
./video/animalkingdom_augmented/HQPWKNPO_aug2.mp4,Walking,Lion,Mammal
./video/animalkingdom_augmented/HWRGEFGA_aug0.mp4,Running,Wolf,Mammal
./video/animalkingdom_augmented/HWRGEFGA_aug1.mp4,Running,Wolf,Mammal
./video/animalkingdom_augmented/HWRGEFGA_aug2.mp4,Running,Wolf,Mammal
./video/animalkingdom_augmented/HXPIEAMC_aug0.mp4,Sensing,Lion Young,Mammal
./video/animalkingdom_augmented/HXPIEAMC_aug1.mp4,Sensing,Lion Young,Mammal
./video/animalkingdom_augmented/HXPIEAMC_aug2.mp4,Sensing,Lion Young,Mammal
./video/animalkingdom_augmented/HXQQKFGA_aug0.mp4,Running,Wildebeest,Mammal
./video/animalkingdom_augmented/HXQQKFGA_aug1.mp4,Running,Wildebeest,Mammal
./video/animalkingdom_augmented/HXQQKFGA_aug2.mp4,Running,Wildebeest,Mammal
./video/animalkingdom_augmented/HYHSYDSN_aug0.mp4,Keeping still,Jaculus Jaculus,Mammal
./video/animalkingdom_augmented/HYHSYDSN_aug1.mp4,Keeping still,Jaculus Jaculus,Mammal
./video/animalkingdom_augmented/HYHSYDSN_aug2.mp4,Keeping still,Jaculus Jaculus,Mammal
./video/animalkingdom_augmented/HZKXONBD_aug0.mp4,Walking,Malayan Tapir,Mammal
./video/animalkingdom_augmented/HZKXONBD_aug1.mp4,Walking,Malayan Tapir,Mammal
./video/animalkingdom_augmented/HZKXONBD_aug2.mp4,Walking,Malayan Tapir,Mammal
./video/animalkingdom_augmented/HZWJVEZZ_aug0.mp4,Walking,Bengal Tiger,Mammal
./video/animalkingdom_augmented/HZWJVEZZ_aug1.mp4,Walking,Bengal Tiger,Mammal
./video/animalkingdom_augmented/HZWJVEZZ_aug2.mp4,Walking,Bengal Tiger,Mammal
./video/animalkingdom_augmented/IBPTKFKM_aug0.mp4,Attending,Meerkat,Mammal
./video/animalkingdom_augmented/IBPTKFKM_aug1.mp4,Attending,Meerkat,Mammal
./video/animalkingdom_augmented/IBPTKFKM_aug2.mp4,Attending,Meerkat,Mammal
./video/animalkingdom_augmented/IDCHAFGA_aug0.mp4,Running,Wolf,Mammal
./video/animalkingdom_augmented/IDCHAFGA_aug1.mp4,Running,Wolf,Mammal
./video/animalkingdom_augmented/IDCHAFGA_aug2.mp4,Running,Wolf,Mammal
./video/animalkingdom_augmented/IDLLPNBD_aug0.mp4,Walking,Stump-Tailed Macaque,Mammal
./video/animalkingdom_augmented/IDLLPNBD_aug1.mp4,Walking,Stump-Tailed Macaque,Mammal
./video/animalkingdom_augmented/IDLLPNBD_aug2.mp4,Walking,Stump-Tailed Macaque,Mammal
./video/animalkingdom_augmented/IEATCDSN_aug0.mp4,Walking,Cheetah,Mammal
./video/animalkingdom_augmented/IEATCDSN_aug1.mp4,Walking,Cheetah,Mammal
./video/animalkingdom_augmented/IEATCDSN_aug2.mp4,Walking,Cheetah,Mammal
./video/animalkingdom_augmented/IFUBGCNX_aug0.mp4,Walking,Wolf,Mammal
./video/animalkingdom_augmented/IFUBGCNX_aug1.mp4,Walking,Wolf,Mammal
./video/animalkingdom_augmented/IFUBGCNX_aug2.mp4,Walking,Wolf,Mammal
./video/animalkingdom_augmented/IGSCIKEW_aug0.mp4,Keeping still,Pika,Mammal
./video/animalkingdom_augmented/IGSCIKEW_aug1.mp4,Keeping still,Pika,Mammal
./video/animalkingdom_augmented/IGSCIKEW_aug2.mp4,Keeping still,Pika,Mammal
./video/animalkingdom_augmented/IGSJKDPO_aug0.mp4,Keeping still,Leopard,Mammal
./video/animalkingdom_augmented/IGSJKDPO_aug1.mp4,Keeping still,Leopard,Mammal
./video/animalkingdom_augmented/IGSJKDPO_aug2.mp4,Keeping still,Leopard,Mammal
./video/animalkingdom_augmented/IIAZJFGA_aug0.mp4,Walking,Wildebeest,Mammal
./video/animalkingdom_augmented/IIAZJFGA_aug1.mp4,Walking,Wildebeest,Mammal
./video/animalkingdom_augmented/IIAZJFGA_aug2.mp4,Walking,Wildebeest,Mammal
./video/animalkingdom_augmented/ILBGLNPL_aug0.mp4,Sensing,Squirrel,Mammal
./video/animalkingdom_augmented/ILBGLNPL_aug1.mp4,Sensing,Squirrel,Mammal
./video/animalkingdom_augmented/ILBGLNPL_aug2.mp4,Sensing,Squirrel,Mammal
./video/animalkingdom_augmented/ISBVMNPL_aug0.mp4,Attending,Squirrel,Mammal
./video/animalkingdom_augmented/ISBVMNPL_aug1.mp4,Attending,Squirrel,Mammal
./video/animalkingdom_augmented/ISBVMNPL_aug2.mp4,Attending,Squirrel,Mammal
./video/animalkingdom_augmented/IVNWICNX_aug0.mp4,Walking,Wolf,Mammal
./video/animalkingdom_augmented/IVNWICNX_aug1.mp4,Walking,Wolf,Mammal
./video/animalkingdom_augmented/IVNWICNX_aug2.mp4,Walking,Wolf,Mammal
./video/animalkingdom_augmented/IXHKTAMC_aug0.mp4,Walking,Lion Young,Mammal
./video/animalkingdom_augmented/IXHKTAMC_aug1.mp4,Walking,Lion Young,Mammal
./video/animalkingdom_augmented/IXHKTAMC_aug2.mp4,Walking,Lion Young,Mammal
./video/animalkingdom_augmented/JAMZRAMC_aug0.mp4,Walking,Lion Young,Mammal
./video/animalkingdom_augmented/JAMZRAMC_aug1.mp4,Walking,Lion Young,Mammal
./video/animalkingdom_augmented/JAMZRAMC_aug2.mp4,Walking,Lion Young,Mammal
./video/animalkingdom_augmented/JBVMVFYY_aug0.mp4,Walking,Otter,Mammal
./video/animalkingdom_augmented/JBVMVFYY_aug1.mp4,Walking,Otter,Mammal
./video/animalkingdom_augmented/JBVMVFYY_aug2.mp4,Walking,Otter,Mammal
./video/animalkingdom_augmented/JCISVZON_aug0.mp4,Attending,Elephant,Mammal
./video/animalkingdom_augmented/JCISVZON_aug1.mp4,Attending,Elephant,Mammal
./video/animalkingdom_augmented/JCISVZON_aug2.mp4,Attending,Elephant,Mammal
./video/animalkingdom_augmented/JDOJLKEW_aug0.mp4,Eating,Giraffe,Mammal
./video/animalkingdom_augmented/JDOJLKEW_aug1.mp4,Eating,Giraffe,Mammal
./video/animalkingdom_augmented/JDOJLKEW_aug2.mp4,Eating,Giraffe,Mammal
./video/animalkingdom_augmented/JEKMKICI_aug0.mp4,Keeping still,Cheetah,Mammal
./video/animalkingdom_augmented/JEKMKICI_aug1.mp4,Keeping still,Cheetah,Mammal
./video/animalkingdom_augmented/JEKMKICI_aug2.mp4,Keeping still,Cheetah,Mammal
./video/animalkingdom_augmented/JEVMUXDO_aug0.mp4,Running,Zebra,Mammal
./video/animalkingdom_augmented/JEVMUXDO_aug1.mp4,Running,Zebra,Mammal
./video/animalkingdom_augmented/JEVMUXDO_aug2.mp4,Running,Zebra,Mammal
./video/animalkingdom_augmented/JLYEQDSN_aug0.mp4,Running,Snow Leopard,Mammal
./video/animalkingdom_augmented/JLYEQDSN_aug1.mp4,Running,Snow Leopard,Mammal
./video/animalkingdom_augmented/JLYEQDSN_aug2.mp4,Running,Snow Leopard,Mammal
./video/animalkingdom_augmented/JNTIADSN_aug0.mp4,Sensing,Snow Leopard,Mammal
./video/animalkingdom_augmented/JNTIADSN_aug1.mp4,Sensing,Snow Leopard,Mammal
./video/animalkingdom_augmented/JNTIADSN_aug2.mp4,Sensing,Snow Leopard,Mammal
./video/animalkingdom_augmented/JWCALFGA_aug0.mp4,Running,Caribou,Mammal
./video/animalkingdom_augmented/JWCALFGA_aug1.mp4,Running,Caribou,Mammal
./video/animalkingdom_augmented/JWCALFGA_aug2.mp4,Running,Caribou,Mammal
./video/animalkingdom_augmented/JWSQNAMC_aug0.mp4,Sensing,Lion Young,Mammal
./video/animalkingdom_augmented/JWSQNAMC_aug1.mp4,Sensing,Lion Young,Mammal
./video/animalkingdom_augmented/JWSQNAMC_aug2.mp4,Sensing,Lion Young,Mammal
./video/animalkingdom_augmented/JYRPBFGA_aug0.mp4,Walking,Wildebeest,Mammal
./video/animalkingdom_augmented/JYRPBFGA_aug1.mp4,Walking,Wildebeest,Mammal
./video/animalkingdom_augmented/JYRPBFGA_aug2.mp4,Walking,Wildebeest,Mammal
./video/animalkingdom_augmented/KCSEVGCS_aug0.mp4,Walking,Leopard,Mammal
./video/animalkingdom_augmented/KCSEVGCS_aug1.mp4,Walking,Leopard,Mammal
./video/animalkingdom_augmented/KCSEVGCS_aug2.mp4,Walking,Leopard,Mammal
./video/animalkingdom_augmented/KDFVQDSN_aug0.mp4,Jumping,Jaculus Jaculus,Mammal
./video/animalkingdom_augmented/KDFVQDSN_aug1.mp4,Jumping,Jaculus Jaculus,Mammal
./video/animalkingdom_augmented/KDFVQDSN_aug2.mp4,Jumping,Jaculus Jaculus,Mammal
./video/animalkingdom_augmented/KGYMGAMC_aug0.mp4,Sensing,Lion,Mammal
./video/animalkingdom_augmented/KGYMGAMC_aug1.mp4,Sensing,Lion,Mammal
./video/animalkingdom_augmented/KGYMGAMC_aug2.mp4,Sensing,Lion,Mammal
./video/animalkingdom_augmented/KIWAPCNX_aug0.mp4,Sensing,Wolf,Mammal
./video/animalkingdom_augmented/KIWAPCNX_aug1.mp4,Sensing,Wolf,Mammal
./video/animalkingdom_augmented/KIWAPCNX_aug2.mp4,Sensing,Wolf,Mammal
./video/animalkingdom_augmented/KLBVVDSN_aug0.mp4,Attending,Buffalo,Mammal
./video/animalkingdom_augmented/KLBVVDSN_aug1.mp4,Attending,Buffalo,Mammal
./video/animalkingdom_augmented/KLBVVDSN_aug2.mp4,Attending,Buffalo,Mammal
./video/animalkingdom_augmented/KMUGKXDO_aug0.mp4,Walking,Porcupine,Mammal
./video/animalkingdom_augmented/KMUGKXDO_aug1.mp4,Walking,Porcupine,Mammal
./video/animalkingdom_augmented/KMUGKXDO_aug2.mp4,Walking,Porcupine,Mammal
./video/animalkingdom_augmented/KNCDHEUV_aug0.mp4,Walking,Antelope,Mammal
./video/animalkingdom_augmented/KNCDHEUV_aug1.mp4,Walking,Antelope,Mammal
./video/animalkingdom_augmented/KNCDHEUV_aug2.mp4,Walking,Antelope,Mammal
./video/animalkingdom_augmented/KPYNGXDO_aug0.mp4,Walking,Buffalo,Mammal
./video/animalkingdom_augmented/KPYNGXDO_aug1.mp4,Walking,Buffalo,Mammal
./video/animalkingdom_augmented/KPYNGXDO_aug2.mp4,Walking,Buffalo,Mammal
./video/animalkingdom_augmented/KTOPSNPL_aug0.mp4,Walking,Chimpanzee,Mammal
./video/animalkingdom_augmented/KTOPSNPL_aug1.mp4,Walking,Chimpanzee,Mammal
./video/animalkingdom_augmented/KTOPSNPL_aug2.mp4,Walking,Chimpanzee,Mammal
./video/animalkingdom_augmented/KURRZFGA_aug0.mp4,Running,Wild Dog,Mammal
./video/animalkingdom_augmented/KURRZFGA_aug1.mp4,Running,Wild Dog,Mammal
./video/animalkingdom_augmented/KURRZFGA_aug2.mp4,Running,Wild Dog,Mammal
./video/animalkingdom_augmented/KVBIUKEW_aug0.mp4,Running,Giraffe,Mammal
./video/animalkingdom_augmented/KVBIUKEW_aug1.mp4,Running,Giraffe,Mammal
./video/animalkingdom_augmented/KVBIUKEW_aug2.mp4,Running,Giraffe,Mammal
./video/animalkingdom_augmented/KXQMWNPL_aug0.mp4,Jumping,Squirrel,Mammal
./video/animalkingdom_augmented/KXQMWNPL_aug1.mp4,Jumping,Squirrel,Mammal
./video/animalkingdom_augmented/KXQMWNPL_aug2.mp4,Jumping,Squirrel,Mammal
./video/animalkingdom_augmented/LCYINAMC_aug0.mp4,Walking,Rhinoceros,Mammal
./video/animalkingdom_augmented/LCYINAMC_aug1.mp4,Walking,Rhinoceros,Mammal
./video/animalkingdom_augmented/LCYINAMC_aug2.mp4,Walking,Rhinoceros,Mammal
./video/animalkingdom_augmented/LHCTQCNX_aug0.mp4,Sensing,Wolf,Mammal
./video/animalkingdom_augmented/LHCTQCNX_aug1.mp4,Sensing,Wolf,Mammal
./video/animalkingdom_augmented/LHCTQCNX_aug2.mp4,Sensing,Wolf,Mammal
./video/animalkingdom_augmented/LQKLZEBY_aug0.mp4,Sensing,Fox,Mammal
./video/animalkingdom_augmented/LQKLZEBY_aug1.mp4,Sensing,Fox,Mammal
./video/animalkingdom_augmented/LQKLZEBY_aug2.mp4,Sensing,Fox,Mammal
./video/animalkingdom_augmented/LVKUHAMC_aug0.mp4,Sensing,Lion Young,Mammal
./video/animalkingdom_augmented/LVKUHAMC_aug1.mp4,Sensing,Lion Young,Mammal
./video/animalkingdom_augmented/LVKUHAMC_aug2.mp4,Sensing,Lion Young,Mammal
./video/animalkingdom_augmented/LYHBZUXS_aug0.mp4,Eating,Zebra,Mammal
./video/animalkingdom_augmented/LYHBZUXS_aug1.mp4,Eating,Zebra,Mammal
./video/animalkingdom_augmented/LYHBZUXS_aug2.mp4,Eating,Zebra,Mammal
./video/animalkingdom_augmented/MAPGRXGD_aug0.mp4,Walking,Horse,Mammal
./video/animalkingdom_augmented/MAPGRXGD_aug1.mp4,Walking,Horse,Mammal
./video/animalkingdom_augmented/MAPGRXGD_aug2.mp4,Walking,Horse,Mammal
./video/animalkingdom_augmented/MCCZCDSN_aug0.mp4,Walking,Cheetah,Mammal
./video/animalkingdom_augmented/MCCZCDSN_aug1.mp4,Walking,Cheetah,Mammal
./video/animalkingdom_augmented/MCCZCDSN_aug2.mp4,Walking,Cheetah,Mammal
./video/animalkingdom_augmented/MCRXGBQT_aug0.mp4,Sensing,Otter,Mammal
./video/animalkingdom_augmented/MCRXGBQT_aug1.mp4,Sensing,Otter,Mammal
./video/animalkingdom_augmented/MCRXGBQT_aug2.mp4,Sensing,Otter,Mammal
./video/animalkingdom_augmented/MLBDOMYV_aug0.mp4,Eating,Mountain Gorilla,Mammal
./video/animalkingdom_augmented/MLBDOMYV_aug1.mp4,Eating,Mountain Gorilla,Mammal
./video/animalkingdom_augmented/MLBDOMYV_aug2.mp4,Eating,Mountain Gorilla,Mammal
./video/animalkingdom_augmented/MRPVZAMC_aug0.mp4,Walking,Lion Young,Mammal
./video/animalkingdom_augmented/MRPVZAMC_aug1.mp4,Walking,Lion Young,Mammal
./video/animalkingdom_augmented/MRPVZAMC_aug2.mp4,Walking,Lion Young,Mammal
./video/animalkingdom_augmented/MTVJCEBY_aug0.mp4,Sensing,Fox,Mammal
./video/animalkingdom_augmented/MTVJCEBY_aug1.mp4,Sensing,Fox,Mammal
./video/animalkingdom_augmented/MTVJCEBY_aug2.mp4,Sensing,Fox,Mammal
./video/animalkingdom_augmented/MYZLDDSN_aug0.mp4,Sensing,Jaculus Jaculus,Mammal
./video/animalkingdom_augmented/MYZLDDSN_aug1.mp4,Sensing,Jaculus Jaculus,Mammal
./video/animalkingdom_augmented/MYZLDDSN_aug2.mp4,Sensing,Jaculus Jaculus,Mammal
./video/animalkingdom_augmented/MZGAIFGA_aug0.mp4,Walking,Tiger,Mammal
./video/animalkingdom_augmented/MZGAIFGA_aug1.mp4,Walking,Tiger,Mammal
./video/animalkingdom_augmented/MZGAIFGA_aug2.mp4,Walking,Tiger,Mammal
./video/animalkingdom_augmented/NBZGXNPO_aug0.mp4,Running,Lion,Mammal
./video/animalkingdom_augmented/NBZGXNPO_aug1.mp4,Running,Lion,Mammal
./video/animalkingdom_augmented/NBZGXNPO_aug2.mp4,Running,Lion,Mammal
./video/animalkingdom_augmented/NGRURCNX_aug0.mp4,Walking,Wolf,Mammal
./video/animalkingdom_augmented/NGRURCNX_aug1.mp4,Walking,Wolf,Mammal
./video/animalkingdom_augmented/NGRURCNX_aug2.mp4,Walking,Wolf,Mammal
./video/animalkingdom_augmented/NPTUJKEW_aug0.mp4,Keeping still,Pika,Mammal
./video/animalkingdom_augmented/NPTUJKEW_aug1.mp4,Keeping still,Pika,Mammal
./video/animalkingdom_augmented/NPTUJKEW_aug2.mp4,Keeping still,Pika,Mammal
./video/animalkingdom_augmented/NRUTENPO_aug0.mp4,Attending,Lion,Mammal
./video/animalkingdom_augmented/NRUTENPO_aug1.mp4,Attending,Lion,Mammal
./video/animalkingdom_augmented/NRUTENPO_aug2.mp4,Attending,Lion,Mammal
./video/animalkingdom_augmented/NSBJDBME_aug0.mp4,Eating,Horse,Mammal
./video/animalkingdom_augmented/NSBJDBME_aug1.mp4,Eating,Horse,Mammal
./video/animalkingdom_augmented/NSBJDBME_aug2.mp4,Eating,Horse,Mammal
./video/animalkingdom_augmented/NYXAOAMC_aug0.mp4,Walking,Lion Young,Mammal
./video/animalkingdom_augmented/NYXAOAMC_aug1.mp4,Walking,Lion Young,Mammal
./video/animalkingdom_augmented/NYXAOAMC_aug2.mp4,Walking,Lion Young,Mammal
./video/animalkingdom_augmented/NZEATEZZ_aug0.mp4,Attending,Spotted Deer,Mammal
./video/animalkingdom_augmented/NZEATEZZ_aug1.mp4,Attending,Spotted Deer,Mammal
./video/animalkingdom_augmented/NZEATEZZ_aug2.mp4,Attending,Spotted Deer,Mammal
./video/animalkingdom_augmented/ODSCOKEW_aug0.mp4,Keeping still,Cheetah,Mammal
./video/animalkingdom_augmented/ODSCOKEW_aug1.mp4,Keeping still,Cheetah,Mammal
./video/animalkingdom_augmented/ODSCOKEW_aug2.mp4,Keeping still,Cheetah,Mammal
./video/animalkingdom_augmented/OEVJMKEW_aug0.mp4,Jumping,Rabbit,Mammal
./video/animalkingdom_augmented/OEVJMKEW_aug1.mp4,Jumping,Rabbit,Mammal
./video/animalkingdom_augmented/OEVJMKEW_aug2.mp4,Jumping,Rabbit,Mammal
./video/animalkingdom_augmented/OIOASICI_aug0.mp4,Keeping still,Cheetah,Mammal
./video/animalkingdom_augmented/OIOASICI_aug1.mp4,Keeping still,Cheetah,Mammal
./video/animalkingdom_augmented/OIOASICI_aug2.mp4,Keeping still,Cheetah,Mammal
./video/animalkingdom_augmented/OOVVNDSN_aug0.mp4,Running,Snow Leopard,Mammal
./video/animalkingdom_augmented/OOVVNDSN_aug1.mp4,Running,Snow Leopard,Mammal
./video/animalkingdom_augmented/OOVVNDSN_aug2.mp4,Running,Snow Leopard,Mammal
./video/animalkingdom_augmented/OQFUJDSN_aug0.mp4,Keeping still,Desert Fox,Mammal
./video/animalkingdom_augmented/OQFUJDSN_aug1.mp4,Keeping still,Desert Fox,Mammal
./video/animalkingdom_augmented/OQFUJDSN_aug2.mp4,Keeping still,Desert Fox,Mammal
./video/animalkingdom_augmented/OVZNZAMC_aug0.mp4,Walking,Lion,Mammal
./video/animalkingdom_augmented/OVZNZAMC_aug1.mp4,Walking,Lion,Mammal
./video/animalkingdom_augmented/OVZNZAMC_aug2.mp4,Walking,Lion,Mammal
./video/animalkingdom_augmented/PAAMUKEW_aug0.mp4,Running,Stoat,Mammal
./video/animalkingdom_augmented/PAAMUKEW_aug1.mp4,Running,Stoat,Mammal
./video/animalkingdom_augmented/PAAMUKEW_aug2.mp4,Running,Stoat,Mammal
./video/animalkingdom_augmented/PAQDBFKM_aug0.mp4,Attending,Meerkat,Mammal
./video/animalkingdom_augmented/PAQDBFKM_aug1.mp4,Attending,Meerkat,Mammal
./video/animalkingdom_augmented/PAQDBFKM_aug2.mp4,Attending,Meerkat,Mammal
./video/animalkingdom_augmented/PJVKHKEW_aug0.mp4,Attending,Giraffe,Mammal
./video/animalkingdom_augmented/PJVKHKEW_aug1.mp4,Attending,Giraffe,Mammal
./video/animalkingdom_augmented/PJVKHKEW_aug2.mp4,Attending,Giraffe,Mammal
./video/animalkingdom_augmented/PLRNOKEW_aug0.mp4,Jumping,Stoat,Mammal
./video/animalkingdom_augmented/PLRNOKEW_aug1.mp4,Jumping,Stoat,Mammal
./video/animalkingdom_augmented/PLRNOKEW_aug2.mp4,Jumping,Stoat,Mammal
./video/animalkingdom_augmented/PQFYUDSN_aug0.mp4,Walking,Markhor Goat,Mammal
./video/animalkingdom_augmented/PQFYUDSN_aug1.mp4,Walking,Markhor Goat,Mammal
./video/animalkingdom_augmented/PQFYUDSN_aug2.mp4,Walking,Markhor Goat,Mammal
./video/animalkingdom_augmented/PREPEKEW_aug0.mp4,Jumping,Pika,Mammal
./video/animalkingdom_augmented/PREPEKEW_aug1.mp4,Jumping,Pika,Mammal
./video/animalkingdom_augmented/PREPEKEW_aug2.mp4,Jumping,Pika,Mammal
./video/animalkingdom_augmented/PRGKPCNX_aug0.mp4,Walking,Wolf,Mammal
./video/animalkingdom_augmented/PRGKPCNX_aug1.mp4,Walking,Wolf,Mammal
./video/animalkingdom_augmented/PRGKPCNX_aug2.mp4,Walking,Wolf,Mammal
./video/animalkingdom_augmented/PVVFIPIK_aug0.mp4,Sensing,Polar Bear,Mammal
./video/animalkingdom_augmented/PVVFIPIK_aug1.mp4,Sensing,Polar Bear,Mammal
./video/animalkingdom_augmented/PVVFIPIK_aug2.mp4,Sensing,Polar Bear,Mammal
./video/animalkingdom_augmented/QBGNXAMC_aug0.mp4,Walking,Lion Young,Mammal
./video/animalkingdom_augmented/QBGNXAMC_aug1.mp4,Walking,Lion Young,Mammal
./video/animalkingdom_augmented/QBGNXAMC_aug2.mp4,Walking,Lion Young,Mammal
./video/animalkingdom_augmented/QBWWRNBD_aug0.mp4,Walking,Elephant,Mammal
./video/animalkingdom_augmented/QBWWRNBD_aug1.mp4,Walking,Elephant,Mammal
./video/animalkingdom_augmented/QBWWRNBD_aug2.mp4,Walking,Elephant,Mammal
./video/animalkingdom_augmented/QDADRDSN_aug0.mp4,Walking,Snow Leopard,Mammal
./video/animalkingdom_augmented/QDADRDSN_aug1.mp4,Walking,Snow Leopard,Mammal
./video/animalkingdom_augmented/QDADRDSN_aug2.mp4,Walking,Snow Leopard,Mammal
./video/animalkingdom_augmented/QFXEKDSN_aug0.mp4,Walking,Cheetah,Mammal
./video/animalkingdom_augmented/QFXEKDSN_aug1.mp4,Walking,Cheetah,Mammal
./video/animalkingdom_augmented/QFXEKDSN_aug2.mp4,Walking,Cheetah,Mammal
./video/animalkingdom_augmented/QHORLKEW_aug0.mp4,Walking,Giraffe,Mammal
./video/animalkingdom_augmented/QHORLKEW_aug1.mp4,Walking,Giraffe,Mammal
./video/animalkingdom_augmented/QHORLKEW_aug2.mp4,Walking,Giraffe,Mammal
./video/animalkingdom_augmented/QPHNRAMC_aug0.mp4,Walking,Lion Young,Mammal
./video/animalkingdom_augmented/QPHNRAMC_aug1.mp4,Walking,Lion Young,Mammal
./video/animalkingdom_augmented/QPHNRAMC_aug2.mp4,Walking,Lion Young,Mammal
./video/animalkingdom_augmented/QUBATNPL_aug0.mp4,Attending,Squirrel,Mammal
./video/animalkingdom_augmented/QUBATNPL_aug1.mp4,Attending,Squirrel,Mammal
./video/animalkingdom_augmented/QUBATNPL_aug2.mp4,Attending,Squirrel,Mammal
./video/animalkingdom_augmented/QWWGKGCS_aug0.mp4,Running,Elephant,Mammal
./video/animalkingdom_augmented/QWWGKGCS_aug1.mp4,Running,Elephant,Mammal
./video/animalkingdom_augmented/QWWGKGCS_aug2.mp4,Running,Elephant,Mammal
./video/animalkingdom_augmented/RAUURFGA_aug0.mp4,Running,Wild Dog,Mammal
./video/animalkingdom_augmented/RAUURFGA_aug1.mp4,Running,Wild Dog,Mammal
./video/animalkingdom_augmented/RAUURFGA_aug2.mp4,Running,Wild Dog,Mammal
./video/animalkingdom_augmented/RHTRXAMC_aug0.mp4,Walking,Lion Young,Mammal
./video/animalkingdom_augmented/RHTRXAMC_aug1.mp4,Walking,Lion Young,Mammal
./video/animalkingdom_augmented/RHTRXAMC_aug2.mp4,Walking,Lion Young,Mammal
./video/animalkingdom_augmented/RLZIZGCS_aug0.mp4,Walking,Elephant,Mammal
./video/animalkingdom_augmented/RLZIZGCS_aug1.mp4,Walking,Elephant,Mammal
./video/animalkingdom_augmented/RLZIZGCS_aug2.mp4,Walking,Elephant,Mammal
./video/animalkingdom_augmented/RNHWUNPO_aug0.mp4,Running,Hyena,Mammal
./video/animalkingdom_augmented/RNHWUNPO_aug1.mp4,Running,Hyena,Mammal
./video/animalkingdom_augmented/RNHWUNPO_aug2.mp4,Running,Hyena,Mammal
./video/animalkingdom_augmented/ROMNANPL_aug0.mp4,Sensing,Grey Langur,Mammal
./video/animalkingdom_augmented/ROMNANPL_aug1.mp4,Sensing,Grey Langur,Mammal
./video/animalkingdom_augmented/ROMNANPL_aug2.mp4,Sensing,Grey Langur,Mammal
./video/animalkingdom_augmented/RPURKXDO_aug0.mp4,Sensing,Lion,Mammal
./video/animalkingdom_augmented/RPURKXDO_aug1.mp4,Sensing,Lion,Mammal
./video/animalkingdom_augmented/RPURKXDO_aug2.mp4,Sensing,Lion,Mammal
./video/animalkingdom_augmented/RRKSZBQT_aug0.mp4,Eating,Otter,Mammal
./video/animalkingdom_augmented/RRKSZBQT_aug1.mp4,Eating,Otter,Mammal
./video/animalkingdom_augmented/RRKSZBQT_aug2.mp4,Eating,Otter,Mammal
./video/animalkingdom_augmented/RSPGWKEW_aug0.mp4,Jumping,Pika,Mammal
./video/animalkingdom_augmented/RSPGWKEW_aug1.mp4,Jumping,Pika,Mammal
./video/animalkingdom_augmented/RSPGWKEW_aug2.mp4,Jumping,Pika,Mammal
./video/animalkingdom_augmented/RUXMMNBD_aug0.mp4,Sensing,Stump-Tailed Macaque,Mammal
./video/animalkingdom_augmented/RUXMMNBD_aug1.mp4,Sensing,Stump-Tailed Macaque,Mammal
./video/animalkingdom_augmented/RUXMMNBD_aug2.mp4,Sensing,Stump-Tailed Macaque,Mammal
./video/animalkingdom_augmented/RYZABEBY_aug0.mp4,Eating,Fox,Mammal
./video/animalkingdom_augmented/RYZABEBY_aug1.mp4,Eating,Fox,Mammal
./video/animalkingdom_augmented/RYZABEBY_aug2.mp4,Eating,Fox,Mammal
./video/animalkingdom_augmented/RZBWVNBD_aug0.mp4,Walking,Malayan Porcupine,Mammal
./video/animalkingdom_augmented/RZBWVNBD_aug1.mp4,Walking,Malayan Porcupine,Mammal
./video/animalkingdom_augmented/RZBWVNBD_aug2.mp4,Walking,Malayan Porcupine,Mammal
./video/animalkingdom_augmented/RZOXUEUV_aug0.mp4,Keeping still,Giraffe,Mammal
./video/animalkingdom_augmented/RZOXUEUV_aug1.mp4,Keeping still,Giraffe,Mammal
./video/animalkingdom_augmented/RZOXUEUV_aug2.mp4,Keeping still,Giraffe,Mammal
./video/animalkingdom_augmented/SCVQGAMC_aug0.mp4,Keeping still,Lion,Mammal
./video/animalkingdom_augmented/SCVQGAMC_aug1.mp4,Keeping still,Lion,Mammal
./video/animalkingdom_augmented/SCVQGAMC_aug2.mp4,Keeping still,Lion,Mammal
./video/animalkingdom_augmented/SFYPQEZZ_aug0.mp4,Keeping still,Spotted Deer,Mammal
./video/animalkingdom_augmented/SFYPQEZZ_aug1.mp4,Keeping still,Spotted Deer,Mammal
./video/animalkingdom_augmented/SFYPQEZZ_aug2.mp4,Keeping still,Spotted Deer,Mammal
./video/animalkingdom_augmented/SGEXGZON_aug0.mp4,Eating,Deer,Mammal
./video/animalkingdom_augmented/SGEXGZON_aug1.mp4,Eating,Deer,Mammal
./video/animalkingdom_augmented/SGEXGZON_aug2.mp4,Eating,Deer,Mammal
./video/animalkingdom_augmented/SGYRTKEW_aug0.mp4,Walking,Antelope,Mammal
./video/animalkingdom_augmented/SGYRTKEW_aug1.mp4,Walking,Antelope,Mammal
./video/animalkingdom_augmented/SGYRTKEW_aug2.mp4,Walking,Antelope,Mammal
./video/animalkingdom_augmented/SHMFEGCS_aug0.mp4,Running,Elephant,Mammal
./video/animalkingdom_augmented/SHMFEGCS_aug1.mp4,Running,Elephant,Mammal
./video/animalkingdom_augmented/SHMFEGCS_aug2.mp4,Running,Elephant,Mammal
./video/animalkingdom_augmented/SKOYTKEW_aug0.mp4,Keeping still,Rabbit,Mammal
./video/animalkingdom_augmented/SKOYTKEW_aug1.mp4,Keeping still,Rabbit,Mammal
./video/animalkingdom_augmented/SKOYTKEW_aug2.mp4,Keeping still,Rabbit,Mammal
./video/animalkingdom_augmented/SLVSUGCS_aug0.mp4,Sensing,Leopard,Mammal
./video/animalkingdom_augmented/SLVSUGCS_aug1.mp4,Sensing,Leopard,Mammal
./video/animalkingdom_augmented/SLVSUGCS_aug2.mp4,Sensing,Leopard,Mammal
./video/animalkingdom_augmented/SWKEJXDO_aug0.mp4,Keeping still,Buffalo,Mammal
./video/animalkingdom_augmented/SWKEJXDO_aug1.mp4,Keeping still,Buffalo,Mammal
./video/animalkingdom_augmented/SWKEJXDO_aug2.mp4,Keeping still,Buffalo,Mammal
./video/animalkingdom_augmented/SYPTOFGA_aug0.mp4,Running,Wildebeest,Mammal
./video/animalkingdom_augmented/SYPTOFGA_aug1.mp4,Running,Wildebeest,Mammal
./video/animalkingdom_augmented/SYPTOFGA_aug2.mp4,Running,Wildebeest,Mammal
./video/animalkingdom_augmented/TABWSFGA_aug0.mp4,Running,Wolf,Mammal
./video/animalkingdom_augmented/TABWSFGA_aug1.mp4,Running,Wolf,Mammal
./video/animalkingdom_augmented/TABWSFGA_aug2.mp4,Running,Wolf,Mammal
./video/animalkingdom_augmented/TBABVDSN_aug0.mp4,Walking,Snow Leopard,Mammal
./video/animalkingdom_augmented/TBABVDSN_aug1.mp4,Walking,Snow Leopard,Mammal
./video/animalkingdom_augmented/TBABVDSN_aug2.mp4,Walking,Snow Leopard,Mammal
./video/animalkingdom_augmented/TCPFAICI_aug0.mp4,Keeping still,Cheetah,Mammal
./video/animalkingdom_augmented/TCPFAICI_aug1.mp4,Keeping still,Cheetah,Mammal
./video/animalkingdom_augmented/TCPFAICI_aug2.mp4,Keeping still,Cheetah,Mammal
./video/animalkingdom_augmented/TDGPBDSN_aug0.mp4,Running,Wolf,Mammal
./video/animalkingdom_augmented/TDGPBDSN_aug1.mp4,Running,Wolf,Mammal
./video/animalkingdom_augmented/TDGPBDSN_aug2.mp4,Running,Wolf,Mammal
./video/animalkingdom_augmented/TEJCGEBY_aug0.mp4,Jumping,Fox,Mammal
./video/animalkingdom_augmented/TEJCGEBY_aug1.mp4,Jumping,Fox,Mammal
./video/animalkingdom_augmented/TEJCGEBY_aug2.mp4,Jumping,Fox,Mammal
./video/animalkingdom_augmented/THKNNFGA_aug0.mp4,Walking,Wolf,Mammal
./video/animalkingdom_augmented/THKNNFGA_aug1.mp4,Walking,Wolf,Mammal
./video/animalkingdom_augmented/THKNNFGA_aug2.mp4,Walking,Wolf,Mammal
./video/animalkingdom_augmented/TKRRDXDO_aug0.mp4,Walking,Lion,Mammal
./video/animalkingdom_augmented/TKRRDXDO_aug1.mp4,Walking,Lion,Mammal
./video/animalkingdom_augmented/TKRRDXDO_aug2.mp4,Walking,Lion,Mammal
./video/animalkingdom_augmented/TNANEFGA_aug0.mp4,Walking,Wild Dog,Mammal
./video/animalkingdom_augmented/TNANEFGA_aug1.mp4,Walking,Wild Dog,Mammal
./video/animalkingdom_augmented/TNANEFGA_aug2.mp4,Walking,Wild Dog,Mammal
./video/animalkingdom_augmented/TUBJVCNX_aug0.mp4,Sensing,Wolf,Mammal
./video/animalkingdom_augmented/TUBJVCNX_aug1.mp4,Sensing,Wolf,Mammal
./video/animalkingdom_augmented/TUBJVCNX_aug2.mp4,Sensing,Wolf,Mammal
./video/animalkingdom_augmented/TXXOQFGA_aug0.mp4,Running,Wildebeest,Mammal
./video/animalkingdom_augmented/TXXOQFGA_aug1.mp4,Running,Wildebeest,Mammal
./video/animalkingdom_augmented/TXXOQFGA_aug2.mp4,Running,Wildebeest,Mammal
./video/animalkingdom_augmented/TZNNTFGA_aug0.mp4,Walking,Wildebeest,Mammal
./video/animalkingdom_augmented/TZNNTFGA_aug1.mp4,Walking,Wildebeest,Mammal
./video/animalkingdom_augmented/TZNNTFGA_aug2.mp4,Walking,Wildebeest,Mammal
./video/animalkingdom_augmented/UBOYQDSN_aug0.mp4,Jumping,Jaculus Jaculus,Mammal
./video/animalkingdom_augmented/UBOYQDSN_aug1.mp4,Jumping,Jaculus Jaculus,Mammal
./video/animalkingdom_augmented/UBOYQDSN_aug2.mp4,Jumping,Jaculus Jaculus,Mammal
./video/animalkingdom_augmented/UFSRBFGA_aug0.mp4,Running,Caribou,Mammal
./video/animalkingdom_augmented/UFSRBFGA_aug1.mp4,Running,Caribou,Mammal
./video/animalkingdom_augmented/UFSRBFGA_aug2.mp4,Running,Caribou,Mammal
./video/animalkingdom_augmented/UFUVMFKM_aug0.mp4,Running,Meerkat,Mammal
./video/animalkingdom_augmented/UFUVMFKM_aug1.mp4,Running,Meerkat,Mammal
./video/animalkingdom_augmented/UFUVMFKM_aug2.mp4,Running,Meerkat,Mammal
./video/animalkingdom_augmented/UJTTXAMC_aug0.mp4,Walking,Lion Young,Mammal
./video/animalkingdom_augmented/UJTTXAMC_aug1.mp4,Walking,Lion Young,Mammal
./video/animalkingdom_augmented/UJTTXAMC_aug2.mp4,Walking,Lion Young,Mammal
./video/animalkingdom_augmented/UKLUXAMC_aug0.mp4,Walking,Lion Young,Mammal
./video/animalkingdom_augmented/UKLUXAMC_aug1.mp4,Walking,Lion Young,Mammal
./video/animalkingdom_augmented/UKLUXAMC_aug2.mp4,Walking,Lion Young,Mammal
./video/animalkingdom_augmented/URQLVICI_aug0.mp4,Keeping still,Cheetah,Mammal
./video/animalkingdom_augmented/URQLVICI_aug1.mp4,Keeping still,Cheetah,Mammal
./video/animalkingdom_augmented/URQLVICI_aug2.mp4,Keeping still,Cheetah,Mammal
./video/animalkingdom_augmented/USRNZDSN_aug0.mp4,Walking,Desert Fox,Mammal
./video/animalkingdom_augmented/USRNZDSN_aug1.mp4,Walking,Desert Fox,Mammal
./video/animalkingdom_augmented/USRNZDSN_aug2.mp4,Walking,Desert Fox,Mammal
./video/animalkingdom_augmented/UVFRLCNX_aug0.mp4,Walking,Wolf,Mammal
./video/animalkingdom_augmented/UVFRLCNX_aug1.mp4,Walking,Wolf,Mammal
./video/animalkingdom_augmented/UVFRLCNX_aug2.mp4,Walking,Wolf,Mammal
./video/animalkingdom_augmented/UVJBWCNX_aug0.mp4,Walking,Wolf,Mammal
./video/animalkingdom_augmented/UVJBWCNX_aug1.mp4,Walking,Wolf,Mammal
./video/animalkingdom_augmented/UVJBWCNX_aug2.mp4,Walking,Wolf,Mammal
./video/animalkingdom_augmented/UVYRNEBY_aug0.mp4,Walking,Fox,Mammal
./video/animalkingdom_augmented/UVYRNEBY_aug1.mp4,Walking,Fox,Mammal
./video/animalkingdom_augmented/UVYRNEBY_aug2.mp4,Walking,Fox,Mammal
./video/animalkingdom_augmented/VDOTMAMC_aug0.mp4,Running,Lion Young,Mammal
./video/animalkingdom_augmented/VDOTMAMC_aug1.mp4,Running,Lion Young,Mammal
./video/animalkingdom_augmented/VDOTMAMC_aug2.mp4,Running,Lion Young,Mammal
./video/animalkingdom_augmented/VERIMAMC_aug0.mp4,Sensing,Lion,Mammal
./video/animalkingdom_augmented/VERIMAMC_aug1.mp4,Sensing,Lion,Mammal
./video/animalkingdom_augmented/VERIMAMC_aug2.mp4,Sensing,Lion,Mammal
./video/animalkingdom_augmented/VFWIFCNX_aug0.mp4,Eating,Wolf,Mammal
./video/animalkingdom_augmented/VFWIFCNX_aug1.mp4,Eating,Wolf,Mammal
./video/animalkingdom_augmented/VFWIFCNX_aug2.mp4,Eating,Wolf,Mammal
./video/animalkingdom_augmented/VHSFPCNX_aug0.mp4,Walking,Wolf,Mammal
./video/animalkingdom_augmented/VHSFPCNX_aug1.mp4,Walking,Wolf,Mammal
./video/animalkingdom_augmented/VHSFPCNX_aug2.mp4,Walking,Wolf,Mammal
./video/animalkingdom_augmented/VOQBHTEK_aug0.mp4,Jumping,Sri Lankan Leopard,Mammal
./video/animalkingdom_augmented/VOQBHTEK_aug1.mp4,Jumping,Sri Lankan Leopard,Mammal
./video/animalkingdom_augmented/VOQBHTEK_aug2.mp4,Jumping,Sri Lankan Leopard,Mammal
./video/animalkingdom_augmented/VORGYMYV_aug0.mp4,Sensing,Gorilla,Mammal
./video/animalkingdom_augmented/VORGYMYV_aug1.mp4,Sensing,Gorilla,Mammal
./video/animalkingdom_augmented/VORGYMYV_aug2.mp4,Sensing,Gorilla,Mammal
./video/animalkingdom_augmented/VPLOIDSN_aug0.mp4,Sensing,Snow Leopard,Mammal
./video/animalkingdom_augmented/VPLOIDSN_aug1.mp4,Sensing,Snow Leopard,Mammal
./video/animalkingdom_augmented/VPLOIDSN_aug2.mp4,Sensing,Snow Leopard,Mammal
./video/animalkingdom_augmented/VRMNJFGA_aug0.mp4,Running,Wildebeest,Mammal
./video/animalkingdom_augmented/VRMNJFGA_aug1.mp4,Running,Wildebeest,Mammal
./video/animalkingdom_augmented/VRMNJFGA_aug2.mp4,Running,Wildebeest,Mammal
./video/animalkingdom_augmented/WFESGFGA_aug0.mp4,Running,Caribou,Mammal
./video/animalkingdom_augmented/WFESGFGA_aug1.mp4,Running,Caribou,Mammal
./video/animalkingdom_augmented/WFESGFGA_aug2.mp4,Running,Caribou,Mammal
./video/animalkingdom_augmented/WGAVYDSN_aug0.mp4,Jumping,Jaculus Jaculus,Mammal
./video/animalkingdom_augmented/WGAVYDSN_aug1.mp4,Jumping,Jaculus Jaculus,Mammal
./video/animalkingdom_augmented/WGAVYDSN_aug2.mp4,Jumping,Jaculus Jaculus,Mammal
./video/animalkingdom_augmented/WGCEPFGA_aug0.mp4,Running,Wildebeest,Mammal
./video/animalkingdom_augmented/WGCEPFGA_aug1.mp4,Running,Wildebeest,Mammal
./video/animalkingdom_augmented/WGCEPFGA_aug2.mp4,Running,Wildebeest,Mammal
./video/animalkingdom_augmented/WKPGVEBY_aug0.mp4,Keeping still,Fox,Mammal
./video/animalkingdom_augmented/WKPGVEBY_aug1.mp4,Keeping still,Fox,Mammal
./video/animalkingdom_augmented/WKPGVEBY_aug2.mp4,Keeping still,Fox,Mammal
./video/animalkingdom_augmented/WMOQCKEW_aug0.mp4,Eating,Rabbit,Mammal
./video/animalkingdom_augmented/WMOQCKEW_aug1.mp4,Eating,Rabbit,Mammal
./video/animalkingdom_augmented/WMOQCKEW_aug2.mp4,Eating,Rabbit,Mammal
./video/animalkingdom_augmented/WNJGZFFP_aug0.mp4,Jumping,Squirrel,Mammal
./video/animalkingdom_augmented/WNJGZFFP_aug1.mp4,Jumping,Squirrel,Mammal
./video/animalkingdom_augmented/WNJGZFFP_aug2.mp4,Jumping,Squirrel,Mammal
./video/animalkingdom_augmented/WXAHYDSN_aug0.mp4,Jumping,Jaculus Jaculus,Mammal
./video/animalkingdom_augmented/WXAHYDSN_aug1.mp4,Jumping,Jaculus Jaculus,Mammal
./video/animalkingdom_augmented/WXAHYDSN_aug2.mp4,Jumping,Jaculus Jaculus,Mammal
./video/animalkingdom_augmented/WXJUJDPO_aug0.mp4,Sensing,Leopard,Mammal
./video/animalkingdom_augmented/WXJUJDPO_aug1.mp4,Sensing,Leopard,Mammal
./video/animalkingdom_augmented/WXJUJDPO_aug2.mp4,Sensing,Leopard,Mammal
./video/animalkingdom_augmented/WYIPVICI_aug0.mp4,Keeping still,Cheetah,Mammal
./video/animalkingdom_augmented/WYIPVICI_aug1.mp4,Keeping still,Cheetah,Mammal
./video/animalkingdom_augmented/WYIPVICI_aug2.mp4,Keeping still,Cheetah,Mammal
./video/animalkingdom_augmented/WZKHHCNX_aug0.mp4,Walking,Wolf,Mammal
./video/animalkingdom_augmented/WZKHHCNX_aug1.mp4,Walking,Wolf,Mammal
./video/animalkingdom_augmented/WZKHHCNX_aug2.mp4,Walking,Wolf,Mammal
./video/animalkingdom_augmented/WZWGWNPL_aug0.mp4,Running,Squirrel,Mammal
./video/animalkingdom_augmented/WZWGWNPL_aug1.mp4,Running,Squirrel,Mammal
./video/animalkingdom_augmented/WZWGWNPL_aug2.mp4,Running,Squirrel,Mammal
./video/animalkingdom_augmented/XFRBAGCS_aug0.mp4,Walking,Giraffe,Mammal
./video/animalkingdom_augmented/XFRBAGCS_aug1.mp4,Walking,Giraffe,Mammal
./video/animalkingdom_augmented/XFRBAGCS_aug2.mp4,Walking,Giraffe,Mammal
./video/animalkingdom_augmented/XMMYSGCS_aug0.mp4,Keeping still,Lion,Mammal
./video/animalkingdom_augmented/XMMYSGCS_aug1.mp4,Keeping still,Lion,Mammal
./video/animalkingdom_augmented/XMMYSGCS_aug2.mp4,Keeping still,Lion,Mammal
./video/animalkingdom_augmented/XNJIRDSN_aug0.mp4,Walking,Markhor Goat,Mammal
./video/animalkingdom_augmented/XNJIRDSN_aug1.mp4,Walking,Markhor Goat,Mammal
./video/animalkingdom_augmented/XNJIRDSN_aug2.mp4,Walking,Markhor Goat,Mammal
./video/animalkingdom_augmented/XROLUCEI_aug0.mp4,Running,Chimpanzee,Mammal
./video/animalkingdom_augmented/XROLUCEI_aug1.mp4,Running,Chimpanzee,Mammal
./video/animalkingdom_augmented/XROLUCEI_aug2.mp4,Running,Chimpanzee,Mammal
./video/animalkingdom_augmented/XTRXIDSN_aug0.mp4,Running,Desert Fox,Mammal
./video/animalkingdom_augmented/XTRXIDSN_aug1.mp4,Running,Desert Fox,Mammal
./video/animalkingdom_augmented/XTRXIDSN_aug2.mp4,Running,Desert Fox,Mammal
./video/animalkingdom_augmented/XWBFDXGD_aug0.mp4,Running,Horse,Mammal
./video/animalkingdom_augmented/XWBFDXGD_aug1.mp4,Running,Horse,Mammal
./video/animalkingdom_augmented/XWBFDXGD_aug2.mp4,Running,Horse,Mammal
./video/animalkingdom_augmented/XWKCRXDO_aug0.mp4,Walking,Lion,Mammal
./video/animalkingdom_augmented/XWKCRXDO_aug1.mp4,Walking,Lion,Mammal
./video/animalkingdom_augmented/XWKCRXDO_aug2.mp4,Walking,Lion,Mammal
./video/animalkingdom_augmented/XXOXBEZZ_aug0.mp4,Keeping still,Sambar Deer,Mammal
./video/animalkingdom_augmented/XXOXBEZZ_aug1.mp4,Keeping still,Sambar Deer,Mammal
./video/animalkingdom_augmented/XXOXBEZZ_aug2.mp4,Keeping still,Sambar Deer,Mammal
./video/animalkingdom_augmented/XXQDLEBY_aug0.mp4,Keeping still,Fox,Mammal
./video/animalkingdom_augmented/XXQDLEBY_aug1.mp4,Keeping still,Fox,Mammal
./video/animalkingdom_augmented/XXQDLEBY_aug2.mp4,Keeping still,Fox,Mammal
./video/animalkingdom_augmented/YBWKDAMC_aug0.mp4,Walking,Lion Young,Mammal
./video/animalkingdom_augmented/YBWKDAMC_aug1.mp4,Walking,Lion Young,Mammal
./video/animalkingdom_augmented/YBWKDAMC_aug2.mp4,Walking,Lion Young,Mammal
./video/animalkingdom_augmented/YGMKLAMC_aug0.mp4,Walking,Lion Young,Mammal
./video/animalkingdom_augmented/YGMKLAMC_aug1.mp4,Walking,Lion Young,Mammal
./video/animalkingdom_augmented/YGMKLAMC_aug2.mp4,Walking,Lion Young,Mammal
./video/animalkingdom_augmented/YGYGTKEW_aug0.mp4,Attending,Pika,Mammal
./video/animalkingdom_augmented/YGYGTKEW_aug1.mp4,Attending,Pika,Mammal
./video/animalkingdom_augmented/YGYGTKEW_aug2.mp4,Attending,Pika,Mammal
./video/animalkingdom_augmented/YOBUDFYY_aug0.mp4,Attending,Otter,Mammal
./video/animalkingdom_augmented/YOBUDFYY_aug1.mp4,Attending,Otter,Mammal
./video/animalkingdom_augmented/YOBUDFYY_aug2.mp4,Attending,Otter,Mammal
./video/animalkingdom_augmented/YOBYCNPO_aug0.mp4,Attending,Lion,Mammal
./video/animalkingdom_augmented/YOBYCNPO_aug1.mp4,Attending,Lion,Mammal
./video/animalkingdom_augmented/YOBYCNPO_aug2.mp4,Attending,Lion,Mammal
./video/animalkingdom_augmented/YVYZGIMN_aug0.mp4,Sensing,Mitred Leaf Monkey,Mammal
./video/animalkingdom_augmented/YVYZGIMN_aug1.mp4,Sensing,Mitred Leaf Monkey,Mammal
./video/animalkingdom_augmented/YVYZGIMN_aug2.mp4,Sensing,Mitred Leaf Monkey,Mammal
./video/animalkingdom_augmented/ZADFCEZZ_aug0.mp4,Walking,Leopard,Mammal
./video/animalkingdom_augmented/ZADFCEZZ_aug1.mp4,Walking,Leopard,Mammal
./video/animalkingdom_augmented/ZADFCEZZ_aug2.mp4,Walking,Leopard,Mammal
./video/animalkingdom_augmented/ZDJZICNX_aug0.mp4,Walking,Wolf,Mammal
./video/animalkingdom_augmented/ZDJZICNX_aug1.mp4,Walking,Wolf,Mammal
./video/animalkingdom_augmented/ZDJZICNX_aug2.mp4,Walking,Wolf,Mammal
./video/animalkingdom_augmented/ZDLCHFKM_aug0.mp4,Keeping still,Meerkat,Mammal
./video/animalkingdom_augmented/ZDLCHFKM_aug1.mp4,Keeping still,Meerkat,Mammal
./video/animalkingdom_augmented/ZDLCHFKM_aug2.mp4,Keeping still,Meerkat,Mammal
./video/animalkingdom_augmented/ZGPRSEBY_aug0.mp4,Jumping,Fox,Mammal
./video/animalkingdom_augmented/ZGPRSEBY_aug1.mp4,Jumping,Fox,Mammal
./video/animalkingdom_augmented/ZGPRSEBY_aug2.mp4,Jumping,Fox,Mammal
./video/animalkingdom_augmented/ZNIZUXDO_aug0.mp4,Walking,Hippopotamus,Mammal
./video/animalkingdom_augmented/ZNIZUXDO_aug1.mp4,Walking,Hippopotamus,Mammal
./video/animalkingdom_augmented/ZNIZUXDO_aug2.mp4,Walking,Hippopotamus,Mammal
./video/animalkingdom_augmented/ZPPZGJDE_aug0.mp4,Walking,Chimpanzee,Mammal
./video/animalkingdom_augmented/ZPPZGJDE_aug1.mp4,Walking,Chimpanzee,Mammal
./video/animalkingdom_augmented/ZPPZGJDE_aug2.mp4,Walking,Chimpanzee,Mammal
./video/animalkingdom_augmented/ZSGUXGCS_aug0.mp4,Walking,Elephant,Mammal
./video/animalkingdom_augmented/ZSGUXGCS_aug1.mp4,Walking,Elephant,Mammal
./video/animalkingdom_augmented/ZSGUXGCS_aug2.mp4,Walking,Elephant,Mammal
